,index,日付,開催,天気,R,レース名,映像,頭数,枠番,馬番,オッズ,人気,着順,騎手,斤量,距離,馬場,馬場指数,タイム,着差,ﾀｲﾑ指数,通過,ペース,上り,馬体重,厩舎ｺﾒﾝﾄ,備考,勝ち馬(2着馬),賞金,本番着順,予想タイム差,着差平均_condision,勝率_condision,上り差平均,着差平均_speed,勝率_speed,種牡馬成績,母父成績,相手勝率,相手着差
0,0,2023/03/26,2阪神2,雨,8,4歳以上1勝クラス,,12,6,7,2.4,1,1,水口優也,58,ダ1800,不,**,1:52.8,-0.2,**,3-4-4-4,37.8-37.1,36.8,520(+2),,,(キングリスティア),800.0,1,0.2284810126582264,0.68125,0.7441860465116279,0.5227808695652193,0.6950000000000001,0.7652173913043478,,,0.5789473684210527,0.39999999999999997
1,1,2023/03/26,2阪神2,雨,8,4歳以上1勝クラス,,12,6,8,18.7,8.0,2,菱田裕二,58,ダ1800,不,**,1:53.0,0.2,**,5-5-2-2,37.8-37.1,37.2,512(0),,,ワンダフルトゥデイ,320.0,2,-0.564583333333335,1.3266666666666669,0.5189873417721519,0.9346272463768112,1.453846153846154,0.5,,,0.6535433070866141,0.6000000000000001
2,2,2023/03/26,2阪神2,雨,8,4歳以上1勝クラス,,12,7,10,4.6,2,3,高倉稜,58,ダ1800,不,**,1:53.1,0.3,**,2-2-2-1,37.8-37.1,37.4,512(-4),,,ワンダフルトゥデイ,200.0,3,2.3333333333333286,1.94,0.5603448275862069,-0.8845599999999976,1.3375,0.6701030927835051,,,0.5789473684210527,0.39999999999999997
3,3,2023/03/26,2阪神2,雨,8,4歳以上1勝クラス,,12,5,5,14.6,5.0,4.0,藤岡康太,58,ダ1800,不,**,1:53.7,0.9,**,1-1-1-3,37.8-37.1,38.0,444(-8),,,ワンダフルトゥデイ,120.0,4.0,2.8499999999999943,1.0357142857142858,0.6590909090909091,-0.4067999999999981,0.635,0.7372881355932204,,,0.49038461538461536,1.4454545454545455
4,4,2023/03/26,2阪神2,雨,8,4歳以上1勝クラス,,12,4,4,9.8,4,5,富田暁,58,ダ1800,不,**,1:53.8,1.0,**,3-3-4-4,37.8-37.1,37.9,516(+2),,,ワンダフルトゥデイ,80.0,5,1.0166666666666515,1.2833333333333332,0.7611940298507462,-0.17753333333333168,0.7399999999999999,0.7586206896551724,,,0.40594059405940597,0.8888888888888888
5,5,2023/03/26,2阪神2,雨,8,4歳以上1勝クラス,,12,5,6,4.9,3,6,Ｍ．デム,58,ダ1800,不,**,1:53.8,1.0,**,7-7-6-6,37.8-37.1,37.5,466(-10),,,ワンダフルトゥデイ,,6,0.1739130434782563,0.5590909090909091,0.8014184397163121,0.2204727272727289,0.5958333333333333,0.7947019867549668,,,0.4015151515151515,1.9555555555555557
6,6,2023/03/26,2阪神2,雨,8,4歳以上1勝クラス,,12,8,12,14.6,6,7,今村聖奈,55,ダ1800,不,**,1:54.0,1.2,**,10-10-8-7,37.8-37.1,37.5,432(0),,,ワンダフルトゥデイ,,7,-0.17777777777778114,1.0333333333333334,0.75,-0.1115999999999957,0.9576923076923076,0.7329192546583851,,,0.4406779661016949,1.4166666666666667
7,7,2023/03/26,2阪神2,雨,8,4歳以上1勝クラス,,12,2,2,211.7,12,8,河原田菜,52,ダ1800,不,**,1:54.0,1.2,**,5-5-6-7,37.8-37.1,37.7,436(+4),,,ワンダフルトゥデイ,,8,-0.1753012048192777,1.303125,0.5953757225433526,-0.3268285714285715,0.9978260869565219,0.5925925925925926,,,0.36363636363636365,1.05
8,8,2023/03/26,2阪神2,雨,8,4歳以上1勝クラス,,12,8,11,19.1,9,9,小沢大仁,57,ダ1800,不,**,1:54.1,1.3,**,10-10-8-9,37.8-37.1,37.6,532(+12),,,ワンダフルトゥデイ,,9,-0.17777777777778142,0.9450000000000001,0.6065573770491803,0.43072000000000016,0.9863636363636363,0.5912408759124088,,,0.319672131147541,1.8555555555555554
9,9,2023/03/26,2阪神2,雨,8,4歳以上1勝クラス,,12,1,1,93.3,10,10,角田大河,56,ダ1800,不,**,1:54.1,1.3,**,9-8-11-12,37.8-37.1,37.3,506(+4),,,ワンダフルトゥデイ,,10,0.053781512605038606,1.2187500000000002,0.6341463414634146,-0.13054999999999906,1.13125,0.6442307692307693,,,0.4473684210526316,1.45
10,10,2023/03/26,2阪神2,雨,8,4歳以上1勝クラス,,12,3,3,108.1,11,11,酒井学,58,ダ1800,不,**,1:54.3,1.5,**,8-8-8-10,37.8-37.1,37.7,468(-4),,,ワンダフルトゥデイ,,11,1.7366197183098584,1.7452380952380953,0.4944237918215613,-0.045054545454544126,1.8239130434782607,0.47635135135135137,,,0.4473684210526316,1.45
11,11,2023/03/26,2阪神2,雨,8,4歳以上1勝クラス,,12,7,9,18.7,7,12,藤懸貴志,58,ダ1800,不,**,1:54.7,1.9,**,12-12-11-10,37.8-37.1,37.9,486(-2),,,ワンダフルトゥデイ,,12,2.705769230769228,1.3416666666666666,0.6733333333333333,0.12815217391304343,1.35,0.6589595375722543,,,0.38095238095238093,1.6
12,12,2023/03/25,2阪神1,曇,8,4歳以上1勝クラス,,9,4,4,2.8,1,1,岩田望来,58,ダ1800,重,**,1:54.0,-0.5,**,5-8-9-9,38.3-38.3,37.4,498(+2),,,(スピリトーゾ),800.0,1,2.6247058823529406,3.075,0.33695652173913043,-1.3230666666666662,1.48,0.45,,,0.5915492957746479,1.0714285714285714
13,13,2023/03/25,2阪神1,曇,8,4歳以上1勝クラス,,9,1,1,12.1,5,2,吉村智洋,58,ダ1800,重,**,1:54.5,0.5,**,4-4-3-2,38.3-38.3,38.6,472(-2),,,シュガーコルト,320.0,2,1.4882352941176453,2.025,0.4714285714285714,-1.2830666666666655,1.5166666666666668,0.6052631578947368,,,0.5,1.2249999999999999
14,14,2023/03/25,2阪神1,曇,8,4歳以上1勝クラス,,9,7,8,22.1,8,3,和田竜二,58,ダ1800,重,**,1:54.5,0.5,**,5-6-6-5,38.3-38.3,38.3,500(-3),,,シュガーコルト,200.0,3,4.169230769230769,2.1399999999999997,0.4576271186440678,-1.008399999999997,1.86,0.49206349206349204,,,0.47058823529411764,1.3
15,15,2023/03/25,2阪神1,曇,8,4歳以上1勝クラス,,9,2,2,27.4,9,5,岩田康誠,58,ダ1800,重,**,1:54.8,0.8,**,8-2-2-2,38.3-38.3,39.0,500(0),,,シュガーコルト,80.0,5,1.6768844221105539,1.58,0.5522388059701493,-0.0688500000000003,1.5777777777777777,0.49606299212598426,,,0.47904191616766467,0.9615384615384616
16,16,2023/03/25,2阪神1,曇,8,4歳以上1勝クラス,,9,8,10,16.6,7,6,石川裕紀,58,ダ1800,重,**,1:54.9,0.9,**,1-1-1-1,38.3-38.3,39.2,514(-8),,,シュガーコルト,,6,2.4499999999999815,1.775,0.36538461538461536,-0.667066666666661,1.25,0.5454545454545454,,,0.3026315789473684,1.5857142857142856
17,17,2023/03/25,2阪神1,曇,8,4歳以上1勝クラス,,9,6,6,11.1,4.0,7,黒岩悠,58,ダ1800,重,**,1:55.0,1.0,**,9-9-6-7,38.3-38.3,38.6,486(-4),,,シュガーコルト,,7,0.1692000000000009,1.3285714285714287,0.6419753086419753,0.6449000000000021,1.3238095238095238,0.5306859205776173,,,0.5789473684210527,0.39999999999999997
18,18,2023/03/25,2阪神1,曇,8,4歳以上1勝クラス,,9,7,7,16.1,6,8,藤岡康太,56,ダ1800,重,**,1:55.0,1.0,**,2-2-3-2,38.3-38.3,39.1,442(+2),,,シュガーコルト,,8,0.6928571428571416,1.1833333333333331,0.5568181818181818,0.1317066666666676,1.313888888888889,0.5175879396984925,,70.8,0.47368421052631576,0.8
19,19,2023/03/25,2阪神1,曇,8,4歳以上1勝クラス,,9,3,3,5.6,3,9,田口貫太,55,ダ1800,重,**,1:55.2,1.2,**,5-6-6-7,38.3-38.3,38.9,450(-4),,,シュガーコルト,,9,-0.40000000000000013,1.0125000000000002,0.7115384615384616,0.0409000000000006,1.6700000000000004,0.6031746031746031,,,0.524390243902439,1.3468749999999998
20,20,2023/03/18,1阪神11,曇,6,3歳1勝クラス,,15,6,10,23.4,6,1,藤岡佑介,56,ダ1800,不,**,1:52.4,0.0,**,3-3-3-2,37.5-37.0,36.7,492(+6),,,(バリアントバイオ),780.0,1,4.0500000000000185,1.9333333333333333,0.6052631578947368,-0.4311999999999969,0.35,0.8333333333333334,,,0.6629213483146067,1.0857142857142856
21,21,2023/03/18,1阪神11,曇,6,3歳1勝クラス,,15,5,8,7.2,4,2,松山弘平,56,ダ1800,不,**,1:52.4,0.0,**,2-2-2-1,37.5-37.0,36.9,506(-6),,,キリンジ,310.0,2,1.350000000000012,0.2833333333333333,0.4827586206896552,0.6991999999999999,0.2833333333333333,0.4827586206896552,,,0.6571428571428571,1.1
22,22,2023/03/18,1阪神11,曇,6,3歳1勝クラス,,15,7,13,4.2,2,3,藤岡康太,56,ダ1800,不,**,1:53.7,1.3,**,7-8-4-4,37.5-37.0,37.8,496(+2),,,キリンジ,200.0,3,0.6000000000000014,0.48750000000000004,0.8863636363636364,0.26910000000000167,0.48750000000000004,0.8863636363636364,,,0.7058823529411765,1.1
23,23,2023/03/18,1阪神11,曇,6,3歳1勝クラス,,15,6,11,28.4,8,4,酒井学,56,ダ1800,不,**,1:53.8,1.4,**,4-3-4-4,37.5-37.0,37.9,504(-2),,,キリンジ,120.0,4,0.2999999999999999,-0.2,1.0,-0.9143999999999934,-0.1,0.967741935483871,,,0.49230769230769234,2.511111111111111
24,24,2023/03/18,1阪神11,曇,6,3歳1勝クラス,,15,2,2,79.3,13,5,藤懸貴志,56,ダ1800,不,**,1:53.9,1.5,**,15-14-15-12,37.5-37.0,36.7,488(-4),,,キリンジ,78.0,5,0.3749999999999929,1.325,0.6153846153846154,0.15919999999999845,1.325,0.6153846153846154,,,0.5121951219512195,1.7333333333333332
25,25,2023/03/18,1阪神11,曇,6,3歳1勝クラス,,15,5,9,14.3,5,6,川須栄彦,54,ダ1800,不,**,1:54.0,1.6,**,4-6-7-6,37.5-37.0,38.0,492(0),,,キリンジ,,6,0.3000000000000028,0.27499999999999997,0.9310344827586207,-0.09339999999999549,0.27499999999999997,0.9310344827586207,,,0.5121951219512195,1.7333333333333332
26,26,2023/03/18,1阪神11,曇,6,3歳1勝クラス,,15,1,1,33.6,9,7,吉田隼人,56,ダ1800,不,**,1:54.0,1.6,**,10-9-10-9,37.5-37.0,37.6,474(0),,,キリンジ,,7,1.8666666666666667,0.5833333333333334,0.7428571428571429,0.32653333333333023,0.5833333333333334,0.7428571428571429,,,0.4927536231884058,1.3
27,27,2023/03/18,1阪神11,曇,6,3歳1勝クラス,,15,4,7,33.8,10,8,河原田菜,52,ダ1800,不,**,1:54.0,1.6,**,4-3-4-6,37.5-37.0,38.1,438(-4),,,キリンジ,,8,0.3999999999999886,0.3666666666666667,0.8181818181818182,-0.2734666666666641,0.3666666666666667,0.8181818181818182,,,0.5121951219512195,1.7333333333333332
28,28,2023/03/18,1阪神11,曇,6,3歳1勝クラス,,15,7,12,47.7,12,10,和田竜二,56,ダ1800,不,**,1:54.2,1.8,**,7-6-8-6,37.5-37.0,38.1,472(-2),,,キリンジ,,10,1.0,0.65,0.5806451612903226,-0.10200000000000387,0.8125,0.5833333333333334,,,0.4444444444444444,1.4500000000000002
29,29,2023/03/18,1阪神11,曇,6,3歳1勝クラス,,15,8,14,3.0,1,11,団野大成,56,ダ1800,不,**,1:54.3,1.9,**,9-9-8-9,37.5-37.0,38.0,492(-6),,,キリンジ,,11,1.6600000000000055,1.1583333333333332,0.7014925373134329,0.24660000000000082,0.47000000000000003,0.8113207547169812,,,0.5909090909090909,1.2285714285714289
30,30,2023/03/18,1阪神11,曇,6,3歳1勝クラス,,15,3,4,34.2,11,12,小沢大仁,53,ダ1800,不,**,1:54.3,1.9,**,13-14-12-11,37.5-37.0,37.5,476(-2),,,キリンジ,,12,1.650000000000003,0.9125000000000001,0.75,-0.448914285714285,0.6214285714285713,0.8311688311688312,,,0.3787878787878788,1.5416666666666667
31,31,2023/03/18,1阪神11,曇,6,3歳1勝クラス,,15,3,5,27.9,7,13,浜中俊,54,ダ1800,不,**,1:55.9,3.5,**,1-1-1-2,37.5-37.0,40.5,450(0),,,キリンジ,,13,1.5499999999999994,0.7666666666666666,0.8333333333333334,-0.14466666666666583,0.7666666666666666,0.8333333333333334,,,0.39361702127659576,2.0125
32,32,2023/03/18,1阪神11,曇,6,3歳1勝クラス,,15,2,3,176.7,15,14,池添謙一,54,ダ1800,不,**,1:56.2,3.8,**,12-11-12-15,37.5-37.0,39.3,450(+2),,,キリンジ,,14,-1.1102230246251565e-16,0.9,0.6923076923076923,-0.012599999999995504,0.9666666666666668,0.5945945945945946,,,0.272,2.372727272727273
33,33,2023/03/18,1阪神11,曇,6,3歳1勝クラス,,15,4,6,4.3,3,15,今村聖奈,53,ダ1800,不,**,1:56.8,4.4,**,13-11-11-12,37.5-37.0,40.1,478(0),,,キリンジ,,15,-0.925,0.5875000000000001,0.7021276595744681,0.3855000000000022,0.5875000000000001,0.7021276595744681,,,0.4927536231884058,1.3
34,34,2023/03/12,1阪神10,晴,6,4歳以上1勝クラス,,9,6,6,3.3,2,1,角田大河,54,ダ1800,良,**,1:56.1,-0.4,**,7-7-6-5,37.5-40.3,38.7,488(-2),,,(シュピカ),800.0,1,0.005363984674329081,1.096153846153846,0.5476190476190477,0.39855451505016776,1.096153846153846,0.5476190476190477,,,0.8032786885245902,0.4666666666666666
35,35,2023/03/12,1阪神10,晴,6,4歳以上1勝クラス,,9,1,1,12.9,7,2,竹之下智,56,ダ1800,良,**,1:56.5,0.4,**,5-5-5-4,37.5-40.3,40.0,472(-4),,,サウザンドスマイル,320.0,2,0.6999999999999993,1.4,0.47619047619047616,-0.1725999999999992,1.305,0.5585585585585585,,,0.36792452830188677,1.3181818181818181
36,36,2023/03/12,1阪神10,晴,6,4歳以上1勝クラス,,9,2,2,3.1,1,3,今村聖奈,53,ダ1800,良,**,1:56.6,0.5,**,7-8-6-5,37.5-40.3,39.2,520(-4),,,サウザンドスマイル,200.0,3,-0.5421404682274249,1.0,0.5483870967741935,0.671907692307694,0.7615384615384614,0.632768361581921,,,0.6141732283464567,0.7300000000000001
37,37,2023/03/12,1阪神10,晴,6,4歳以上1勝クラス,,9,3,3,4.5,3,4,川須栄彦,56,ダ1800,良,**,1:57.0,0.9,**,2-2-3-3,37.5-40.3,40.9,506(-8),,,サウザンドスマイル,120.0,4,1.6555555555555497,1.7291666666666667,0.4666666666666667,-1.099233333333333,1.585,0.4793388429752066,,,0.8032786885245902,0.4666666666666666
38,38,2023/03/12,1阪神10,晴,6,4歳以上1勝クラス,,9,8,9,19.8,8,5,岡田祥嗣,56,ダ1800,良,**,1:57.7,1.6,**,9-9-9-9,37.5-40.3,38.2,446(+4),,,サウザンドスマイル,80.0,5,-0.04883720930232727,1.6666666666666667,0.5333333333333333,0.6902000000000026,1.5,0.5056179775280899,,70.8,0.6153846153846154,0.8200000000000001
39,39,2023/03/12,1阪神10,晴,6,4歳以上1勝クラス,,9,8,8,10.8,5,6,岩田康誠,56,ダ1800,良,**,1:58.8,2.7,**,4-3-2-2,37.5-40.3,42.9,446(-20),,,サウザンドスマイル,,6,1.3999999999999995,0.9500000000000001,0.631578947368421,0.5111999999999952,0.7166666666666667,0.75,,,0.453125,1.6187500000000001
40,40,2023/03/12,1阪神10,晴,6,4歳以上1勝クラス,,9,4,4,9.4,4,7,古川奈穂,52,ダ1800,良,**,1:58.8,2.7,**,1-1-1-1,37.5-40.3,43.0,478(-4),,,サウザンドスマイル,,7,1.188235294117647,1.25,0.47619047619047616,-0.11800000000000033,1.6600000000000001,0.3684210526315789,,,0.4625,0.9166666666666669
41,41,2023/03/12,1阪神10,晴,6,4歳以上1勝クラス,,9,7,7,129.7,9,8,河原田菜,52,ダ1800,良,**,2:00.3,4.2,**,6-6-8-8,37.5-40.3,42.3,452(0),,,サウザンドスマイル,,8,1.9000000000000006,2.4,0.0,-1.5915999999999997,2.46,0.16071428571428573,,,0.49019607843137253,1.48
42,42,2023/03/12,1阪神10,晴,6,4歳以上1勝クラス,,9,5,5,12.6,6,9,木幡初也,56,ダ1800,良,**,2:01.3,5.2,**,3-3-4-5,37.5-40.3,45.0,476(-4),,,サウザンドスマイル,,9,0.8499999999999993,1.7000000000000002,0.673469387755102,-0.6022399999999977,1.4000000000000001,0.5319148936170213,,,0.3769230769230769,1.8363636363636362
43,43,2023/03/12,1阪神10,晴,8,4歳以上1勝クラス,,11,8,11,19.3,7,1,藤岡康太,58,ダ1800,良,**,1:55.3,-0.1,**,3-3-3-3,38.0-38.5,38.2,492(-10),,,(ニューダイアリーズ),800.0,1,1.5000000000000036,1.2727272727272727,0.75,-0.5480173913043455,0.9321428571428572,0.7953216374269005,,,0.7102803738317757,0.525
44,44,2023/03/12,1阪神10,晴,8,4歳以上1勝クラス,,11,7,9,3.8,2,2,岩田康誠,58,ダ1800,良,**,1:55.4,0.1,**,5-5-4-4,38.0-38.5,38.2,476(-6),,,ミステリーボックス,320.0,2,0.8750000000000018,0.9071428571428571,0.7878787878787878,0.27882608695652067,0.8812499999999999,0.8024691358024691,,,0.3523809523809524,1.5222222222222221
45,45,2023/03/12,1阪神10,晴,8,4歳以上1勝クラス,,11,4,4,14.0,6,3,鮫島克駿,58,ダ1800,良,**,1:55.9,0.6,**,6-5-6-5,38.0-38.5,38.6,480(+6),,,ミステリーボックス,200.0,3,0.9999999999999998,0.7100000000000001,0.7115384615384616,0.49319999999999736,0.8416666666666668,0.5942028985507246,,,0.6847826086956522,0.7999999999999999
46,46,2023/03/12,1阪神10,晴,8,4歳以上1勝クラス,,11,7,8,9.1,4,4,斎藤新,58,ダ1800,良,**,1:56.0,0.7,**,2-2-2-2,38.0-38.5,39.1,516(+2),,,ミステリーボックス,120.0,4,2.5,2.077777777777778,0.5471698113207547,-0.9487555555555526,1.4285714285714286,0.6666666666666666,,,0.5112359550561798,1.642857142857143
47,47,2023/03/12,1阪神10,晴,8,4歳以上1勝クラス,,11,5,5,12.4,5,5,荻野極,58,ダ1800,良,**,1:56.1,0.8,**,4-3-4-5,38.0-38.5,38.9,488(+4),,,ミステリーボックス,80.0,5,0.04166666666666696,0.6916666666666665,0.7564102564102564,0.24555000000000238,0.7437499999999999,0.7476635514018691,,,0.620253164556962,1.4285714285714286
48,48,2023/03/12,1阪神10,晴,8,4歳以上1勝クラス,,11,2,2,2.6,1,6,水口優也,58,ダ1800,良,**,1:56.1,0.8,**,1-1-1-1,38.0-38.5,39.3,518(-2),,,ミステリーボックス,,6,0.04100719424460575,0.6642857142857144,0.7763157894736842,0.6371787439613547,0.6833333333333333,0.7904761904761904,,,0.5412844036697247,1.8777777777777775
49,49,2023/03/12,1阪神10,晴,8,4歳以上1勝クラス,,11,3,3,5.0,3,7,富田暁,58,ダ1800,良,**,1:56.7,1.4,**,10-10-9-7,38.0-38.5,39.2,484(+2),,,ミステリーボックス,,7,0.31818181818181657,0.7785714285714286,0.6357615894039735,-0.028200000000001273,1.0666666666666667,0.553763440860215,,,0.36792452830188677,1.3181818181818181
50,50,2023/03/12,1阪神10,晴,8,4歳以上1勝クラス,,11,6,6,52.7,9.0,8,黒岩悠,58,ダ1800,良,**,1:56.9,1.6,**,10-10-8-9,38.0-38.5,39.3,490(-8),,,ミステリーボックス,,8,-0.26842105263157845,1.2833333333333334,0.6901408450704225,0.7496000000000023,1.31,0.5393258426966292,,,0.36792452830188677,1.3181818181818181
51,51,2023/03/12,1阪神10,晴,8,4歳以上1勝クラス,,11,6,7,19.7,8,9,北村友一,58,ダ1800,良,**,1:57.2,1.9,**,6-7-9-9,38.0-38.5,39.6,484(-8),,,ミステリーボックス,,9,-0.7250000000000512,1.6222222222222222,0.6846846846846847,-0.5923111111111123,0.9888888888888889,0.7431192660550459,,,0.3389830508474576,1.70625
52,52,2023/03/12,1阪神10,晴,8,4歳以上1勝クラス,,11,8,10,92.7,11,10,永島まな,54,ダ1800,良,**,1:58.0,2.7,**,8-7-6-7,38.0-38.5,40.6,426(+3),,,ミステリーボックス,,10,0.7999999999999994,1.65,0.21052631578947367,-0.22999999999999687,1.3083333333333331,0.47692307692307695,100.0,,0.4444444444444444,1.4000000000000001
53,53,2023/03/12,1阪神10,晴,8,4歳以上1勝クラス,,11,1,1,56.6,10.0,11,吉田隼人,58,ダ1800,良,**,1:59.0,3.7,**,8-7-9-9,38.0-38.5,41.4,462(-10),,,ミステリーボックス,,11,1.0250000000000128,1.4000000000000001,0.6869565217391305,0.18648888888888848,1.4000000000000001,0.6810344827586207,,,0.5233644859813084,0.8555555555555556
54,54,2023/03/04,1阪神7,晴,6,3歳1勝クラス,,10,2,2,3.1,1,1,今村聖奈,53,ダ1800,良,**,1:54.5,-0.2,**,9-9-9-9,37.0-38.3,37.3,520(-6),,,(ゴッドブルービー),780.0,1,0.6000000000000001,0.05,0.9444444444444444,2.2200000000000024,0.05,0.9444444444444444,,,0.626984126984127,0.8
55,55,2023/03/04,1阪神7,晴,6,3歳1勝クラス,,10,6,6,4.9,4,2,武豊,56,ダ1800,良,**,1:54.7,0.2,**,1-1-1-1,37.0-38.3,38.5,466(-12),,,ベンダバリラビア,310.0,2,0.8999999999999986,0.12499999999999997,0.8181818181818182,0.6566000000000045,0.12499999999999997,0.8181818181818182,,,0.3835616438356164,1.3333333333333337
56,56,2023/03/04,1阪神7,晴,6,3歳1勝クラス,,10,5,5,3.3,2,3,松山弘平,54,ダ1800,良,**,1:54.7,0.2,**,4-3-3-3,37.0-38.3,38.3,502(+4),,,ベンダバリラビア,200.0,3,0.7999999999999997,-0.275,0.95,0.9431999999999974,-0.275,0.95,,,0.421875,2.172727272727273
57,57,2023/03/04,1阪神7,晴,6,3歳1勝クラス,,10,3,3,35.5,9,4,幸英明,56,ダ1800,良,**,1:55.1,0.6,**,7-7-7-7,37.0-38.3,38.3,498(+2),,,ベンダバリラビア,120.0,4,1.9999999999999991,0.75,0.6808510638297872,0.3816000000000006,0.75,0.6808510638297872,,,0.4927536231884058,1.3
58,58,2023/03/04,1阪神7,晴,6,3歳1勝クラス,,10,8,9,4.9,3,5,松若風馬,56,ダ1800,良,**,1:55.1,0.6,**,6-5-5-3,37.0-38.3,38.5,456(+2),,,ベンダバリラビア,78.0,5,0.9000000000000001,0.4166666666666667,0.8709677419354839,1.5444000000000007,0.4166666666666667,0.8709677419354839,,,0.3835616438356164,1.3333333333333337
59,59,2023/03/04,1阪神7,晴,6,3歳1勝クラス,,10,7,8,15.7,5,7,富田暁,56,ダ1800,良,**,1:55.5,1.0,**,7-7-7-7,37.0-38.3,38.7,474(-2),,,ベンダバリラビア,,7,1.75,0.47500000000000003,0.6818181818181818,-0.2972000000000037,0.75,0.6666666666666666,,,0.44029850746268656,
60,60,2023/03/04,1阪神7,晴,6,3歳1勝クラス,,10,1,1,24.9,7,8,藤岡佑介,56,ダ1800,良,**,1:55.6,1.1,**,2-2-2-2,37.0-38.3,39.4,478(-8),,,ベンダバリラビア,,8,2.7909090909090857,1.375,0.5454545454545454,-0.39990000000000236,0.43333333333333335,0.782608695652174,,,0.5172413793103449,1.2874999999999999
61,61,2023/03/04,1阪神7,晴,6,3歳1勝クラス,,10,7,7,74.9,10,9,和田竜二,56,ダ1800,良,**,1:55.7,1.2,**,4-5-5-6,37.0-38.3,39.1,464(-2),,,ベンダバリラビア,,9,5.699999999999989,0.6749999999999999,0.84,-1.032399999999999,0.6749999999999999,0.84,,70.8,0.5620437956204379,1.8409090909090908
62,62,2023/03/04,1阪神7,晴,7,4歳以上1勝クラス,,8,8,8,2.6,2,1,坂井瑠星,58,ダ1800,良,**,1:53.3,-0.6,**,1-1-1-1,36.8-38.9,38.9,474(-2),,,(インテンスフレイム),800.0,1,0.033333333333338544,0.2875,0.8673469387755102,0.25735000000000063,0.4111111111111111,0.8468468468468469,,,0.5631067961165048,1.1388888888888888
63,63,2023/03/04,1阪神7,晴,7,4歳以上1勝クラス,,8,1,1,1.8,1,2,岩田望来,58,ダ1800,良,**,1:53.9,0.6,**,4-4-5-4,36.8-38.9,38.6,526(+2),,,テーオーサンドニ,320.0,2,-0.054690265486724954,0.7999999999999998,0.7142857142857143,0.17066666666666885,0.708333333333333,0.7561837455830389,,,0.8356164383561644,0.44999999999999996
64,64,2023/03/04,1阪神7,晴,7,4歳以上1勝クラス,,8,2,2,5.6,3,3,川田将雅,58,ダ1800,良,**,1:54.3,1.0,**,7-7-6-5,36.8-38.9,38.7,490(+2),,,テーオーサンドニ,200.0,3,0.30000000000000604,0.7,0.7441860465116279,0.6428000000000011,0.5750000000000001,0.7534246575342466,,,0.5631067961165048,1.1388888888888888
65,65,2023/03/04,1阪神7,晴,7,4歳以上1勝クラス,,8,5,5,114.4,7.0,4,杉原誠人,58,ダ1800,良,**,1:54.5,1.2,**,2-2-2-2,36.8-38.9,39.9,448(-6),,,テーオーサンドニ,120.0,4,-0.6700000000000053,1.0400000000000003,0.6875,0.5010400000000018,0.5555555555555556,0.77,,,0.5284552845528455,0.93
66,66,2023/03/04,1阪神7,晴,7,4歳以上1勝クラス,,8,3,3,26.9,5,5,田口貫太,55,ダ1800,良,**,1:54.8,1.5,**,6-6-6-5,36.8-38.9,39.2,520(+4),,,テーオーサンドニ,80.0,5,-0.3227626459143964,1.4249999999999998,0.5405405405405406,0.3413090909090913,1.1107142857142855,0.6066666666666667,,,0.36792452830188677,1.3181818181818181
67,67,2023/03/04,1阪神7,晴,7,4歳以上1勝クラス,,8,4,4,12.8,4,6,古川奈穂,52,ダ1800,良,**,1:55.0,1.7,**,2-2-3-3,36.8-38.9,40.3,474(-6),,,テーオーサンドニ,,6,-1.0000000000000036,0.3428571428571429,0.7976190476190477,0.558799999999999,0.4,0.7934782608695652,,,0.45555555555555555,1.0099999999999998
68,68,2023/03/04,1阪神7,晴,7,4歳以上1勝クラス,,8,7,7,144.6,8,7,城戸義政,58,ダ1800,良,**,1:55.1,1.8,**,8-8-8-8,36.8-38.9,39.2,490(0),,,テーオーサンドニ,,7,1.5555555555555607,1.6642857142857144,0.5064935064935064,-0.48736894409937903,1.3461538461538463,0.6013986013986014,,,0.36792452830188677,1.3181818181818181
69,69,2023/03/04,1阪神7,晴,7,4歳以上1勝クラス,,8,6,6,60.1,6,8,今村聖奈,53,ダ1800,良,**,1:57.7,4.4,**,4-4-4-5,36.8-38.9,42.5,516(+6),,,テーオーサンドニ,,8,0.86551724137931,1.8611111111111112,0.49137931034482757,-0.7549599999999991,1.6900000000000002,0.3963963963963964,,70.8,0.49514563106796117,1.5550000000000002
70,70,2023/02/26,1阪神6,曇,6,4歳以上1勝クラス,,12,5,5,2.8,2,2,横山和生,58,ダ1800,稍,**,1:54.9,1.6,**,9-9-8-6,37.7-37.6,38.5,510(-6),,,カネトシブルーム,320.0,2,0.8876213592233007,1.175,0.6039603960396039,0.018026666666666812,0.971875,0.6318681318681318,,,0.5,1.1285714285714286
71,71,2023/02/26,1阪神6,曇,6,4歳以上1勝クラス,,12,4,4,11.7,5,3,岩田康誠,57,ダ1800,稍,**,1:55.0,1.7,**,7-7-10-10,37.7-37.6,38.5,526(+2),,,カネトシブルーム,200.0,3,0.6571428571428573,1.0357142857142858,0.7419354838709677,0.39151552795031414,1.0357142857142858,0.7419354838709677,,,0.5,1.2249999999999999
72,72,2023/02/26,1阪神6,曇,6,4歳以上1勝クラス,,12,8,11,28.7,7,4,幸英明,57,ダ1800,稍,**,1:55.1,1.8,**,7-8-8-10,37.7-37.6,38.6,478(-2),,,カネトシブルーム,120.0,4,0.39999999999999075,2.885714285714286,0.46236559139784944,-0.5317333333333352,1.7333333333333334,0.5375,,,0.5943396226415094,0.7444444444444444
73,73,2023/02/26,1阪神6,曇,6,4歳以上1勝クラス,,12,2,2,18.6,6,5,鮫島克駿,57,ダ1800,稍,**,1:55.2,1.9,**,11-11-11-9,37.7-37.6,38.5,448(+10),,,カネトシブルーム,80.0,5,0.14482758620689767,0.9071428571428571,0.6631578947368421,0.16510000000000513,0.98125,0.6761904761904762,,,0.39849624060150374,1.5636363636363635
74,74,2023/02/26,1阪神6,曇,6,4歳以上1勝クラス,,12,6,7,68.3,10,7,角田大河,55,ダ1800,稍,**,1:55.9,2.6,**,1-1-2-1,37.7-37.6,40.2,492(-4),,,カネトシブルーム,,7,-0.48333333333333295,2.5,0.18181818181818182,-0.9956799999999972,1.3071428571428572,0.5617977528089888,,,0.5581395348837209,0.675
75,75,2023/02/26,1阪神6,曇,6,4歳以上1勝クラス,,12,5,6,61.9,9,8,川又賢治,57,ダ1800,稍,**,1:55.9,2.6,**,5-5-5-3,37.7-37.6,39.8,472(+8),,,カネトシブルーム,,8,0.569999999999997,1.075,0.6178861788617886,-0.487019130434782,0.9409090909090909,0.5971223021582733,,,0.39849624060150374,1.5636363636363635
76,76,2023/02/26,1阪神6,曇,6,4歳以上1勝クラス,,12,1,1,91.9,11,9,戸崎圭太,58,ダ1800,稍,**,1:56.0,2.7,**,9-9-11-12,37.7-37.6,39.3,496(-4),,,カネトシブルーム,,9,0.963636363636363,1.3388888888888886,0.5828729281767956,-0.24190000000000111,1.2874999999999999,0.5573333333333333,,,0.5284552845528455,0.93
77,77,2023/02/26,1阪神6,曇,6,4歳以上1勝クラス,,12,3,3,2.4,1,10,岩田望来,57,ダ1800,稍,**,1:56.2,2.9,**,3-3-5-6,37.7-37.6,40.1,482(+18),,,カネトシブルーム,,10,0.3000000000000053,0.575,0.9090909090909091,0.5053440993788811,0.5928571428571429,0.9,,,0.5844155844155844,0.9041666666666667
78,78,2023/02/26,1阪神6,曇,6,4歳以上1勝クラス,,12,6,8,107.6,12,12,荻野極,57,ダ1800,稍,**,1:58.3,5.0,**,3-3-2-3,37.7-37.6,42.4,506(-14),,,カネトシブルーム,,12,1.8666666666666771,2.3000000000000003,0.4,-0.28413333333333196,1.2,0.581081081081081,,,0.5284552845528455,0.93
79,79,2023/02/25,1阪神5,晴,6,4歳以上1勝クラス,,10,7,8,2.4,1,1,藤懸貴志,55,ダ1800,稍,**,1:53.6,0.0,**,8-8-9-9,37.6-38.0,36.6,440(-2),,,(ドゥライトアルディ),800.0,1,0.35714285714285693,0.8312499999999999,0.5888888888888889,0.43625000000000025,0.8312499999999999,0.5888888888888889,,,0.8356164383561644,0.44999999999999996
80,80,2023/02/25,1阪神5,晴,6,4歳以上1勝クラス,,10,6,6,8.1,4,2,松山弘平,55,ダ1800,稍,**,1:53.6,0.0,**,5-5-5-5,37.6-38.0,37.3,498(-12),,,エナハツホ,320.0,2,0.9500000000000004,1.2392857142857143,0.6480446927374302,-0.07157142857142824,1.2730769230769232,0.6272189349112426,,,0.45689655172413796,1.1649999999999998
81,81,2023/02/25,1阪神5,晴,6,4歳以上1勝クラス,,10,8,9,4.0,2,3,団野大成,55,ダ1800,稍,**,1:53.6,0.0,**,3-3-3-2,37.6-38.0,37.5,460(-2),,,エナハツホ,200.0,3,1.0999999999999972,0.8,0.7818181818181819,-0.022699999999996834,0.8,0.7818181818181819,,,0.39849624060150374,1.5636363636363635
82,82,2023/02/25,1阪神5,晴,6,4歳以上1勝クラス,,10,5,5,36.5,9,4,浜中俊,56,ダ1800,稍,**,1:53.7,0.1,**,10-10-10-10,37.6-38.0,36.7,464(-6),,,エナハツホ,120.0,4,0.6428571428571317,1.1375000000000002,0.6176470588235294,0.32559999999999967,1.2192307692307693,0.5490196078431373,,,0.5727272727272728,0.8799999999999999
83,83,2023/02/25,1阪神5,晴,6,4歳以上1勝クラス,,10,7,7,12.9,5,5,川須栄彦,55,ダ1800,稍,**,1:53.7,0.1,**,1-1-1-1,37.6-38.0,38.1,514(0),,,エナハツホ,80.0,5,1.5374999999999936,1.8772727272727274,0.46099290780141844,-1.2621818181818176,1.7500000000000002,0.4732142857142857,,,0.45555555555555555,1.0099999999999998
84,84,2023/02/25,1阪神5,晴,6,4歳以上1勝クラス,,10,2,2,16.9,7,6,角田大河,54,ダ1800,稍,**,1:53.8,0.2,**,9-9-7-7,37.6-38.0,37.3,490(0),,,エナハツホ,,6,0.053999999999999715,1.1319999999999997,0.5508771929824562,0.3547686956521744,1.1319999999999997,0.5508771929824562,,,0.49019607843137253,1.48
85,85,2023/02/25,1阪神5,晴,6,4歳以上1勝クラス,,10,3,3,68.3,10,7,酒井学,55,ダ1800,稍,**,1:54.0,0.4,**,5-5-5-5,37.6-38.0,37.7,454(-4),,,エナハツホ,,7,-2.2999999999999927,0.9,0.46153846153846156,0.9104000000000028,0.63,0.5263157894736842,,,0.5445544554455446,1.0625
86,86,2023/02/25,1阪神5,晴,6,4歳以上1勝クラス,,10,8,10,4.8,3,8,鮫島克駿,56,ダ1800,稍,**,1:54.0,0.4,**,7-7-7-7,37.6-38.0,37.4,456(+2),,,エナハツホ,,8,1.6,0.5,0.8461538461538461,0.5700000000000003,0.71,0.5806451612903226,,,0.45555555555555555,1.0099999999999998
87,87,2023/02/25,1阪神5,晴,6,4歳以上1勝クラス,,10,4,4,35.6,8,9,池添謙一,56,ダ1800,稍,**,1:54.3,0.7,**,2-2-2-2,37.6-38.0,38.4,434(-2),,,エナハツホ,,9,0.13333333333332753,0.911111111111111,0.6814159292035398,-0.3376333333333328,0.9545454545454546,0.6503496503496503,,,0.41975308641975306,1.7571428571428573
88,88,2023/02/25,1阪神5,晴,6,4歳以上1勝クラス,,10,1,1,15.4,6,10,和田竜二,55,ダ1800,稍,**,1:55.2,1.6,**,3-3-3-4,37.6-38.0,39.2,428(0),,,エナハツホ,,10,0.022222222222223198,0.7375,0.803921568627451,0.7776000000000038,1.3357142857142859,0.6413043478260869,,,0.41975308641975306,1.7571428571428573
89,89,2023/02/19,1阪神4,曇,7,4歳以上1勝クラス,,13,5,7,4.1,3,1,松山弘平,57,ダ1800,稍,**,1:54.0,-0.3,**,4-4-4-3,39.0-37.6,37.2,504(0),,,(タマモエース),800.0,1,0.6349999999999982,0.8357142857142856,0.8170731707317073,-0.012859130434782174,1.268181818181818,0.696969696969697,,,0.5,1.2249999999999999
90,90,2023/02/19,1阪神4,曇,7,4歳以上1勝クラス,,13,7,10,3.4,2,2,岩田望来,57,ダ1800,稍,**,1:54.3,0.3,**,2-2-2-1,39.0-37.6,37.9,482(-2),,,ルイナールカズマ,320.0,2,-0.049999999999990774,0.8153846153846155,0.6115107913669064,-0.09907692307692446,1.1117647058823525,0.5287356321839081,,,0.24050632911392406,2.125
91,91,2023/02/19,1阪神4,曇,7,4歳以上1勝クラス,,13,8,12,2.5,1,3,鮫島克駿,57,ダ1800,稍,**,1:55.0,1.0,**,3-3-3-2,39.0-37.6,38.4,474(-4),,,ルイナールカズマ,200.0,3,0.8200000000000005,1.02,0.6238532110091743,-0.03339999999999961,1.2230769230769227,0.6115107913669064,100.0,,0.24050632911392406,2.125
92,92,2023/02/19,1阪神4,曇,7,4歳以上1勝クラス,,13,3,3,16.6,4,4,和田竜二,57,ダ1800,稍,**,1:55.4,1.4,**,4-4-4-3,39.0-37.6,38.7,516(0),,,ルイナールカズマ,120.0,4,0.41446384039900236,1.4333333333333336,0.44,0.3661200000000008,1.0884615384615384,0.5942028985507246,,,0.5,1.1285714285714286
93,93,2023/02/19,1阪神4,曇,7,4歳以上1勝クラス,,13,8,13,24.1,8.0,5,黒岩悠,58,ダ1800,稍,**,1:55.5,1.5,**,12-12-12-9,39.0-37.6,38.1,498(-4),,,ルイナールカズマ,80.0,5,-0.5779761904761901,1.24,0.6949152542372882,0.7552400000000027,1.3,0.5333333333333333,,,0.5333333333333333,1.0318181818181817
94,94,2023/02/19,1阪神4,曇,7,4歳以上1勝クラス,,13,7,11,105.3,12,6,酒井学,58,ダ1800,稍,**,1:55.7,1.7,**,8-7-8-6,39.0-37.6,38.6,466(+8),,,ルイナールカズマ,,6,1.8511627906976744,1.760526315789474,0.4918032786885246,-0.08271999999999835,1.8452380952380953,0.47232472324723246,,,0.4015151515151515,1.9555555555555557
95,95,2023/02/19,1阪神4,曇,7,4歳以上1勝クラス,,13,4,5,25.4,9,7,竹之下智,56,ダ1800,稍,**,1:55.7,1.7,**,8-9-9-9,39.0-37.6,38.5,476(-12),,,ルイナールカズマ,,7,-0.20000000000000784,1.1,0.4444444444444444,-0.3278666666666652,1.261111111111111,0.5656565656565656,,,0.47368421052631576,1.225
96,96,2023/02/19,1阪神4,曇,7,4歳以上1勝クラス,,13,6,8,24.0,7,8,永島まな,54,ダ1800,稍,**,1:56.0,2.0,**,8-9-10-12,39.0-37.6,38.5,508(+10),,,ルイナールカズマ,,8,-0.8079207920792097,1.1214285714285714,0.6666666666666666,-0.160857142857142,1.0214285714285716,0.6775956284153005,,,0.5934959349593496,0.9249999999999999
97,97,2023/02/19,1阪神4,曇,7,4歳以上1勝クラス,,13,2,2,20.3,5,9,熊沢重文,57,ダ1800,稍,**,1:56.2,2.2,**,7-7-6-6,39.0-37.6,39.2,492(-3),,,ルイナールカズマ,,9,0.6652173913043502,1.3785714285714286,0.5324675324675324,-0.162888888888889,1.6045454545454545,0.4878048780487805,,,0.30357142857142855,1.55
98,98,2023/02/19,1阪神4,曇,7,4歳以上1勝クラス,,13,1,1,61.6,10,10,城戸義政,58,ダ1800,稍,**,1:56.3,2.3,**,4-4-6-6,39.0-37.6,39.3,490(+12),,,ルイナールカズマ,,10,1.524999999999995,1.6153846153846154,0.528169014084507,-0.48587424749163904,1.2666666666666666,0.6335877862595419,,,0.39490445859872614,1.5142857142857142
99,99,2023/02/19,1阪神4,曇,7,4歳以上1勝クラス,,13,6,9,20.8,6,11,角田大河,55,ダ1800,稍,**,1:56.6,2.6,**,11-11-10-9,39.0-37.6,39.3,444(-4),,,ルイナールカズマ,,11,-0.07777777777777173,1.2388888888888887,0.696078431372549,0.33951111111111093,1.01875,0.7204301075268817,,,0.46564885496183206,1.4649999999999999
100,100,2023/02/19,1阪神4,曇,7,4歳以上1勝クラス,,13,4,4,303.5,13,12,国分恭介,58,ダ1800,稍,**,1:58.0,4.0,**,13-12-13-13,39.0-37.6,39.2,498(-1),,,ルイナールカズマ,,12,2.6829268292682946,2.316666666666667,0.4014084507042254,-1.0685333333333316,2.065789473684211,0.4766355140186916,,,0.6076923076923076,0.9350000000000002
101,101,2023/02/19,1阪神4,曇,7,4歳以上1勝クラス,,13,5,6,97.7,11,13,中井裕二,57,ダ1800,稍,**,1:58.7,4.7,**,1-1-1-3,39.0-37.6,42.3,508(+10),,,ルイナールカズマ,,13,4.066666666666664,2.8,0.14285714285714285,-2.689599999999995,1.225,0.4796747967479675,,,0.46153846153846156,1.15
102,102,2023/02/18,1阪神3,曇,8,3歳1勝クラス,,16,1,2,15.7,6,1,鮫島克駿,56,ダ1800,良,**,1:54.2,-0.2,**,16-16-16-13,36.5-38.7,37.1,526(-6),,,(テーオーリカード),780.0,1,1.2249999999999994,1.2125,0.625,0.8065999999999995,1.61,0.5306122448979592,,,0.626984126984127,0.8
103,103,2023/02/18,1阪神3,曇,8,3歳1勝クラス,,16,7,14,12.4,5,2,和田竜二,56,ダ1800,良,**,1:54.4,0.2,**,2-1-1-1,36.5-38.7,38.9,478(-2),,,オーロイプラータ,310.0,2,0.4000000000000001,0.7166666666666668,0.59375,0.5496000000000029,0.7166666666666668,0.59375,,,0.272,2.372727272727273
104,104,2023/02/18,1阪神3,曇,8,3歳1勝クラス,,16,6,11,127.8,16,3,武豊,56,ダ1800,良,**,1:54.6,0.4,**,1-2-2-2,36.5-38.7,38.9,518(+6),,,オーロイプラータ,200.0,3,3.3499999999999996,2.95,0.4,-0.5568000000000026,1.8833333333333335,0.5945945945945946,,,0.4074074074074074,2.066666666666667
105,105,2023/02/18,1阪神3,曇,8,3歳1勝クラス,,16,7,13,9.0,4,4,角田大河,52,ダ1800,良,**,1:54.7,0.5,**,4-5-3-2,36.5-38.7,38.8,480(-4),,,オーロイプラータ,120.0,4,0.10000000000000564,0.0,0.9285714285714286,-0.043399999999994776,0.0,0.9285714285714286,,,0.5544554455445545,1.225
106,106,2023/02/18,1阪神3,曇,8,3歳1勝クラス,,16,4,8,3.8,2,5,川田将雅,56,ダ1800,良,**,1:54.7,0.5,**,8-8-6-5,36.5-38.7,38.4,482(-2),,,オーロイプラータ,78.0,5,-0.10000000000001208,0.93,0.8360655737704918,0.7527200000000022,0.93,0.8360655737704918,,,0.7058823529411765,1.1
107,107,2023/02/18,1阪神3,曇,8,3歳1勝クラス,,16,2,4,63.6,13,6,福永祐一,56,ダ1800,良,**,1:55.0,0.8,**,13-12-12-10,36.5-38.7,38.2,474(+2),,,オーロイプラータ,,6,2.55,0.47500000000000003,0.8,0.19319999999999737,0.47500000000000003,0.8,,,0.5827338129496403,1.69
108,108,2023/02/18,1阪神3,曇,8,3歳1勝クラス,,16,8,15,6.8,3,7,吉田隼人,56,ダ1800,良,**,1:55.0,0.8,**,11-9-8-8,36.5-38.7,38.5,526(-8),,,オーロイプラータ,,7,1.0666666666666669,0.75,0.5769230769230769,1.3110666666666688,0.75,0.5769230769230769,,,0.7058823529411765,1.1
109,109,2023/02/18,1阪神3,曇,8,3歳1勝クラス,,16,5,10,43.2,11,8,岩田康誠,56,ダ1800,良,**,1:55.1,0.9,**,14-14-15-16,36.5-38.7,38.0,496(-2),,,オーロイプラータ,,8,2.466666666666667,0.7000000000000001,0.75,0.2444000000000012,0.7000000000000001,0.75,,,0.46226415094339623,2.388888888888889
110,110,2023/02/18,1阪神3,曇,8,3歳1勝クラス,,16,2,3,18.4,7,9,ムルザバ,56,ダ1800,良,**,1:55.4,1.2,**,15-14-12-13,36.5-38.7,38.5,562(+10),,,オーロイプラータ,,9,1.4500000000000004,0.825,0.5909090909090909,0.08940000000000126,0.825,0.5909090909090909,,,0.272,2.372727272727273
111,111,2023/02/18,1阪神3,曇,8,3歳1勝クラス,,16,4,7,110.5,15,10,古川奈穂,52,ダ1800,良,**,1:55.4,1.2,**,6-6-8-13,36.5-38.7,38.7,410(+6),,,オーロイプラータ,,10,2.299999999999999,-0.1,1.0,-0.4299999999999997,-0.1,1.0,,,0.34523809523809523,2.7214285714285715
112,112,2023/02/18,1阪神3,曇,8,3歳1勝クラス,,16,6,12,25.9,9,11,坂井瑠星,54,ダ1800,良,**,1:56.0,1.8,**,3-3-3-4,36.5-38.7,40.0,490(-2),,,オーロイプラータ,,11,0.9999999999999994,-0.05,1.0,0.3932000000000002,-0.05,1.0,,,0.6470588235294118,1.25
113,113,2023/02/18,1阪神3,曇,8,3歳1勝クラス,,16,3,6,19.9,8,12,横山典弘,54,ダ1800,良,**,1:56.2,2.0,**,4-3-5-5,36.5-38.7,40.0,502(+4),,,オーロイプラータ,,12,0.7999999999999995,-0.15,1.0,1.0700000000000003,-0.15,1.0,,,0.3881578947368421,2.6749999999999994
114,114,2023/02/18,1阪神3,曇,8,3歳1勝クラス,,16,1,1,27.4,10,14,Ｍ．デム,56,ダ1800,良,**,1:56.3,2.1,**,12-12-12-8,36.5-38.7,39.5,476(+2),,,オーロイプラータ,,14,3.1000000000000014,1.0,0.7619047619047619,-0.5388000000000019,1.0,0.7619047619047619,,,0.22093023255813954,2.042857142857143
115,115,2023/02/18,1阪神3,曇,8,3歳1勝クラス,,16,3,5,63.5,12,15,永島まな,52,ダ1800,良,**,1:56.3,2.1,**,6-6-6-5,36.5-38.7,40.0,490(-2),,,オーロイプラータ,,15,0.9199999999999997,1.45,0.5675675675675675,-0.8560800000000001,0.38333333333333336,0.7083333333333334,,,0.3835616438356164,1.3333333333333337
116,116,2023/02/18,1阪神3,曇,8,3歳1勝クラス,,16,5,9,3.0,1,16,岩田望来,56,ダ1800,良,**,1:56.4,2.2,**,9-9-10-10,36.5-38.7,39.7,512(0),,,オーロイプラータ,,16,0.8499999999999988,0.8833333333333334,0.7878787878787878,0.735066666666666,0.8833333333333334,0.7878787878787878,,,0.5602836879432624,1.4363636363636365
117,117,2023/02/11,1阪神1,晴,7,4歳以上1勝クラス,,8,3,3,3.3,2,1,角田大河,55,ダ1800,良,**,1:53.9,0.0,**,1-1-1-1,37.6-39.0,39.0,546(+16),,,(インテンスフレイム),800.0,1,0.39999999999999636,1.4136363636363636,0.532258064516129,-0.36170909090909215,1.25,0.5,,,0.6062992125984252,1.040909090909091
118,118,2023/02/11,1阪神1,晴,7,4歳以上1勝クラス,,8,8,8,3.6,3,2,岩田望来,58,ダ1800,良,**,1:53.9,0.0,**,3-3-3-3,37.6-39.0,38.3,524(-4),,,パトリオットラン,320.0,2,-0.009770114942527997,0.8533333333333332,0.7080745341614907,0.1545400000000022,0.7391304347826084,0.7536231884057971,,,0.5701754385964912,0.8555555555555555
119,119,2023/02/11,1阪神1,晴,7,4歳以上1勝クラス,,8,6,6,4.7,4,3,鮫島克駿,55,ダ1800,良,**,1:54.3,0.4,**,2-2-2-2,37.6-39.0,38.8,442(-6),,,パトリオットラン,200.0,3,0.08333333333334414,0.8928571428571429,0.5783132530120482,0.4995428571428572,0.8928571428571429,0.5783132530120482,,,0.494949494949495,1.6749999999999998
120,120,2023/02/11,1阪神1,晴,7,4歳以上1勝クラス,,8,5,5,2.5,1,4,福永祐一,57,ダ1800,良,**,1:54.6,0.7,**,4-3-3-4,37.6-39.0,38.9,526(+8),,,パトリオットラン,120.0,4,0.27999999999999775,0.8833333333333333,0.6231884057971014,0.1884666666666656,0.8833333333333333,0.6231884057971014,,,0.5631067961165048,1.1388888888888888
121,121,2023/02/11,1阪神1,晴,7,4歳以上1勝クラス,,8,1,1,131.3,8,5,川須栄彦,58,ダ1800,良,**,1:55.8,1.9,**,6-6-6-6,37.6-39.0,39.3,502(-2),,,パトリオットラン,80.0,5,2.5977973568281953,2.3363636363636364,0.4126984126984127,-1.1343333333333316,1.1766666666666665,0.5260115606936416,,,0.5,1.2249999999999999
122,122,2023/02/11,1阪神1,晴,7,4歳以上1勝クラス,,8,2,2,32.9,5,6,和田竜二,57,ダ1800,良,**,1:56.0,2.1,**,5-5-5-5,37.6-39.0,39.7,468(-2),,,パトリオットラン,,6,0.7754716981132077,1.5499999999999998,0.56,-0.5676799999999986,1.2571428571428573,0.5980392156862745,,,0.5333333333333333,1.0318181818181817
123,123,2023/02/11,1阪神1,晴,7,4歳以上1勝クラス,,8,7,7,51.2,6,7,ムルザバ,58,ダ1800,良,**,1:57.5,3.6,**,6-6-7-7,37.6-39.0,40.6,514(+12),,,パトリオットラン,,7,4.799999999999983,3.85,0.08,-2.6439999999999984,0.395,0.8,,,0.6060606060606061,1.7111111111111112
124,124,2022/12/28,6阪神9,晴,6,2歳1勝クラス,,11,6,7,1.5,1,1,川田将雅,55,ダ1800,良,**,1:53.9,-0.5,**,3-3-3-3,37.3-37.6,37.4,520(-2),,,(メイクザビート),750.0,1,-0.5,-0.025000000000000022,0.9444444444444444,1.0479999999999983,-0.025000000000000022,0.9444444444444444,,,0.578125,1.5363636363636362
125,125,2022/12/28,6阪神9,晴,6,2歳1勝クラス,,11,4,4,10.8,3,2,和田竜二,55,ダ1800,良,**,1:54.4,0.5,**,2-2-2-2,37.3-37.6,38.0,494(+2),,,ユティタム,300.0,2,0.19999999999999973,0.375,0.9629629629629629,-0.1433999999999962,0.375,0.9629629629629629,,,0.46994535519125685,2.115384615384615
126,126,2022/12/28,6阪神9,晴,6,2歳1勝クラス,,11,7,8,3.7,2,3,藤岡康太,55,ダ1800,良,**,1:54.6,0.7,**,4-4-5-4,37.3-37.6,37.9,494(+10),,,ユティタム,190.0,3,0.09999999999999998,-0.35,1.0,1.6931999999999974,-0.35,1.0,,,0.5403225806451613,1.6
127,127,2022/12/28,6阪神9,晴,6,2歳1勝クラス,,11,2,2,17.4,4,4,岩田望来,55,ダ1800,良,**,1:54.8,0.9,**,4-4-3-4,37.3-37.6,38.3,496(+2),,,ユティタム,110.0,4,0.6333333333333334,0.35000000000000003,0.8235294117647058,0.9906666666666695,0.35000000000000003,0.8235294117647058,,,0.272,2.372727272727273
128,128,2022/12/28,6阪神9,晴,6,2歳1勝クラス,,11,6,6,22.2,6,5,幸英明,55,ダ1800,良,**,1:54.8,0.9,**,11-11-11-11,37.3-37.6,37.2,534(+2),,,ユティタム,75.0,5,1.5,1.2750000000000001,0.7368421052631579,0.18159999999999954,1.9166666666666667,0.5357142857142857,,,0.5462184873949579,1.6444444444444448
129,129,2022/12/28,6阪神9,晴,6,2歳1勝クラス,,11,1,1,133.1,10,6,菱田裕二,55,ダ1800,良,**,1:55.3,1.4,**,9-9-10-9,37.3-37.6,38.1,482(-14),,,ユティタム,,6,-0.3000000000000078,1.25,0.7777777777777778,-0.24980000000000402,1.25,0.7777777777777778,,,0.45320197044334976,2.35
130,130,2022/12/28,6阪神9,晴,6,2歳1勝クラス,,11,5,5,78.4,9,7,鮫島克駿,54,ダ1800,良,**,1:55.4,1.5,**,9-9-8-7,37.3-37.6,38.4,470(-6),,,ユティタム,,7,0.9000000000000006,-0.05,1.0,0.8854000000000006,0.425,0.8125,,,0.4,1.5833333333333337
131,131,2022/12/28,6阪神9,晴,6,2歳1勝クラス,,11,8,11,77.9,8,8,西村淳也,55,ダ1800,良,**,1:55.7,1.8,**,1-1-1-1,37.3-37.6,39.4,484(-6),,,ユティタム,,8,2.399999999999999,0.0,1.0,0.6111999999999966,0.0,1.0,,,0.4792626728110599,2.8299999999999996
132,132,2022/12/28,6阪神9,晴,6,2歳1勝クラス,,11,7,9,18.7,5,11,藤岡佑介,55,ダ1800,良,**,1:58.1,4.2,**,4-6-5-4,37.3-37.6,41.4,486(+10),,,ユティタム,,11,1.7500000000000036,0.43333333333333335,0.782608695652174,0.3357333333333301,0.43333333333333335,0.75,,,0.632183908045977,
133,133,2022/12/28,6阪神9,晴,8,3歳以上1勝クラス,,11,6,6,3.4,2,2,鮫島克駿,56,ダ1800,良,**,1:54.7,0.1,**,5-6-5-3,37.8-38.5,38.2,488(+2),,,ブラックボイス,310.0,2,-1.3999999999999997,0.95,0.8571428571428571,0.6932000000000009,1.3333333333333333,0.7307692307692307,,,0.6535433070866141,0.6000000000000001
134,134,2022/12/28,6阪神9,晴,8,3歳以上1勝クラス,,11,1,1,20.5,6,3,古川奈穂,50,ダ1800,良,**,1:54.9,0.3,**,5-5-5-6,37.8-38.5,38.2,478(-2),,,ブラックボイス,190.0,3,-2.099999999999998,0.30000000000000004,0.8,0.5496799999999993,0.38333333333333336,0.7941176470588235,,,0.5980392156862745,0.975
135,135,2022/12/28,6阪神9,晴,8,3歳以上1勝クラス,,11,5,5,3.9,3,4,藤岡康太,56,ダ1800,良,**,1:55.2,0.6,**,7-7-7-6,37.8-38.5,38.4,494(-2),,,ブラックボイス,120.0,4,-0.8578947368421088,0.025,0.9565217391304348,0.6596000000000046,0.43,0.8823529411764706,,,0.44329896907216493,4.6937500000000005
136,136,2022/12/28,6阪神9,晴,8,3歳以上1勝クラス,,11,7,9,53.4,9,6,和田翼,57,ダ1800,良,**,1:55.5,0.9,**,9-9-9-8,37.8-38.5,38.2,446(-2),,,ブラックボイス,,6,0.12843137254902048,1.56,0.5606060606060606,0.19005000000000205,0.85,0.7151162790697675,,,0.5233644859813084,0.8555555555555556
137,137,2022/12/28,6阪神9,晴,8,3歳以上1勝クラス,,11,8,11,256.3,10,7,国分恭介,57,ダ1800,良,**,1:55.6,1.0,**,9-11-11-10,37.8-38.5,38.0,480(+2),,,ブラックボイス,,7,0.9163265306122454,1.1411764705882355,0.5174418604651163,0.19564000000000092,1.0500000000000003,0.5374449339207048,,70.8,0.4230769230769231,1.675
138,138,2022/12/28,6阪神9,晴,8,3歳以上1勝クラス,,11,7,8,18.3,5,8,岩田康誠,56,ダ1800,良,**,1:55.7,1.1,**,3-3-3-3,37.8-38.5,39.3,516(+18),,,ブラックボイス,,8,0.3666666666666642,1.0,0.6470588235294118,0.04189999999999827,1.0,0.6470588235294118,,,0.5755395683453237,1.0999999999999999
139,139,2022/12/28,6阪神9,晴,8,3歳以上1勝クラス,,11,3,3,8.7,4,9,亀田温心,56,ダ1800,良,**,1:55.7,1.1,**,3-3-3-5,37.8-38.5,39.2,482(+6),,,ブラックボイス,,9,-0.29750000000000015,-0.012500000000000011,0.9454545454545454,0.6002017391304335,0.25,0.9117647058823529,,,0.35384615384615387,1.8000000000000003
140,140,2022/12/28,6阪神9,晴,8,3歳以上1勝クラス,,11,2,2,49.8,8,10,角田大河,54,ダ1800,良,**,1:55.9,1.3,**,8-8-8-8,37.8-38.5,38.8,490(-10),,,ブラックボイス,,10,0.3375000000000017,1.4849999999999999,0.5565217391304348,0.4236799999999995,1.5954545454545455,0.5241935483870968,,,0.580952380952381,1.0277777777777777
141,141,2022/12/28,6阪神9,晴,8,3歳以上1勝クラス,,11,6,7,288.7,11,11,国分優作,57,ダ1800,良,**,1:56.1,1.5,**,11-9-9-10,37.8-38.5,38.7,470(+4),,,ブラックボイス,,11,0.7709576138147582,1.5803571428571426,0.5775862068965517,-0.13301471571906157,1.5741379310344825,0.5761772853185596,,,0.4230769230769231,1.675
142,142,2022/12/25,6阪神8,晴,7,3歳以上1勝クラス,,12,2,2,1.6,1,1,坂井瑠星,54,ダ1800,良,**,1:54.7,-1.0,**,1-1-1-1,37.7-38.8,38.8,450(0),,,(フライングバレル),770.0,1,0.8785714285714274,1.6500000000000001,0.6551724137931034,0.0071555555555554585,1.15,0.6810344827586207,,,0.47107438016528924,0.911111111111111
143,143,2022/12/25,6阪神8,晴,7,3歳以上1勝クラス,,12,8,11,26.7,6,2,ムルザバ,55,ダ1800,良,**,1:55.7,1.0,**,2-2-2-2,37.7-38.8,39.7,460(+2),,,メタルゴッド,310.0,2,0.21666666666667567,1.4333333333333333,0.5675675675675675,-0.12519999999999953,1.56,0.40298507462686567,,,0.5123456790123457,1.2192307692307691
144,144,2022/12/25,6阪神8,晴,7,3歳以上1勝クラス,,12,1,1,5.5,2,3,今村聖奈,51,ダ1800,良,**,1:55.9,1.2,**,5-5-7-7,37.7-38.8,39.3,494(+2),,,メタルゴッド,190.0,3,-0.583944153577661,0.725,0.8043478260869565,0.26525714285714486,0.5357142857142857,0.8279569892473119,,,0.45689655172413796,1.1649999999999998
145,145,2022/12/25,6阪神8,晴,7,3歳以上1勝クラス,,12,7,10,75.2,11,4,斎藤新,55,ダ1800,良,**,1:56.1,1.4,**,11-11-11-11,37.7-38.8,38.8,460(-2),,,メタルゴッド,120.0,4,0.982178217821783,1.3939393939393938,0.5411764705882353,0.0026588235294128827,1.3093749999999997,0.5542168674698795,,,0.45689655172413796,1.1649999999999998
146,146,2022/12/25,6阪神8,晴,7,3歳以上1勝クラス,,12,7,9,10.8,5,5,川須栄彦,54,ダ1800,良,**,1:56.4,1.7,**,12-12-10-7,37.7-38.8,39.4,514(-8),,,メタルゴッド,77.0,5,1.3166666666666622,1.9722222222222219,0.4482758620689655,-1.5607999999999995,1.8357142857142856,0.45977011494252873,,,0.5727272727272728,0.8799999999999999
147,147,2022/12/25,6阪神8,晴,7,3歳以上1勝クラス,,12,8,12,10.1,4,6,角田大河,52,ダ1800,良,**,1:56.5,1.8,**,8-7-5-5,37.7-38.8,40.0,428(-10),,,メタルゴッド,,6,-0.8083333333333345,0.9249999999999999,0.6326530612244898,-0.4245599999999996,1.0,0.65625,,,0.5727272727272728,0.8799999999999999
148,148,2022/12/25,6阪神8,晴,7,3歳以上1勝クラス,,12,4,4,44.3,8,7,泉谷楓真,54,ダ1800,良,**,1:56.7,2.0,**,6-7-9-10,37.7-38.8,39.9,450(+2),,,メタルゴッド,,7,-0.13246753246753276,1.125,0.6470588235294118,-0.3236571428571407,0.8586956521739131,0.5772870662460567,,,0.5306122448979592,1.2
149,149,2022/12/25,6阪神8,晴,7,3歳以上1勝クラス,,12,3,3,27.2,7,8,イーガン,54,ダ1800,良,**,1:57.3,2.6,**,3-3-3-3,37.7-38.8,41.1,458(-4),,,メタルゴッド,,8,0.1999999999999999,2.2,0.6363636363636364,0.07000000000000028,2.2,0.5833333333333334,,,0.5306122448979592,1.2
150,150,2022/12/25,6阪神8,晴,7,3歳以上1勝クラス,,12,5,6,105.4,12,9,荻野琢真,55,ダ1800,良,**,1:58.2,3.5,**,6-5-5-6,37.7-38.8,41.7,486(+14),,,メタルゴッド,,9,1.399999999999995,1.71875,0.44565217391304346,-0.7381499999999974,1.34375,0.4942528735632184,,,0.45454545454545453,1.3375
151,151,2022/12/25,6阪神8,晴,7,3歳以上1勝クラス,,12,5,5,65.6,9,11,富田暁,54,ダ1800,良,**,1:58.6,3.9,**,3-3-3-3,37.7-38.8,42.4,454(-4),,,メタルゴッド,,11,1.8000000000000005,1.7249999999999999,0.6470588235294118,-1.1838400000000007,1.2833333333333332,0.5454545454545454,,,0.5306122448979592,1.2
152,152,2022/12/24,6阪神7,晴,7,3歳以上1勝クラス,,10,8,9,34.5,8,1,ムルザバ,57,ダ1800,稍,**,1:54.4,-0.2,**,3-3-3-3,38.0-38.5,38.2,456(+8),,,(テーオーサンドニ),770.0,1,0.6870967741935476,2.533333333333333,0.36363636363636365,-0.5200666666666661,1.5249999999999997,0.49411764705882355,,,0.5502645502645502,1.0142857142857142
153,153,2022/12/24,6阪神7,晴,7,3歳以上1勝クラス,,10,7,8,4.0,2,2,坂井瑠星,56,ダ1800,稍,**,1:54.6,0.2,**,1-1-1-1,38.0-38.5,38.7,478(+4),,,ラッキーモー,310.0,2,-0.45,0.2833333333333333,0.8765432098765432,0.16593333333333504,0.4428571428571428,0.851063829787234,,,0.4519774011299435,1.3
154,154,2022/12/24,6阪神7,晴,7,3歳以上1勝クラス,,10,8,10,11.4,5.0,3,松山弘平,56,ダ1800,稍,**,1:54.8,0.4,**,2-2-2-2,38.0-38.5,38.8,502(+6),,,ラッキーモー,190.0,3,0.13333333333333314,0.5166666666666667,0.8611111111111112,-0.15559999999999974,0.5166666666666667,0.8611111111111112,,,0.6512820512820513,0.9843750000000001
155,155,2022/12/24,6阪神7,晴,7,3歳以上1勝クラス,,10,3,3,2.2,1,4,岩田望来,56,ダ1800,稍,**,1:55.1,0.7,**,7-7-8-6,38.0-38.5,38.4,492(+2),,,ラッキーモー,120.0,4,-0.4,0.175,0.9473684210526315,0.7394000000000034,0.175,0.9473684210526315,,,0.6832298136645962,0.6749999999999999
156,156,2022/12/24,6阪神7,晴,7,3歳以上1勝クラス,,10,5,5,13.7,6,5,イーガン,56,ダ1800,稍,**,1:55.4,1.0,**,8-8-8-8,38.0-38.5,38.7,510(+4),,,ラッキーモー,77.0,5,-0.12857142857142861,0.6428571428571429,0.810126582278481,0.7217714285714274,0.75,0.7741935483870968,,,0.4230769230769231,1.675
157,157,2022/12/24,6阪神7,晴,7,3歳以上1勝クラス,,10,4,4,6.0,3.0,6,藤岡康太,57,ダ1800,稍,**,1:55.5,1.1,**,9-8-8-8,38.0-38.5,38.8,522(+10),,,ラッキーモー,,6,0.3049999999999784,1.36,0.6382978723404256,0.50122,1.36,0.6382978723404256,,,0.494949494949495,1.6749999999999998
158,158,2022/12/24,6阪神7,晴,7,3歳以上1勝クラス,,10,6,6,19.4,7,7,岡田祥嗣,56,ダ1800,稍,**,1:55.7,1.3,**,9-10-6-3,38.0-38.5,39.3,452(+2),,,ラッキーモー,,7,-0.35934065934066234,0.8499999999999999,0.7207207207207207,0.665709090909091,1.1312499999999999,0.675531914893617,,,0.40816326530612246,1.535714285714286
159,159,2022/12/24,6阪神7,晴,7,3歳以上1勝クラス,,10,7,7,69.7,9,8,古川吉洋,56,ダ1800,稍,**,1:56.0,1.6,**,4-4-4-6,38.0-38.5,39.6,490(-2),,,ラッキーモー,,8,0.8956521739130381,1.7049999999999996,0.45454545454545453,-0.8144799999999975,1.7049999999999996,0.45454545454545453,,,0.4827586206896552,1.8350000000000002
160,160,2022/12/24,6阪神7,晴,7,3歳以上1勝クラス,,10,2,2,7.9,4,9,鮫島克駿,56,ダ1800,稍,**,1:56.2,1.8,**,4-6-6-5,38.0-38.5,39.7,474(+12),,,ラッキーモー,,9,0.12499999999999989,0.4375,0.8372093023255814,0.8431999999999977,0.65,0.6666666666666666,,,0.5161290322580645,1.5125
161,161,2022/12/24,6阪神7,晴,7,3歳以上1勝クラス,,10,1,1,107.7,10,10,北村友一,55,ダ1800,稍,**,1:58.5,4.1,**,4-4-4-8,38.0-38.5,42.0,472(+14),,,ラッキーモー,,10,0.2538461538461537,0.8583333333333334,0.6506024096385542,-0.02971428571428549,1.1944444444444444,0.592,,,0.5629139072847682,1.4636363636363638
162,162,2022/12/11,6阪神4,曇,7,3歳以上1勝クラス,,10,3,3,2.1,1,1,岩田望来,56,ダ1800,良,**,1:53.3,-0.1,**,9-9-8-3,37.1-37.7,36.7,532(-6),,,(ホウオウフウジン),770.0,1,-0.14000000000000004,0.8,0.7758620689655172,0.6224000000000018,0.8,0.7758620689655172,,,0.5233644859813084,0.8555555555555556
163,163,2022/12/11,6阪神4,曇,7,3歳以上1勝クラス,,10,6,6,3.1,2,3,松山弘平,56,ダ1800,良,**,1:54.7,1.4,**,6-6-6-3,37.1-37.7,38.3,506(+2),,,エクセスリターン,190.0,3,-0.15000000000000002,0.5166666666666666,0.8142857142857143,0.759866666666665,0.6571428571428571,0.7738095238095238,,,0.6062992125984252,1.040909090909091
164,164,2022/12/11,6阪神4,曇,7,3歳以上1勝クラス,,10,5,5,9.6,5,4,中井裕二,56,ダ1800,良,**,1:55.1,1.8,**,2-2-2-2,37.1-37.7,39.2,498(-2),,,エクセスリターン,120.0,4,1.0214285714285734,1.3722222222222225,0.6956521739130435,-1.2097714285714258,1.36,0.7536231884057971,,,0.544,1.3458333333333332
165,165,2022/12/11,6阪神4,曇,7,3歳以上1勝クラス,,10,2,2,27.5,7,5,国分恭介,57,ダ1800,良,**,1:55.7,2.4,**,10-10-10-10,37.1-37.7,38.7,478(+2),,,エクセスリターン,77.0,5,0.8840909090909079,1.0625,0.5153374233128835,0.2070222222222237,0.9857142857142859,0.536697247706422,,70.8,0.39490445859872614,1.5142857142857142
166,166,2022/12/11,6阪神4,曇,7,3歳以上1勝クラス,,10,7,7,8.8,4,6,石橋脩,56,ダ1800,良,**,1:55.9,2.6,**,4-4-3-3,37.1-37.7,39.9,504(+4),,,エクセスリターン,,6,-0.14285714285716083,1.2,0.6456692913385826,0.18740000000000237,1.0125,0.673469387755102,,,0.5903614457831325,1.0
167,167,2022/12/11,6阪神4,曇,7,3歳以上1勝クラス,,10,4,4,149.7,10,7,国分優作,57,ダ1800,良,**,1:56.2,2.9,**,7-6-5-7,37.1-37.7,39.9,466(+6),,,エクセスリターン,,7,0.7234323432343253,1.5314814814814812,0.584070796460177,-0.09406330434782405,1.526785714285714,0.5823863636363636,,,0.35359116022099446,1.6571428571428566
168,168,2022/12/11,6阪神4,曇,7,3歳以上1勝クラス,,10,8,10,93.7,9,8,和田竜二,56,ダ1800,良,**,1:56.5,3.2,**,5-4-6-8,37.1-37.7,40.1,496(+2),,,エクセスリターン,,8,2.1600000000000006,2.7571428571428567,0.38961038961038963,-1.781718260869566,1.9555555555555557,0.46938775510204084,,,0.5412844036697247,1.8777777777777775
169,169,2022/12/11,6阪神4,曇,7,3歳以上1勝クラス,,10,1,1,27.3,6,9,横山和生,57,ダ1800,良,**,1:56.6,3.3,**,2-2-3-3,37.1-37.7,40.6,546(-4),,,エクセスリターン,,9,2.699999999999999,1.8,0.4444444444444444,-0.2765000000000004,0.5357142857142857,0.5833333333333334,,,0.4789473684210526,1.1642857142857141
170,170,2022/12/11,6阪神4,曇,7,3歳以上1勝クラス,,10,8,9,50.8,8,10,鮫島克駿,56,ダ1800,良,**,1:56.8,3.5,**,8-8-8-9,37.1-37.7,40.1,482(+4),,,エクセスリターン,,10,1.7039999999999964,2.4333333333333336,0.4393939393939394,-0.7525987577639748,1.9187500000000002,0.4891304347826087,,,0.5161290322580645,1.5125
171,171,2022/12/04,6阪神2,曇,7,3歳以上1勝クラス,,9,8,9,2.2,1,1,吉田隼人,56,ダ1800,稍,**,1:53.4,-0.4,**,2-2-2-2,37.5-37.5,37.4,498(0),,,(メイショウマントル),770.0,1,-0.5684210526315787,1.1714285714285713,0.5853658536585366,0.047257142857143365,1.1714285714285713,0.5853658536585366,,,0.5683453237410072,0.809090909090909
172,172,2022/12/04,6阪神2,曇,7,3歳以上1勝クラス,,9,6,6,3.4,2.0,2,藤岡康太,57,ダ1800,稍,**,1:53.8,0.4,**,8-6-4-3,37.5-37.5,37.5,512(-2),,,ラインオブソウル,310.0,2,0.3578947368420984,1.4105263157894739,0.6299559471365639,0.45953684210526324,1.4105263157894739,0.6299559471365639,,,0.5683453237410072,0.809090909090909
173,173,2022/12/04,6阪神2,曇,7,3歳以上1勝クラス,,9,4,4,11.0,5,3,城戸義政,56,ダ1800,稍,**,1:54.2,0.8,**,2-2-2-1,37.5-37.5,38.3,498(+2),,,ラインオブソウル,190.0,3,-0.5088235294117647,1.3,0.7142857142857143,0.789200000000001,1.3,0.39285714285714285,,,0.40441176470588236,2.059090909090909
174,174,2022/12/04,6阪神2,曇,7,3歳以上1勝クラス,,9,5,5,5.0,3,4,藤懸貴志,54,ダ1800,稍,**,1:54.4,1.0,**,6-6-7-5,37.5-37.5,37.9,448(+2),,,ラインオブソウル,120.0,4,-1.2878587085651816e-14,0.875,0.5733333333333334,0.43393333333333334,0.875,0.5733333333333334,,,0.5502645502645502,1.1285714285714283
175,175,2022/12/04,6阪神2,曇,7,3歳以上1勝クラス,,9,7,7,65.6,6,6,長岡禎仁,56,ダ1800,稍,**,1:55.6,2.2,**,4-4-4-4,37.5-37.5,39.4,488(+2),,,ラインオブソウル,,6,3.2111111111111184,0.925,0.6666666666666666,-0.468796521739128,1.4400000000000002,0.5454545454545454,,,0.39490445859872614,1.5142857142857142
176,176,2022/12/04,6阪神2,曇,7,3歳以上1勝クラス,,9,1,1,69.4,7,7,和田竜二,57,ダ1800,稍,**,1:55.8,2.4,**,6-6-7-9,37.5-37.5,39.3,510(+4),,,ラインオブソウル,,7,0.8571428571428572,0.9166666666666666,0.7666666666666667,0.6616000000000035,0.6459999999999999,0.7360594795539034,,,0.3644859813084112,1.875
177,177,2022/12/04,6阪神2,曇,7,3歳以上1勝クラス,,9,8,8,137.1,8,8,団野大成,57,ダ1800,稍,**,1:57.5,4.1,**,8-9-7-7,37.5-37.5,41.0,486(-6),,,ラインオブソウル,,8,1.289041095890413,1.5625,0.5263157894736842,-0.37115555555555424,1.3375,0.5604395604395604,,,0.30927835051546393,1.4416666666666664
178,178,2022/12/04,6阪神2,曇,7,3歳以上1勝クラス,,9,3,3,201.7,9,9,角田大河,55,ダ1800,稍,**,1:58.2,4.8,**,1-1-1-5,37.5-37.5,42.3,456(-4),,,ラインオブソウル,,9,-0.8191827468785485,1.4214285714285713,0.4303030303030303,0.20259999999999956,1.2999999999999998,0.5,,,0.4125,1.4892857142857143
179,179,2022/11/27,5阪神8,晴,7,3歳以上1勝クラス,,8,1,1,1.3,1,1,幸英明,55,ダ1800,稍,**,1:52.2,-0.4,**,1-1-1-1,38.1-36.5,36.5,478(-4),,,(メイショウゲキリン),770.0,1,0.33333333333334136,0.21250000000000002,0.9230769230769231,0.5996000000000006,0.21250000000000002,0.9230769230769231,,,0.6535433070866141,0.6000000000000001
180,180,2022/11/27,5阪神8,晴,7,3歳以上1勝クラス,,8,5,5,5.3,2,2,小沢大仁,54,ダ1800,稍,**,1:52.6,0.4,**,2-2-2-2,38.1-36.5,36.8,510(+8),,,メイクアリープ,310.0,2,-0.20000000000005125,1.5666666666666667,0.68,-1.4035999999999997,1.2750000000000001,0.6333333333333333,,,0.30952380952380953,1.7571428571428573
181,181,2022/11/27,5阪神8,晴,7,3歳以上1勝クラス,,8,6,6,10.5,4,3,岩田望来,57,ダ1800,稍,**,1:53.2,1.0,**,3-5-3-3,38.1-36.5,37.3,530(+4),,,メイクアリープ,190.0,3,-0.09334862385321241,0.9076923076923075,0.6986301369863014,-0.015133333333331223,0.7619047619047616,0.7509578544061303,,,0.6535433070866141,0.6000000000000001
182,182,2022/11/27,5阪神8,晴,7,3歳以上1勝クラス,,8,2,2,7.4,3,4,鮫島克駿,55,ダ1800,稍,**,1:53.5,1.3,**,3-3-3-4,38.1-36.5,37.5,462(-8),,,メイクアリープ,120.0,4,0.09999999999999998,0.15,0.8888888888888888,0.6931999999999974,0.4875,0.6792452830188679,,,0.47368421052631576,1.225
183,183,2022/11/27,5阪神8,晴,7,3歳以上1勝クラス,,8,7,7,24.7,5,5,角田大河,55,ダ1800,稍,**,1:54.5,2.3,**,6-6-6-5,38.1-36.5,38.3,502(+22),,,メイクアリープ,77.0,5,-0.5506849315068494,1.1428571428571428,0.671875,0.4596000000000003,0.9919999999999998,0.6931034482758621,,,0.47368421052631576,1.1666666666666667
184,184,2022/11/27,5阪神8,晴,7,3歳以上1勝クラス,,8,8,8,62.9,6,6,坂井瑠星,55,ダ1800,稍,**,1:55.2,3.0,**,6-6-7-7,38.1-36.5,38.6,478(+8),,,メイクアリープ,,6,1.4765625000000022,2.3200000000000003,0.4576271186440678,-0.9102318840579701,1.764285714285714,0.5058823529411764,,,0.5072463768115942,1.839285714285714
185,185,2022/11/27,5阪神8,晴,7,3歳以上1勝クラス,,8,3,3,242.0,8,7,大久保友,54.0,ダ1800,稍,**,1:55.3,3.1,**,8-8-8-8,38.1-36.5,38.4,464(0),,,メイクアリープ,,7,-0.5788659793814439,1.7222222222222223,0.4774774774774775,0.35160000000000163,1.1547619047619047,0.5665399239543726,,,0.6062992125984252,1.040909090909091
186,186,2022/11/27,5阪神8,晴,7,3歳以上1勝クラス,,8,4,4,67.7,7,8,永島まな,51,ダ1800,稍,**,1:56.5,4.3,**,3-4-5-6,38.1-36.5,40.1,482(+2),,,メイクアリープ,,8,0.7749999999999977,3.9,0.1702127659574468,-1.818699999999998,2.29,0.35714285714285715,,,0.43529411764705883,1.6437499999999998
187,187,2022/11/20,5阪神6,曇,6,3歳以上1勝クラス,,12,5,5,6.5,5,1,幸英明,55,ダ1800,稍,**,1:53.6,-0.2,**,5-5-5-6,37.2-37.4,37.0,502(+6),,,(パトリオットラン),770.0,1,-0.23999999999999944,1.1166666666666667,0.625,0.3130666666666701,1.1166666666666667,0.625,,,0.5255474452554745,0.9999999999999999
188,188,2022/11/20,5阪神6,曇,6,3歳以上1勝クラス,,12,2,2,4.2,2,2,角田大河,53,ダ1800,稍,**,1:53.8,0.2,**,3-3-2-2,37.2-37.4,37.5,530(+10),,,ゼウスバイオ,310.0,2,-0.014285714285715345,1.535,0.49557522123893805,-0.5272000000000012,1.38125,0.449438202247191,,,0.47368421052631576,1.225
189,189,2022/11/20,5阪神6,曇,6,3歳以上1勝クラス,,12,6,7,31.5,8,3,岩田望来,57,ダ1800,稍,**,1:54.2,0.6,**,8-8-5-1,37.2-37.4,37.5,498(+1),,,ゼウスバイオ,190.0,3,0.6437499999999865,1.6499999999999997,0.504950495049505,-0.17511111111110958,1.065,0.6388888888888888,,,0.3793103448275862,2.075
190,190,2022/11/20,5阪神6,曇,6,3歳以上1勝クラス,,12,8,11,2.9,1,4,松山弘平,55,ダ1800,稍,**,1:54.4,0.8,**,11-12-11-2,37.2-37.4,37.6,504(+14),,,ゼウスバイオ,120.0,4,-0.56,0.45999999999999996,0.8305084745762712,0.6731999999999985,0.6333333333333333,0.7808219178082192,,,0.5434782608695652,1.25
191,191,2022/11/20,5阪神6,曇,6,3歳以上1勝クラス,,12,7,9,16.2,6,5,福永祐一,55,ダ1800,稍,**,1:54.8,1.2,**,8-8-10-9,37.2-37.4,37.6,484(-5),,,ゼウスバイオ,77.0,5,-1.7812499999999996,1.2,0.4090909090909091,-0.08880000000000621,0.825,0.6086956521739131,,,0.352,1.5791666666666666
192,192,2022/11/20,5阪神6,曇,6,3歳以上1勝クラス,,12,8,12,5.2,3,6,古川奈穂,51,ダ1800,稍,**,1:55.0,1.4,**,1-1-1-2,37.2-37.4,38.8,466(-2),,,ゼウスバイオ,,6,-1.7500000000000027,0.58,0.7868852459016393,-0.4140000000000029,0.425,0.84,,,0.6318181818181818,2.3156250000000003
193,193,2022/11/20,5阪神6,曇,6,3歳以上1勝クラス,,12,5,6,22.6,7.0,7,和田竜二,57,ダ1800,稍,**,1:55.2,1.6,**,10-10-8-8,37.2-37.4,38.3,488(+2),,,ゼウスバイオ,,7,1.9200000000000088,1.4777777777777779,0.7115384615384616,-0.2523555555555564,0.9125000000000001,0.8297872340425532,,,0.5918367346938775,1.7055555555555555
194,194,2022/11/20,5阪神6,曇,6,3歳以上1勝クラス,,12,3,3,75.9,9,8,古川吉洋,55,ダ1800,稍,**,1:55.4,1.8,**,4-4-3-2,37.2-37.4,38.9,488(0),,,ゼウスバイオ,,8,0.3590909090908937,1.6687499999999997,0.4444444444444444,-0.8224999999999971,1.6687499999999997,0.4444444444444444,,,0.6535433070866141,0.6000000000000001
195,195,2022/11/20,5阪神6,曇,6,3歳以上1勝クラス,,12,4,4,161.9,11,9,今村聖奈,54.0,ダ1800,稍,**,1:55.9,2.3,**,7-7-7-9,37.2-37.4,39.0,464(+2),,,ゼウスバイオ,,9,-0.8823899371069182,1.6500000000000001,0.5,0.421400000000002,1.0975,0.5793650793650794,,,0.5443786982248521,1.614285714285714
196,196,2022/11/20,5阪神6,曇,6,3歳以上1勝クラス,,12,6,8,6.2,4,10,川端海翼,54,ダ1800,稍,**,1:56.0,2.4,**,2-2-3-6,37.2-37.4,39.5,488(+8),,,ゼウスバイオ,,10,-3.699999999999998,0.5,0.8260869565217391,1.806600000000003,-0.059999999999999984,0.8921568627450981,,,0.5648148148148148,1.0277777777777777
197,197,2022/11/20,5阪神6,曇,6,3歳以上1勝クラス,,12,7,10,262.3,12,11,藤岡佑介,57,ダ1800,稍,**,1:57.2,3.6,**,11-11-11-9,37.2-37.4,40.1,514(0),,,ゼウスバイオ,,11,0.9541666666666679,1.714285714285714,0.42857142857142855,-0.8324499999999997,0.9315789473684208,0.6570048309178744,,,0.5443786982248521,1.614285714285714
