,index,日付,開催,天気,R,レース名,映像,頭数,枠番,馬番,オッズ,人気,着順,騎手,斤量,距離,馬場,馬場指数,タイム,着差,ﾀｲﾑ指数,通過,ペース,上り,馬体重,厩舎ｺﾒﾝﾄ,備考,勝ち馬(2着馬),賞金,本番着順,合計賞金,賞金平均,着差平均,ﾀｲﾑ指数平均
0,0,2021/04/25,2東京2,曇,11.0,サンスポ賞フローラS(G2),,17,2.0,3,3.5,2,3,Ｍ．デム,54.0,芝2000,良,-25.0,1:59.6,0.2,92.0,9-8-10,35.2-33.8,33.2,454(-10),,,クールキャット,1317.0,1,19635.5,2805.0714285714284,0.17142857142857146,91.28571428571429
1,1,2021/04/11,2阪神6,晴,11.0,桜花賞(G1),,18,3.0,5,10.5,4.0,4,横山武史,55.0,芝1600,良,-20.0,1:31.3,0.2,112.0,3-6,34.1-34.3,33.9,444(-6),,,ソダシ,1600.0,2,11932.0,1988.6666666666667,0.18333333333333335,91.83333333333333
2,2,2021/05/01,2阪神11,曇,9.0,矢車賞(1勝クラス),,11,3.0,3,7.5,3,1,藤懸貴志,54.0,芝2200,良,-17.0,2:12.7,-0.1,94.0,9-4-3-3,35.5-36.0,35.8,454(-6),,出脚鈍い,(ハッピーオーサム),1036.6,3,4837.6,967.5200000000001,0.27999999999999997,86.2
3,3,2021/05/02,2東京4,曇,11.0,スイートピーS(L),,13,5.0,6,9.3,5,1,岩田望来,54.0,芝1800,良,-15.0,1:46.2,-0.3,98.0,8-8-8,34.7-35.9,34.3,456(+6),,,(アラビアンナイト),2030.8,4,4370.8,1092.7,0.125,92.75
4,4,2021/04/11,2阪神6,晴,11.0,桜花賞(G1),,18,5.0,10,11.8,5,5,Ｍ．デム,55.0,芝1600,良,-20.0,1:31.8,0.7,107.0,8-9,34.1-34.3,34.1,422(-6),,,ソダシ,1050.0,5,4266.8,1066.7,0.25,98.0
5,5,2021/04/11,3中山6,晴,7.0,3歳1勝クラス,,10,4.0,4,4.8,4,1,吉田豊,54.0,芝1800,良,-8.0,1:49.6,0.0,89.0,8-9-8-6,38.0-34.7,33.5,490(+16),,,(アビッグチア),730.0,6,1570.0,261.6666666666667,0.35000000000000003,85.16666666666667
6,6,2021/04/11,2阪神6,晴,11.0,桜花賞(G1),,18,4.0,7,41.9,9,6,藤岡佑介,55.0,芝1600,良,-20.0,1:31.8,0.7,110.0,18-18,34.1-34.3,33.2,446(-6),,,ソダシ,0.0,7,3365.6000000000004,480.80000000000007,0.31428571428571433,93.71428571428571
7,7,2021/04/11,2阪神6,晴,11.0,桜花賞(G1),,18,2.0,4,3.6,2,1,吉田隼人,55.0,芝1600,良,-20.0,1:31.1,0.0,114.0,3-3,34.1-34.3,33.8,472(0),,,(サトノレイナス),13185.9,8,26623.2,4437.2,-0.016666666666666673,96.33333333333333
8,8,2021/03/28,3中山2,曇,9.0,ミモザ賞(1勝クラス),,10,8.0,10,2.5,1,1,ルメール,54.0,芝2000,重,19.0,2:03.4,-0.4,102.0,7-7-8-4,34.3-36.5,35.7,434(-12),,出遅れ,(スウィートブルーム),1033.8,9,1913.8,478.45,0.07499999999999998,90.0
9,9,2021/04/25,2東京2,曇,11.0,サンスポ賞フローラS(G2),,17,5.0,9,7.2,3,6,田辺裕信,54.0,芝2000,良,-25.0,2:00.1,0.7,88.0,12-11-13,35.2-33.8,33.5,414(-4),,出遅れ,クールキャット,0.0,10,1950.3,325.05,0.2833333333333333,85.5
10,10,2021/04/11,2阪神6,晴,11.0,桜花賞(G1),,18,1.0,2,15.3,8,3,福永祐一,55.0,芝1600,良,-20.0,1:31.2,0.1,113.0,8-6,34.1-34.3,33.7,488(-4),,,ソダシ,2983.7,11,7329.7,1465.94,0.08000000000000002,90.4
11,11,2021/04/25,2東京2,曇,11.0,サンスポ賞フローラS(G2),,17,6.0,12,88.3,14,2,石川裕紀,54.0,芝2000,良,-25.0,1:59.6,0.2,92.0,3-2-2,35.2-33.8,33.8,422(-8),,,クールキャット,2134.0,12,3871.3,553.0428571428572,0.8,84.85714285714286
12,12,2021/04/11,2阪神6,晴,9.0,忘れな草賞(L),,11,5.0,5,3.5,2,1,福永祐一,54.0,芝2000,良,-20.0,1:58.0,-0.2,103.0,7-6-7-6,35.3-34.9,34.3,482(+6),,,(エイシンヒテン),2023.8,13,3250.0,464.2857142857143,0.21428571428571427,90.85714285714286
13,13,2021/04/25,2東京2,曇,11.0,サンスポ賞フローラS(G2),,17,8.0,15,11.8,5,1,ルメール,54.0,芝2000,良,-25.0,1:59.4,-0.2,94.0,4-4-4,35.2-33.8,33.4,506(-2),,,(スライリー),5319.0,14,6659.0,1109.8333333333333,0.5333333333333334,86.33333333333333
14,14,2021/04/25,2東京2,曇,11.0,サンスポ賞フローラS(G2),,17,1.0,1,15.1,7,5,和田竜二,54.0,芝2000,良,-25.0,2:00.0,0.6,88.0,6-6-6,35.2-33.8,33.9,458(-4),,,クールキャット,520.0,15,4852.2,693.1714285714286,0.5714285714285714,85.28571428571429
15,15,2021/03/27,2阪神1,晴,9.0,君子蘭賞(1勝クラス),,10,5.0,5,3.2,1,1,川田将雅,54.0,芝1800,良,-16.0,1:47.6,0.0,88.0,3-4,36.4-33.7,33.4,508(+2),,,(テーオーラフィット),1036.6,16,1546.6,515.5333333333333,1.0666666666666667,79.0
16,16,2021/04/11,2阪神6,晴,11.0,桜花賞(G1),,18,1.0,1,63.6,13,12,田辺裕信,55.0,芝1600,良,-20.0,1:32.6,1.5,98.0,15-14,34.1-34.3,34.6,502(-12),,,ソダシ,0.0,17,3101.7,516.9499999999999,0.85,83.33333333333333
17,17,2021/04/11,2阪神6,晴,11.0,桜花賞(G1),,18,5.0,9,106.6,15,8,岩田望来,55.0,芝1600,良,-20.0,1:32.0,0.9,104.0,11-9,34.1-34.3,34.3,418(+2),,,ソダシ,0.0,18,2867.2,409.59999999999997,0.942857142857143,87.28571428571429
18,18,2020/04/12,2阪神6,雨,11.0,桜花賞(G1),,18,5.0,9,4.2,2,1,松山弘平,55.0,芝1600,重,26.0,1:36.1,-0.2,110.0,13-12,34.9-38.1,36.6,466(0),,,(レシステンシア),13009.5,1,29389.1,7347.275,-0.3,96.75
19,19,2020/04/26,2東京2,晴,11.0,サンスポ賞フローラS(G2),,17,2.0,3,11.4,4,1,横山武史,54.0,芝2000,良,-16.0,1:58.7,0.0,99.0,4-4-5,35.1-35.7,35.3,450(-10),,,(ホウオウピースフル),5324.6,2,12320.5,2464.1,-0.039999999999999994,92.0
20,20,2020/04/12,2阪神6,雨,9.0,忘れな草賞(L),,10,2.0,2,5.6,3,1,Ｍ．デム,54.0,芝2000,稍,14.0,2:03.6,-0.2,97.0,5-5-4-5,37.4-35.2,34.8,468(+4),,,(イズジョーノキセキ),2022.4,3,7042.900000000001,1006.1285714285715,0.2571428571428571,87.57142857142857
21,21,2020/04/12,2阪神6,雨,11.0,桜花賞(G1),,18,4.0,8,7.7,4,10,川田将雅,55.0,芝1600,重,26.0,1:37.3,1.2,94.0,10-9,34.9-38.1,38.0,478(-4),,出遅れ,デアリングタクト,0.0,4,5332.2,1066.44,0.31999999999999995,91.0
22,22,2020/04/12,2阪神6,雨,11.0,桜花賞(G1),,18,7.0,13,24.4,8,12,浜中俊,55.0,芝1600,重,26.0,1:37.6,1.5,91.0,15-14,34.9-38.1,37.8,424(-6),,出遅れ,デアリングタクト,0.0,5,4835.8,805.9666666666667,0.23333333333333336,91.83333333333333
23,23,2020/04/12,2阪神6,雨,11.0,桜花賞(G1),,18,1.0,2,224.3,16,11,石橋脩,55.0,芝1600,重,26.0,1:37.5,1.4,92.0,18-14,34.9-38.1,37.7,466(+2),,出遅れ,デアリングタクト,0.0,6,2346.6,335.2285714285714,0.44285714285714295,89.0
24,24,2020/04/12,2阪神6,雨,11.0,桜花賞(G1),,18,7.0,14,10.4,7,5,福永祐一,55.0,芝1600,重,26.0,1:36.9,0.8,98.0,3-8,34.9-38.1,37.8,470(+6),,,デアリングタクト,1050.0,7,6518.0,1086.3333333333333,0.2333333333333333,88.16666666666667
25,25,2020/04/26,2東京2,晴,11.0,サンスポ賞フローラS(G2),,17,4.0,7,4.8,2,2,レーン,54.0,芝2000,良,-16.0,1:58.7,0.0,99.0,5-4-5,35.1-35.7,35.3,478(+2),,,ウインマリリン,2135.6,8,3847.5,769.5,0.13999999999999999,85.4
26,26,2020/04/12,2阪神6,雨,9.0,忘れな草賞(L),,10,5.0,5,1.9,1,3,福永祐一,54.0,芝2000,稍,14.0,2:03.8,0.2,95.0,4-4-4-3,37.4-35.2,35.1,438(0),,,ウインマイティー,503.2,9,2312.1000000000004,462.4200000000001,0.09999999999999996,85.0
27,27,2020/04/12,2阪神6,雨,11.0,桜花賞(G1),,18,3.0,5,8.1,5,8,田辺裕信,55.0,芝1600,重,26.0,1:37.2,1.1,95.0,3-3,34.9-38.1,38.8,440(-4),,,デアリングタクト,0.0,10,9735.7,1390.814285714286,0.4428571428571429,90.71428571428571
28,28,2020/05/03,2東京4,晴,11.0,スイートピーS(L),,18,4.0,7,3.0,1,1,レーン,54.0,芝1800,良,-21.0,1:47.1,-0.3,96.0,14-14-13,35.9-33.5,32.5,468(-4),,S不利,(スマートリアン),2040.6,11,2550.6,850.1999999999999,0.09999999999999998,92.66666666666667
29,29,2020/04/12,2阪神6,雨,11.0,桜花賞(G1),,18,3.0,6,42.1,10,16,藤岡康太,55.0,芝1600,重,26.0,1:38.2,2.1,85.0,7-5,34.9-38.1,39.4,460(0),,,デアリングタクト,0.0,12,4836.7,806.1166666666667,0.6333333333333334,89.5
30,30,2020/04/12,2阪神6,雨,11.0,桜花賞(G1),,18,2.0,4,6.9,3,6,ルメール,55.0,芝1600,重,26.0,1:36.9,0.8,98.0,7-5,34.9-38.1,38.1,456(+2),,,デアリングタクト,0.0,13,5745.6,1149.1200000000001,0.34,90.6
31,31,2020/04/12,2阪神6,雨,11.0,桜花賞(G1),,18,5.0,10,174.4,14,7,藤井勘一,55.0,芝1600,重,26.0,1:37.1,1.0,96.0,15-16,34.9-38.1,37.2,434(+8),,,デアリングタクト,0.0,14,2238.0,279.75,0.48749999999999993,86.5
32,32,2020/04/12,2阪神6,雨,11.0,桜花賞(G1),,18,6.0,11,8.8,6.0,4,Ｍ．デム,55.0,芝1600,重,26.0,1:36.8,0.7,100.0,7-13,34.9-38.1,37.1,442(-4),,,デアリングタクト,1600.0,15,7354.4,1225.7333333333333,0.4666666666666666,94.66666666666667
33,33,2020/04/12,2阪神6,雨,11.0,桜花賞(G1),,18,2.0,3,35.5,9,3,柴田大知,55.0,芝1600,重,26.0,1:36.6,0.5,102.0,1-1,34.9-38.1,38.6,416(0),,,デアリングタクト,2958.5,16,8239.7,1177.1000000000001,0.34285714285714286,89.14285714285714
34,34,2020/03/20,2中山7,晴,11.0,フラワーC(G3),,14,8.0,13,79.3,12,1,藤井勘一,54.0,芝1800,良,-6.0,1:48.2,-0.1,95.0,2-2-2-2,35.8-36.9,36.7,480(+4),,,(レッドルレーヴ),3550.4,17,4150.4,1383.4666666666665,0.49999999999999994,85.0
35,35,2020/04/12,2阪神6,雨,11.0,桜花賞(G1),,18,6.0,12,171.6,13,14,石川裕紀,55.0,芝1600,重,26.0,1:37.7,1.6,90.0,10-9,34.9-38.1,38.3,406(+6),,,デアリングタクト,0.0,18,2983.3,596.6600000000001,0.76,86.6
36,36,2019/04/07,2阪神6,晴,9.0,忘れな草賞(L),,9,7.0,7,1.5,1,1,Ｍ．デム,54.0,芝2000,良,-6.0,2:00.6,-0.5,96.0,7-7-4-4,36.3-35.0,34.6,456(+4),,S不利,(ルタンブル),2023.1,1,17294.9,4323.725,-0.25,93.75
37,37,2019/04/28,2東京4,晴,11.0,スイートピーS(L),,12,5.0,6,5.1,2,1,津村明秀,54.0,芝1800,良,-17.0,1:47.7,0.0,88.0,7-4-3,37.3-33.3,33.1,464(-2),,出遅れ,(シングフォーユー),2028.0,2,8596.8,1432.8,0.13333333333333333,85.5
38,38,2019/04/07,2阪神6,晴,11.0,桜花賞(G1),,18,2.0,4,5.7,3,3,北村友一,55.0,芝1600,良,-6.0,1:33.1,0.4,111.0,8-9,35.4-33.3,32.9,434(-4),,,グランアレグリア,2954.7,3,14611.199999999999,2435.2,0.05000000000000002,96.66666666666667
39,39,2019/04/21,2東京2,晴,11.0,サンスポ賞フローラS(G2),,18,2.0,4,6.7,3,1,戸崎圭太,54.0,芝2000,良,-18.0,1:59.5,0.0,98.0,12-12-11,35.9-34.2,33.2,466(-4),,出遅れ,(シャドウディーヴァ),5327.4,4,8547.4,1424.5666666666666,0.2833333333333334,93.5
40,40,2019/04/07,2阪神6,晴,11.0,桜花賞(G1),,18,7.0,15,2.8,1,4,川田将雅,55.0,芝1600,良,-6.0,1:33.1,0.4,110.0,5-4,35.4-33.3,33.4,462(+2),,,グランアレグリア,1600.0,5,18336.9,2619.557142857143,0.04285714285714286,97.0
41,41,2019/04/21,2東京2,晴,11.0,サンスポ賞フローラS(G2),,18,1.0,2,5.4,2,2,岩田康誠,54.0,芝2000,良,-18.0,1:59.5,0.0,98.0,7-8-7,35.9-34.2,33.5,464(-2),,,ウィクトーリア,2136.4,6,3899.2000000000003,557.0285714285715,0.15714285714285717,91.85714285714286
42,42,2019/04/07,2阪神6,晴,11.0,桜花賞(G1),,18,1.0,1,19.2,6,9,武豊,55.0,芝1600,良,-6.0,1:33.7,1.0,106.0,16-15,35.4-33.3,33.0,462(-10),,,グランアレグリア,0.0,7,5024.6,717.8000000000001,0.31428571428571433,89.57142857142857
43,43,2019/04/07,2阪神6,晴,11.0,桜花賞(G1),,18,5.0,9,12.4,5,13,Ｍ．デム,55.0,芝1600,良,-6.0,1:34.6,1.9,93.0,7-6,35.4-33.3,34.7,408(-10),,,グランアレグリア,0.0,8,3071.0,614.2,0.5599999999999999,88.0
44,44,2019/03/16,2中山7,晴,11.0,フラワーC(G3),,13,4.0,4,2.8,2,1,丸山元気,54.0,芝1800,良,-8.0,1:47.4,-0.4,105.0,1-1-1-1,36.6-34.9,34.9,466(0),,,(エールヴォア),3546.9,9,5655.900000000001,942.6500000000001,-0.01666666666666669,90.0
45,45,2019/04/07,2阪神6,晴,11.0,桜花賞(G1),,18,5.0,10,95.2,13,15,丸山元気,55.0,芝1600,良,-6.0,1:35.0,2.3,87.0,18-18,35.4-33.3,34.0,434(-2),,,グランアレグリア,0.0,10,4237.4,847.4799999999999,0.7999999999999998,86.4
46,46,2019/04/07,2阪神6,晴,11.0,桜花賞(G1),,18,1.0,2,26.1,8,7,松山弘平,55.0,芝1600,良,-6.0,1:33.5,0.8,108.0,13-15,35.4-33.3,32.9,508(-2),,,グランアレグリア,0.0,11,3949.4000000000005,564.2,0.3857142857142857,94.71428571428571
47,47,2019/04/07,2阪神6,晴,11.0,桜花賞(G1),,18,8.0,16,20.0,7,2,和田竜二,55.0,芝1600,良,-6.0,1:33.1,0.4,112.0,15-12,35.4-33.3,32.7,458(+6),,出遅れ,グランアレグリア,4909.4,12,7716.599999999999,1543.32,0.6199999999999999,95.4
48,48,2019/04/21,2東京2,晴,11.0,サンスポ賞フローラS(G2),,18,3.0,6,38.0,12,7,松岡正海,54.0,芝2000,良,-18.0,1:59.9,0.4,94.0,4-3-4,35.9-34.2,34.1,468(+8),,,ウィクトーリア,0.0,13,2848.7,406.95714285714286,0.6142857142857142,82.71428571428571
49,49,2019/04/21,2東京2,晴,11.0,サンスポ賞フローラS(G2),,18,5.0,9,28.3,9,3,武藤雅,54.0,芝2000,良,-18.0,1:59.6,0.1,95.0,1-1-1,35.9-34.2,34.3,478(+6),,,ウィクトーリア,1318.2,14,4903.7,544.8555555555555,0.8,86.44444444444444
50,50,2019/04/07,2阪神6,晴,11.0,桜花賞(G1),,18,7.0,14,10.7,4,5,福永祐一,55.0,芝1600,良,-6.0,1:33.2,0.5,110.0,10-6,35.4-33.3,33.3,470(-6),,,グランアレグリア,1050.0,15,5993.4,998.9,0.6166666666666667,93.0
51,51,2019/04/21,2東京2,晴,11.0,サンスポ賞フローラS(G2),,18,8.0,18,6.7,4,5,和田竜二,54.0,芝2000,良,-18.0,1:59.6,0.1,96.0,11-5-6,35.9-34.2,33.7,472(+2),,,ウィクトーリア,520.0,16,2746.3,549.26,0.74,89.2
52,52,2019/04/06,3中山5,晴,11.0,ニュージーランドT(G2),,14,2.0,3,5.0,3.0,2,横山典弘,54.0,芝1600,良,-13.0,1:34.2,0.0,98.0,2-3-4,35.9-33.9,33.6,480(-2),,,ワイドファラオ,2230.4,17,4549.6,568.7,0.7125,85.0
53,53,2019/04/07,2阪神6,晴,11.0,桜花賞(G1),,18,6.0,12,71.3,12,11,坂井瑠星,55.0,芝1600,良,-6.0,1:34.2,1.5,98.0,8-9,35.4-33.3,34.0,482(+2),,躓く,グランアレグリア,0.0,18,4750.5,593.8125,0.8625,84.5
54,54,2018/04/08,2阪神6,晴,11.0,桜花賞(G1),,17,7.0,13,3.9,2,1,ルメール,55,芝1600,良,-7.0,1:33.1,-0.3,110.0,15-16,34.5-34.4,33.2,462(-2),,出遅れ,(ラッキーライラック),12970.3,1,31341.9,6268.38,-0.24,93.6
55,55,2018/04/08,2阪神6,晴,11.0,桜花賞(G1),,17,5.0,9,7.4,3,3,川田将雅,55,芝1600,良,-7.0,1:33.5,0.4,103.0,6-6,34.5-34.4,34.3,498(0),,,アーモンドアイ,2952.9,2,13809.900000000001,2301.65,0.06666666666666671,95.83333333333333
56,56,2018/04/08,2阪神6,晴,11.0,桜花賞(G1),,17,1.0,1,1.8,1,2,石橋脩,55.0,芝1600,良,-7.0,1:33.4,0.3,103.0,3-3,34.5-34.4,34.5,488(-6),,,アーモンドアイ,4905.8,3,23652.9,3942.15,0.03333333333333332,95.0
57,57,2018/04/08,2阪神6,晴,11.0,桜花賞(G1),,17,3.0,5,70.4,12,7,松山弘平,55,芝1600,良,-7.0,1:33.8,0.7,98.0,5-3,34.5-34.4,34.8,466(+4),,,アーモンドアイ,0.0,4,4765.2,794.1999999999999,0.2333333333333333,91.0
58,58,2018/04/08,2阪神6,晴,11.0,桜花賞(G1),,17,8.0,17,13.5,4,5,武豊,55,芝1600,良,-7.0,1:33.8,0.7,99.0,12-9,34.5-34.4,34.4,440(+2),,,アーモンドアイ,1050.0,5,7961.6,1137.3714285714286,0.35714285714285715,93.14285714285714
59,59,2018/04/22,2東京2,晴,11.0,サンスポ賞フローラS(G2),,16,2.0,4,2.7,1,1,Ｍ．デム,54,芝2000,良,-17.0,1:59.5,0.0,100.0,16-15-14,36.9-34.5,33.4,446(-4),,出遅れ,(パイオニアバイオ),5324.6,6,7299.9,1459.98,0.32,92.0
60,60,2018/04/22,2東京2,晴,11.0,サンスポ賞フローラS(G2),,16,8.0,15,90.4,13,2,柴田善臣,54,芝2000,良,-17.0,1:59.5,0.0,99.0,6-3-3,36.9-34.5,34.4,428(+12),,,サトノワルキューレ,2135.6,7,3750.6,375.06,0.29,79.7
61,61,2018/04/22,2東京2,晴,11.0,サンスポ賞フローラS(G2),,16,2.0,3,23.9,8,6,内田博幸,54,芝2000,良,-17.0,1:59.9,0.4,96.0,12-11-11,36.9-34.5,34.1,434(+4),,出遅れ,サトノワルキューレ,0.0,8,1660.0,184.44444444444446,0.5,84.66666666666667
62,62,2018/04/08,2阪神6,曇,9.0,忘れな草賞(OP),,14,6.0,9,2.1,1,1,川田将雅,54,芝2000,良,-6.0,2:00.5,0.0,95.0,7-7-6-3,35.8-37.9,36.4,442(-8),,,(リュヌルージュ),1930.8,9,2938.0,734.5,0.47500000000000003,95.75
63,63,2018/02/24,2中山1,晴,9.0,水仙賞(500万下),,9,1.0,1,6.4,4,1,石橋脩,54,芝2200,良,-5.0,2:15.4,-0.2,92.0,3-3-3-3,36.7-34.8,34.3,434(-6),,,(ウラヌスチャーム),1020.3,10,1720.3,573.4333333333333,0.43333333333333335,83.0
64,64,2018/04/29,2東京4,晴,11.0,スイートピーS(OP),,11,8.0,11,8.2,4,1,戸崎圭太,54,芝1800,良,-17.0,1:47.7,-0.2,90.0,2-2-2,36.4-34.2,33.9,498(-12),,,(ミュージアムヒル),1929.4,11,2669.4,533.88,0.48,86.4
65,65,2018/04/28,3京都3,晴,9.0,矢車賞(500万下),,12,5.0,5,7.9,3,4,藤岡佑介,54,芝2200,良,-11.0,2:15.4,0.4,83.0,3-3-4-4,37.1-34.4,34.6,484(-6),,,トーホウアルテミス,150.0,12,1800.0,225.0,0.8125,86.5
66,66,2018/03/17,2中山7,晴,11.0,フラワーC(G3),,13,7.0,10,3.4,2,1,Ｍ．デム,54,芝1800,良,-3.0,1:49.2,0.0,94.0,5-5-5-4,36.8-35.5,35.1,428(-6),,出遅れ,(トーセンブレス),3546.9,13,4526.9,905.3799999999999,0.32,86.2
67,67,2018/04/28,3京都3,晴,9.0,矢車賞(500万下),,12,4.0,4,30.3,8,1,松若風馬,54,芝2200,良,-11.0,2:15.0,-0.2,87.0,2-2-2-2,37.1-34.4,34.4,466(-8),,,(センテリュオ),1026.6,14,1756.6,195.17777777777778,0.8999999999999999,79.11111111111111
68,68,2018/04/28,3京都3,晴,9.0,矢車賞(500万下),,12,3.0,3,30.9,9,6,池添謙一,54,芝2200,良,-11.0,2:15.6,0.6,82.0,12-12-9-9,37.1-34.4,34.4,398(0),,出遅れ,トーホウアルテミス,0.0,15,740.0,92.5,1.025,81.75
69,69,2018/04/29,2東京4,晴,11.0,スイートピーS(OP),,11,4.0,4,40.9,9,6,西村淳也,54,芝1800,良,-17.0,1:48.2,0.5,88.0,1-1-1,36.4-34.2,34.7,454(-4),,,ランドネ,0.0,16,2345.2,180.39999999999998,1.1923076923076923,78.53846153846153
70,70,2018/04/22,2東京2,晴,11.0,サンスポ賞フローラS(G2),,16,5.0,10,6.1,3,14,石橋脩,54,芝2000,良,-17.0,2:00.6,1.1,88.0,3-4-4,36.9-34.5,35.4,416(+2),,,サトノワルキューレ,0.0,17,2258.0,451.6,0.8400000000000001,82.6
71,71,2017/04/09,2阪神6,曇,11,桜花賞(G1),,17,7,14,1.4,1.0,3,ルメール,55,芝1600,稍,9,1:34.6,0.1,106,6-5,34.7-36.2,35.4,474(-2),,,レーヌミノル,2679.4,1,27717.8,4619.633333333333,-0.16666666666666666,97.66666666666667
72,72,2017/04/23,2東京2,晴,11.0,サンスポ賞フローラS(G2),,18,1.0,1,37.2,12.0,1,和田竜二,54.0,芝2000,良,-7.0,2:01.3,0.0,95.0,7-7-8,37.1-34.7,33.9,468(0),,,(ヤマカツグレース),5326.0,2,11403.0,1900.5,0.2833333333333333,86.33333333333333
73,73,2017/04/09,2阪神6,曇,11,桜花賞(G1),,17,7,15,5.1,2.0,12,Ｍ．デム,55,芝1600,稍,9,1:35.5,1.0,98,17-16,34.7-36.2,35.6,474(-6),,出遅れ,レーヌミノル,0.0,3,8227.5,1371.25,0.23333333333333328,95.33333333333333
74,74,2017/05/07,3京都6,晴,9.0,矢車賞(500万下),,9,5.0,5,1.9,1.0,1,岩田康誠,54.0,芝1800,良,-10.0,1:47.8,-0.3,91.0,5-5,35.2-34.3,33.8,476(+2),,,(ドロウアカード),1021.0,4,5693.1,517.5545454545455,0.19090909090909092,89.72727272727273
75,75,2017/04/09,2阪神6,曇,11.0,桜花賞(G1),,17,3.0,6,14.5,3.0,2,武豊,55.0,芝1600,稍,9.0,1:34.6,0.1,106.0,9-8,34.7-36.2,35.3,436(-2),,,レーヌミノル,4458.8,5,12726.300000000001,1818.0428571428572,0.09999999999999999,96.85714285714286
76,76,2017/04/23,2東京2,晴,11,サンスポ賞フローラS(G2),,18,7,14,4.1,2.0,3,戸崎圭太,54,芝2000,良,-7,2:01.3,0.0,94,3-3-3,37.1-34.7,34.3,452(-4),,,モズカッチャン,1318.0,6,4204.700000000001,700.7833333333334,0.13333333333333336,90.5
77,77,2017/04/30,2東京4,晴,11,スイートピーS(OP),,18,5,9,60.4,16.0,8,宮崎北斗,54.0,芝1800,良,-11,1:47.9,0.5,89,2-4-4,36.1-34.1,34.3,410(+10),,,ブラックスビーチ,0.0,7,3652.8,304.40000000000003,0.7000000000000001,79.91666666666667
78,78,2017/04/09,3中山6,雨,9,デイジー賞(500万下),,11,6,6,5.4,2.0,1,北村宏司,54,芝1800,重,25,1:53.6,0.0,85,5-4-5-3,38.6-37.1,36.5,438(-2),,,(クイントゥープル),1028.0,8,1638.0,273.0,0.5333333333333333,84.66666666666667
79,79,2017/04/30,2東京4,晴,11,スイートピーS(OP),,18,4,7,6.4,3.0,1,北村宏司,54,芝1800,良,-11,1:47.4,0.0,95,9-8-7,36.1-34.1,33.4,440(-4),,,(カリビアンゴールド),1939.2,9,2839.2,473.2,0.45,87.66666666666667
80,80,2017/04/09,2阪神6,曇,11,桜花賞(G1),,17,8,16,15.8,4.0,16,四位洋文,55,芝1600,稍,9,1:36.8,2.3,83,9-9,34.7-36.2,37.4,502(+6),,,レーヌミノル,0.0,10,2112.6,528.15,1.0,87.25
81,81,2017/04/30,2東京4,晴,11,スイートピーS(OP),,18,3,5,18.4,9.0,2,田中勝春,54,芝1800,良,-11,1:47.4,0.0,95,10-10-10,36.1-34.1,33.1,458(-2),,,ブラックスビーチ,771.2,11,2341.2,292.65,0.46249999999999997,86.625
82,82,2017/02/13,1小倉1,晴,10,あすなろ賞(500万下),,12,5,6,3.9,2.0,1,北村友一,54,芝2000,良,-1,2:00.0,-0.2,96,8-8-5-4,33.7-36.1,35.7,492(+2),,,(ワンダープチュック),1027.3,12,2522.7,420.45,0.39999999999999997,88.16666666666667
83,83,2017/04/09,2阪神6,曇,11,桜花賞(G1),,17,5,10,40.8,8.0,1,池添謙一,55,芝1600,稍,9,1:34.5,-0.1,107,4-4,34.7-36.2,35.4,466(-2),,,(リスグラシュー),11855.8,13,21509.1,2688.6375,0.23750000000000002,97.75
84,84,2017/04/09,2阪神6,曇,9,忘れな草賞(OP),,10,3,3,6.6,3.0,1,田辺裕信,54,芝2000,稍,9,2:04.3,0.0,87,10-10-9-8,37.6-36.8,36.0,428(-6),,出遅れ,(アルメリアブルーム),1925.9,14,4075.5,452.8333333333333,0.4555555555555555,83.0
85,85,2017/04/23,2東京2,晴,11,サンスポ賞フローラS(G2),,18,8,16,36.2,11.0,5,北村宏司,54,芝2000,良,-7,2:01.6,0.3,92,11-11-9,37.1-34.7,34.1,460(-8),,,モズカッチャン,520.0,15,1320.0,330.0,0.7749999999999999,83.5
86,86,2017/04/23,2東京2,晴,11,サンスポ賞フローラS(G2),,18,3,5,2.1,1.0,8,田辺裕信,54,芝2000,良,-7,2:01.9,0.6,90,12-12-13,37.1-34.7,34.2,480(0),,,モズカッチャン,0.0,16,1703.8,340.76,0.56,84.4
87,87,2017/04/23,2東京2,晴,11,サンスポ賞フローラS(G2),,18,6,12,15.5,6.0,14,内田博幸,54,芝2000,良,-7,2:02.4,1.1,85,9-9-9,37.1-34.7,34.9,438(-2),,,モズカッチャン,0.0,17,3869.6,552.8,0.7714285714285715,86.71428571428571
88,88,2017/04/23,2東京2,晴,11,サンスポ賞フローラS(G2),,18,4,7,32.2,10.0,2,横山典弘,54,芝2000,良,-7.0,2:01.3,0.0,94.0,2-2-2,37.1-34.7,34.4,448(0),,,モズカッチャン,2136.0,18,4169.4,595.6285714285714,0.8142857142857143,83.85714285714286
89,89,2016/04/10,2阪神6,晴,11,桜花賞(G1),,18,6,12,4.9,2,2,池添謙一,55,芝1600,良,-9,1:33.4,0.0,103,8-8,34.8-34.3,33.7,426(-4),,,ジュエラー,4464.2,1,23333.399999999998,4666.679999999999,-0.04,95.6
90,90,2016/04/24,2東京2,曇,11,サンスポ賞フローラS(G2),,18,8,18,5.7,3,1,ルメール,54,芝2000,良,-12,1:59.7,-0.5,97,8-8-8,36.0-36.1,34.6,464(+2),,,(パールコード),5328.8,2,12813.600000000002,2562.7200000000003,-0.11999999999999997,92.0
91,91,2016/04/24,2東京2,曇,11,サンスポ賞フローラS(G2),,18,2,3,4.5,1,5,横山典弘,54,芝2000,良,-12,2:00.5,0.8,91,18-17-17,36.0-36.1,34.6,404(-4),,,チェッキーノ,520.0,3,4722.8,1180.7,0.0,95.0
92,92,2016/05/01,2東京4,晴,11,スイートピーS(OP),,18,5,9,4.0,1,1,横山典弘,54,芝1800,良,-13,1:48.1,0.0,91,4-2-2,36.7-34.0,34.0,470(-10),,,(フロムマイハート),1940.6,4,4677.799999999999,668.2571428571428,0.09999999999999999,85.57142857142857
93,93,2016/05/07,3京都5,曇,9,矢車賞(500万下),,12,6,7,1.6,1,1,四位洋文,54,芝1800,良,-10,1:48.4,-0.1,83,5-5,36.0-34.1,33.7,448(0),,,(エテルナミノル),1028.7,5,5671.9,708.9875,0.18749999999999997,87.125
94,94,2016/04/24,2東京2,曇,11,サンスポ賞フローラS(G2),,18,5,9,6.5,4,4,蛯名正義,54,芝2000,良,-12,2:00.3,0.6,90,5-5-4,36.0-36.1,36.0,450(+6),,,チェッキーノ,780.0,6,3306.7999999999997,413.34999999999997,0.42500000000000004,85.5
95,95,2016/04/10,2阪神6,晴,11,桜花賞(G1),,18,6,11,22.0,4,7,武豊,55,芝1600,良,-9,1:34.3,0.9,94,15-15,34.8-34.3,34.2,430(+2),,出遅れ,ジュエラー,0.0,7,2905.9,415.12857142857143,0.3714285714285714,89.85714285714286
96,96,2016/02/13,1東京5,晴,11,デイリー杯クイーンC(G3),,16,4,7,38.2,9,4,三浦皇成,54.0,芝1600,良,-10,1:33.6,1.1,96,11-11,34.4-34.7,34.7,450(0),,,メジャーエンブレム,440.0,8,2356.4,392.73333333333335,0.4333333333333333,82.66666666666667
97,97,2016/04/10,2阪神6,晴,11,桜花賞(G1),,18,4,7,38.3,7,10,川田将雅,55,芝1600,良,-9,1:34.4,1.0,93,16-15,34.8-34.3,34.2,442(-8),,,ジュエラー,0.0,9,3772.5,538.9285714285714,0.5714285714285714,88.14285714285714
98,98,2016/03/21,2中山8,晴,11,フラワーC(G3),,16,5,9,2.9,1,1,福永祐一,54,芝1800,良,-2,1:49.3,-0.2,89,1-1-1-1,36.8-35.6,35.6,496(+2),,,(ゲッカコウ),3558.1,10,4438.1,887.6200000000001,0.15999999999999998,88.2
99,99,2016/04/10,2阪神6,晴,11,桜花賞(G1),,18,5,10,36.9,6,3,福永祐一,55,芝1600,良,-9,1:33.7,0.3,99,10-11,34.8-34.3,33.9,430(-10),,,ジュエラー,2682.1,11,7197.1,1199.5166666666667,0.21666666666666665,91.33333333333333
100,100,2016/04/24,2東京2,曇,11,サンスポ賞フローラS(G2),,18,3,6,63.4,13,3,吉田豊,54,芝2000,良,-12,2:00.3,0.6,91,8-8-8,36.0-36.1,35.3,452(-2),,,チェッキーノ,1318.4,12,1888.4,377.68,0.8,82.0
101,101,2016/04/10,2阪神6,晴,9,忘れな草賞(OP),,11,7,8,4.6,2,1,川田将雅,54,芝2000,良,-9,2:03.3,-0.1,83,1-1-1-2,38.6-33.7,33.7,470(+8),,,(ペプチドサプル),1926.6,13,3414.8999999999996,853.7249999999999,0.47500000000000003,88.0
102,102,2016/04/10,2阪神6,晴,11,桜花賞(G1),,18,8,16,92.1,9,12,松岡正海,55,芝1600,良,-9,1:34.7,1.3,87,3-3,34.8-34.3,35.5,442(-2),,出遅れ,ジュエラー,0.0,14,4815.6,601.95,0.6749999999999999,88.0
103,103,2016/04/10,2阪神6,晴,11,桜花賞(G1),,18,8,17,248.9,13,5,藤岡康太,55,芝1600,良,-9,1:33.9,0.5,101,18-18,34.8-34.3,33.2,412(0),,出遅れ,ジュエラー,920.0,15,2642.4,377.4857142857143,0.6142857142857142,87.85714285714286
104,104,2016/05/01,2東京4,晴,11,スイートピーS(OP),,18,1,1,7.7,3,2,石橋脩,54,芝1800,良,-13,1:48.1,0.0,91,2-4-4,36.7-34.0,33.8,420(-12),,,ジェラシー,771.6,16,2868.7999999999997,286.88,0.31999999999999995,80.0
105,105,2016/04/24,2東京2,曇,11,サンスポ賞フローラS(G2),,18,1,2,12.3,7,8,松岡正海,54,芝2000,良,-12,2:00.9,1.2,88,15-15-14,36.0-36.1,35.4,450(+2),,出遅れ,チェッキーノ,0.0,17,3633.2,363.32,0.59,81.8
106,106,2016/05/07,2東京5,晴,6,3歳500万下,,10,4,4,40.7,7,1,古川吉洋,54,芝1800,良,-11.0,1:48.8,0.0,81.0,1-1-1,36.7-34.0,34.0,504(-2),,,(シャクンタラー),720.0,18,1320.0,264.0,1.22,73.8
107,107,2015/04/12,2阪神6,晴,9,忘れな草賞(OP),,12,6,7,2.1,1,1,浜中俊,54,芝2000,良,8,2:03.5,-0.1,94,9-9-9-7,37.4-34.7,34.0,426(+2),,出遅れ,(ロカ),1929.4,1,16632.8,3326.56,-0.08,94.4
108,108,2015/04/12,2阪神6,晴,11,桜花賞(G1),,18,4,8,1.6,1,9,戸崎圭太,55,芝1600,良,8,1:37.0,1.0,89,12-15,37.1-33.5,33.6,444(-6),,,レッツゴードンキ,0.0,2,10132.400000000001,2026.4800000000002,0.04,84.0
109,109,2015/04/12,2阪神6,晴,11,桜花賞(G1),,18,4,7,23.2,7,2,池添謙一,55,芝1600,良,8,1:36.7,0.7,92,12-13,37.1-33.5,33.4,488(+2),,出遅れ,レッツゴードンキ,4378.0,3,9711.2,1942.2400000000002,0.34,84.6
110,110,2015/04/12,2阪神6,晴,11,桜花賞(G1),,18,5,10,219.9,15,8,幸英明,55,芝1600,良,8,1:36.9,0.9,89,4-2,37.1-33.5,34.2,438(0),,,レッツゴードンキ,0.0,4,3526.4,587.7333333333333,0.5666666666666668,79.66666666666667
111,111,2015/04/12,2阪神6,晴,11,桜花賞(G1),,18,5,9,9.2,4,6,川田将雅,55,芝1600,良,8,1:36.9,0.9,90,16-17,37.1-33.5,33.2,432(-4),,,レッツゴードンキ,0.0,5,3577.2,596.1999999999999,0.2833333333333333,92.5
112,112,2015/04/12,2阪神6,晴,11,桜花賞(G1),,18,6,12,164.5,13,15,川島信二,55,芝1600,良,8,1:37.4,1.4,86,7-6,37.1-33.5,34.5,450(-2),,出遅れ,レッツゴードンキ,0.0,6,2256.6,322.37142857142857,0.5714285714285713,84.0
113,113,2015/04/12,2阪神6,晴,11,桜花賞(G1),,18,7,15,7.6,2,10,横山典弘,55,芝1600,良,8,1:37.0,1.0,90,12-13,37.1-33.5,33.7,452(-8),,出遅れ,レッツゴードンキ,0.0,7,8722.099999999999,1246.0142857142855,0.2714285714285714,89.85714285714286
114,114,2015/04/26,2東京2,晴,11,サンスポ賞フローラS(G2),,17,1,1,6.7,3,3,武豊,54,芝2000,良,-7,2:01.9,0.1,91,5-6-7,37.3-34.4,33.9,432(-18),,,シングウィズジョイ,1317.6,8,3068.2,438.3142857142857,0.24285714285714288,88.0
115,115,2015/04/12,2阪神6,晴,11.0,桜花賞(G1),,18,7.0,13,9.0,3,4,Ｍ．デム,55.0,芝1600,良,8.0,1:36.8,0.8,92.0,12-9,37.1-33.5,33.7,442(-2),,出遅れ,レッツゴードンキ,1300.0,9,8167.3,1633.46,0.19999999999999998,89.6
116,116,2015/04/12,2阪神6,晴,11.0,桜花賞(G1),,18,3.0,6,10.2,5,1,岩田康誠,55.0,芝1600,良,8.0,1:36.0,-0.7,97.0,1-1,37.1-33.5,33.5,464(-4),,,(クルミナル),11623.0,10,17693.5,2527.6428571428573,0.07142857142857147,90.57142857142857
117,117,2015/04/26,2東京2,晴,11,サンスポ賞フローラS(G2),,17,3,6,3.2,1,2,横山典弘,54.0,芝2000,良,-7,2:01.8,0.0,91,3-3-3,37.3-34.4,34.1,478(-8),,,シングウィズジョイ,2035.2,11,4530.7,647.2428571428571,0.32857142857142857,77.42857142857143
118,118,2015/04/12,2阪神6,晴,11,桜花賞(G1),,18,6,11,18.2,6,7,柴田善臣,55.0,芝1600,良,8,1:36.9,0.9,91,16-15,37.1-33.5,33.4,428(-12),,出遅れ,レッツゴードンキ,0.0,12,5168.9,1033.78,0.43999999999999995,89.6
119,119,2015/04/12,2阪神6,晴,11,桜花賞(G1),,18,2,3,255.6,16,5,黛弘人,55,芝1600,良,8.0,1:36.9,0.9,89.0,2-2,37.1-33.5,34.3,452(-8),,,レッツゴードンキ,890.0,13,5858.3,585.83,0.59,79.2
120,120,2015/04/12,2阪神6,晴,11,桜花賞(G1),,18,3,5,111.2,11,13,菱田裕二,55,芝1600,良,8,1:37.2,1.2,87,9-11,37.1-33.5,34.0,422(-2),,,レッツゴードンキ,0.0,14,4155.2,593.6,0.457142857142857,86.71428571428571
121,121,2015/04/12,2阪神6,晴,11,桜花賞(G1),,18,2,4,316.8,18,17,吉田隼人,55,芝1600,良,8.0,1:37.5,1.5,83.0,7-6,37.1-33.5,34.6,470(-14),,,レッツゴードンキ,0.0,15,3256.4,361.82222222222225,0.8666666666666667,79.88888888888889
122,122,2015/04/12,2阪神6,晴,11,桜花賞(G1),,18,1,1,27.8,8,3,ルメール,55,芝1600,良,8,1:36.8,0.8,91,5-11,37.1-33.5,33.6,444(-2),,,レッツゴードンキ,2589.0,16,5220.5,1044.1,0.72,89.4
123,123,2015/04/26,2東京2,晴,11,サンスポ賞フローラS(G2),,17,3,5,6.0,2,1,内田博幸,54,芝2000,良,-7,2:01.8,0.0,91,2-2-2,37.3-34.4,34.3,450(-6),,,(ディアマイダーリン),5123.2,17,7684.199999999999,853.7999999999998,0.37777777777777777,85.22222222222223
124,124,2014/04/13,2阪神6,曇,11.0,桜花賞(G1),,18,5.0,10,30.9,5,3,岩田康誠,55.0,芝1600,良,-8.0,1:33.4,0.1,104.0,12-12,33.8-36.3,33.8,438(0),,,ハープスター,2610.9,1,18111.399999999998,3018.566666666666,0.049999999999999996,89.83333333333333
125,125,2014/04/13,2阪神6,曇,11.0,桜花賞(G1),,18.0,8.0,18,1.2,1,1,川田将雅,55.0,芝1600,良,-8.0,1:33.3,0.0,108.0,18-18,33.8-36.3,32.9,478(+2),,出脚鈍い,(レッドリヴェール),11776.3,2,26325.4,4387.566666666667,-0.19999999999999998,94.16666666666667
126,126,2014/04/20,3中山8,曇,11.0,皐月賞(G1),,18,7.0,14,53.3,12,11,北村宏司,55.0,芝2000,良,-5.0,2:00.3,0.7,103.0,3-3-3-4,35.6-35.3,35.7,518(+2),,,イスラボニータ,0.0,3,7974.4,1139.2,1.5,74.0
127,127,2014/04/27,2東京2,晴,11.0,サンスポ賞フローラS(G2),,18,7.0,13,84.7,11,5,勝浦正樹,54.0,芝2000,良,-9.0,2:00.3,0.3,97.0,15-14-13,36.4-35.5,34.6,448(-4),,出遅れ,サングレアル,500.0,4,4955.6,550.6222222222223,0.3666666666666667,81.44444444444444
128,128,2014/04/27,2東京2,晴,11.0,サンスポ賞フローラS(G2),,18,3.0,5,10.1,6,2,秋山真一,54.0,芝2000,良,-9.0,2:00.0,0.0,97.0,3-3-3,36.4-35.5,35.3,458(-4),,,サングレアル,2038.4,5,5864.3,586.4300000000001,0.19999999999999998,85.4
129,129,2014/04/13,2阪神6,曇,11.0,桜花賞(G1),,18,7.0,14,85.7,9,7,田辺裕信,55.0,芝1600,良,-8.0,1:33.8,0.5,100.0,15-15,33.8-36.3,33.9,434(-6),,出脚鈍い,ハープスター,0.0,6,6331.0,791.375,0.27499999999999997,88.375
130,130,2014/04/27,2東京2,晴,11.0,サンスポ賞フローラS(G2),,18,1.0,2,9.1,4,1,岩田康誠,54.0,芝2000,良,-9.0,2:00.0,0.0,99.0,13-13-13,36.4-35.5,34.3,414(-4),,出遅れ,(ブランネージュ),5134.4,7,5984.4,1496.1,0.325,86.0
131,131,2014/04/27,2東京2,晴,11.0,サンスポ賞フローラS(G2),,18,8.0,17,91.9,13,3,松岡正海,54.0,芝2000,良,-9.0,2:00.2,0.2,96.0,9-11-10,36.4-35.5,34.8,458(+4),,,サングレアル,1319.2,8,2864.2,286.41999999999996,0.49000000000000005,84.8
132,132,2014/04/27,2東京2,晴,11.0,サンスポ賞フローラS(G2),,18,4.0,8,7.6,3,8,柴田大知,54.0,芝2000,良,-9.0,2:00.6,0.6,90.0,1-1-1,36.4-35.5,36.1,458(-6),,,サングレアル,0.0,9,3807.0,423.0,0.3444444444444445,85.66666666666667
133,133,2014/05/04,2東京4,晴,11.0,スイートピーS(OP),,16,3.0,5,13.2,5,2,藤岡康太,54.0,芝1800,良,-8.0,1:47.5,0.2,96.0,7-8-8,36.4-34.5,33.5,424(-2),,,シャイニーガール,770.0,10,1320.0,264.0,0.41999999999999993,79.8
134,134,2014/04/13,2阪神6,曇,11.0,桜花賞(G1),,18,5.0,9,12.6,3,8,蛯名正義,55.0,芝1600,良,-8.0,1:33.9,0.6,96.0,9-7,33.8-36.3,34.6,456(-4),,,ハープスター,0.0,11,6769.1,1128.1833333333334,0.25,87.16666666666667
135,135,2014/03/21,2中山7,晴,11.0,フラワーC(G3),,16,5.0,10,5.2,2,7,田辺裕信,55.0,芝1800,良,9.0,1:51.8,0.5,81.0,14-14-13-10,37.1-37.0,36.2,424(+2),,,バウンスシャッセ,0.0,12,4736.7,789.4499999999999,0.26666666666666666,86.83333333333333
136,136,2014/04/27,2東京2,晴,11.0,サンスポ賞フローラS(G2),,18,4.0,7,2.8,1.0,6,杉原誠人,54.0,芝2000,良,-9.0,2:00.3,0.3,96.0,11-11-10,36.4-35.5,34.8,454(-4),,出遅れ,サングレアル,0.0,13,3174.2,453.45714285714286,0.4571428571428572,83.85714285714286
137,137,2014/05/04,2東京4,晴,11.0,スイートピーS(OP),,16,2.0,4,14.7,7,1,田中勝春,54.0,芝1800,良,-8.0,1:47.3,-0.2,96.0,4-4-4,36.4-34.5,34.1,464(0),,,(ベッラレジーナ),1935.0,14,5048.099999999999,631.0124999999999,0.5375,86.25
138,138,2014/04/13,2阪神6,曇,9.0,忘れな草賞(OP),,9,1.0,1,7.9,5,1,浜中俊,54.0,芝2000,良,-8.0,2:00.9,-0.1,92.0,7-7-5-5,35.6-35.5,35.2,444(+4),,,(タガノベルーガ),1922.4,15,3232.4,359.15555555555557,0.6333333333333333,78.22222222222223
139,139,2014/03/21,2中山7,晴,11.0,フラワーC(G3),,16,7.0,13,11.2,6.0,2,シュタル,54.0,芝1800,良,9.0,1:51.6,0.3,79.0,3-3-3-3,37.1-37.0,37.0,498(+2),,,バウンスシャッセ,1137.6,16,3725.8999999999996,620.9833333333332,0.5166666666666667,79.16666666666667
140,140,2014/04/13,2阪神6,曇,11.0,桜花賞(G1),,18,2.0,4,155.7,13,11,川島信二,55.0,芝1600,良,-8.0,1:34.3,1.0,92.0,4-4,33.8-36.3,35.3,422(-10),,,ハープスター,0.0,17,3218.0,357.55555555555554,0.6888888888888889,78.66666666666667
141,141,2014/04/27,3京都2,晴,6.0,3歳500万下,,11,3.0,3,7.4,4,1,川島信二,54.0,芝1600,良,-22.0,1:34.0,-0.2,78.0,7-7,34.6-35.1,34.5,502(0),,,(セウアズール),720.0,18,2365.0,236.5,0.93,69.1
142,142,2013/04/07,2阪神6,曇,11,桜花賞(G1),,18,8,18,8.7,4,10,武幸四郎,55,芝1600,良,5,1:35.9,0.9,88,9-7,34.8-36.1,36.5,468(-2),,,アユサン,0.0,1,20392.300000000003,2913.1857142857148,0.2,92.14285714285714
143,143,2013/04/21,2東京2,曇,11,サンスポ賞フローラS(G2),,18,5,10,4.5,2,2,戸崎圭太,54,芝2000,稍,8,2:04.0,0.1,88,11-8-5,37.2-34.2,33.9,466(+6),,4角不利,デニムアンドルビー,2037.6,2,8748.0,1749.6,0.14,85.6
144,144,2013/04/21,2東京2,曇,11.0,サンスポ賞フローラS(G2),,18.0,6.0,12,3.7,1,1,内田博幸,54.0,芝2000,稍,8.0,2:03.9,-0.1,89.0,18-16-5,37.2-34.2,33.8,432(+2),,4角不利,(エバーブロッサム),5131.6,3,8919.400000000001,1783.8800000000003,0.04000000000000001,88.8
145,145,2013/04/07,2阪神6,曇,11,桜花賞(G1),,18,4,7,18.0,7,1,Ｃ．デム,55,芝1600,良,5,1:35.0,0.0,98,9-10,34.8-36.1,35.5,484(-12),,,(レッドオーヴァル),11697.9,4,15874.5,2645.75,0.3,90.16666666666667
146,146,2013/04/28,2東京4,晴,11,スイートピーS(OP),,15,1,1,8.5,6,2,松山弘平,54,芝1800,良,-10,1:47.2,0.1,92,3-3-3,35.7-34.6,34.2,476(0),,,リラコサージュ,770.2,5,3110.8,388.85,0.37500000000000006,86.125
147,147,2013/03/23,2阪神1,晴,9,君子蘭賞(500万下),,10,2,2,9.2,3,1,藤岡佑介,54,芝1800,良,-5,1:48.0,-0.1,88,1-1,36.0-35.0,35.0,432(-10),,,(ディープサウス),973.8,6,1573.8,524.6,0.36666666666666664,85.0
148,148,2013/04/21,2東京2,曇,11,サンスポ賞フローラS(G2),,18,1,2,5.3,3.0,6,蛯名正義,54,芝2000,稍,8,2:04.2,0.3,86,11-12-10,37.2-34.2,33.9,462(-2),,,デニムアンドルビー,0.0,7,2435.4,405.90000000000003,0.30000000000000004,87.33333333333333
149,149,2013/04/28,2東京4,晴,11,スイートピーS(OP),,15,6,11,6.9,3,1,田中勝春,54,芝1800,良,-10,1:47.1,-0.1,97,4-4-6,35.7-34.6,33.9,408(+12),,,(フロアクラフト),1935.7,8,3673.1,524.7285714285714,0.2571428571428571,83.42857142857143
150,150,2013/04/07,2阪神6,曇,11,桜花賞(G1),,18,3,6,20.8,8,5,秋山真一,55,芝1600,良,5,1:35.6,0.6,91,7-7,34.8-36.1,36.2,436(-12),,,アユサン,890.0,9,9337.0,1556.1666666666667,0.5833333333333334,88.33333333333333
151,151,2013/04/21,2東京2,曇,11,サンスポ賞フローラS(G2),,18,8,16,87.5,13,16,武士沢友,54,芝2000,稍,8,2:04.8,0.9,81,17-18-17,37.2-34.2,34.1,434(+6),,出遅れ,デニムアンドルビー,0.0,10,2132.1,152.29285714285714,0.6285714285714284,84.35714285714286
152,152,2013/04/07,2阪神6,曇,11,桜花賞(G1),,18,5,9,87.4,14,3,福永祐一,55,芝1600,良,5,1:35.4,0.4,93,13-14,34.8-36.1,35.6,464(-2),,,アユサン,2599.7,11,5243.5,749.0714285714286,0.6285714285714287,88.28571428571429
153,153,2013/04/07,2阪神6,曇,11,桜花賞(G1),,18,7,13,2.8,1,4,武豊,55,芝1600,良,5,1:35.4,0.4,93,2-1,34.8-36.1,36.5,458(-8),,,アユサン,1300.0,12,8972.5,1121.5625,0.2875,87.125
154,154,2013/04/07,2阪神6,曇,9,忘れな草賞(OP),,16,8,16,23.4,7,1,Ｃ．デム,54,芝2000,良,5,2:03.7,-0.1,81,12-11-10-5,36.8-37.6,37.0,478(+2),,,(ナンヨーユナ),1935.7,13,2765.7,345.7125,0.8125,74.125
155,155,2013/03/16,2中山7,晴,11,フラワーC(G3),,14,3,4,3.6,2,1,横山典弘,54,芝1800,良,-6,1:50.0,0.0,89,2-2-3-3,36.6-35.5,35.2,474(-14),,,(エバーブロッサム),3451.8,14,4051.8,1350.6000000000001,0.6999999999999998,80.33333333333333
156,156,2013/04/07,2阪神6,曇,11,桜花賞(G1),,18,6,12,7.0,3,7,シュタル,55,芝1600,良,5,1:35.8,0.8,89,13-12,34.8-36.1,36.1,416(-4),,出遅れ,アユサン,0.0,15,2530.1,632.525,0.7499999999999999,83.25
157,157,2013/04/21,2東京2,曇,11,サンスポ賞フローラS(G2),,18,3,6,25.4,9,3,福永祐一,54,芝2000,稍,8,2:04.1,0.2,87,10-8-10,37.2-34.2,33.8,462(-10),,,デニムアンドルビー,1318.8,16,1998.8,399.76,0.72,82.8
158,158,2013/04/07,2阪神6,曇,11,桜花賞(G1),,18,7,14,4.5,2,2,Ｍ．デム,55,芝1600,良,5,1:35.0,0.0,99,15-14,34.8-36.1,35.1,430(+4),,,アユサン,4399.4,17,7118.599999999999,1186.4333333333332,0.4333333333333334,90.83333333333333
159,159,2013/04/07,2阪神6,曇,11,桜花賞(G1),,18,2,3,9.5,5,16,三浦皇成,55,芝1600,良,5,1:36.7,1.7,80,3-5,34.8-36.1,37.4,448(-2),,,アユサン,0.0,18,6101.5,1220.3,0.96,81.4
160,160,2012/04/08,2阪神6,晴,11.0,桜花賞(G1),,18.0,5.0,10,4.9,2,1,岩田康誠,55,芝1600,良,8.0,1:34.6,-0.1,108.0,10-10,34.9-35.3,34.3,456(-4),,,(ヴィルシーナ),11630.0,1,29237.600000000002,4872.933333333333,-0.11666666666666668,91.33333333333333
161,161,2012/04/08,2阪神6,晴,11.0,桜花賞(G1),,18.0,7.0,15,10.2,4,2,内田博幸,55,芝1600,良,8.0,1:34.7,0.1,104.0,4-4,34.9-35.3,35.1,434(-4),,,ジェンティルドンナ,4380.0,2,14536.300000000001,2422.7166666666667,0.09999999999999998,85.0
162,162,2012/04/22,2東京2,小雨,11.0,サンスポ賞フローラS(G2),,18.0,5.0,10,5.8,2,2,松岡正海,54,芝2000,良,-7.0,2:02.4,0.4,86.0,2-2-2,36.7-34.1,34.3,458(-2),,,ミッドサマーフェア,2037.6,3,6214.799999999999,776.8499999999999,0.275,80.25
163,163,2012/04/08,2阪神6,晴,11.0,桜花賞(G1),,18.0,6.0,11,9.7,3,3,ピンナ,55,芝1600,良,8.0,1:34.8,0.2,103.0,7-6,34.9-35.3,34.9,450(0),,,ジェンティルドンナ,2590.0,4,16914.7,2114.3375,0.17500000000000004,90.75
164,164,2012/05/06,2東京6,晴,6.0,3歳500万下,,8.0,3.0,3,2.9,2,1,内田博幸,54,芝1800,良,-3.0,1:48.7,-0.2,88.0,8-8-7,36.1-35.4,34.8,484(-6),,,(ドリームパワー),700.0,5,3653.7,281.05384615384617,0.48461538461538467,84.61538461538461
165,165,2012/04/29,2東京4,晴,11.0,スイートピーS(OP),,18.0,4.0,7,4.2,2,1,北村宏司,54,芝1800,良,-9.0,1:48.1,-0.1,88.0,5-5-5,36.0-35.2,34.3,448(0),,,(ココロチラリ),1939.9,6,4339.2,433.91999999999996,0.18,85.3
166,166,2012/05/06,2東京6,曇,11.0,NHKマイルC(G1),,18.0,4.0,7,13.7,6.0,7,田辺裕信,55.0,芝1600,良,0.0,1:35.3,0.8,95.0,14-12,35.1-34.6,34.5,414(0),,,カレンブラックヒル,0.0,7,4853.2,693.3142857142857,0.38571428571428573,91.57142857142857
167,167,2012/04/08,2阪神6,晴,11.0,桜花賞(G1),,18.0,2.0,4,22.0,8,10,Ｍ．デム,55,芝1600,良,8.0,1:35.3,0.7,97.0,4-4,34.9-35.3,35.6,414(-2),,,ジェンティルドンナ,0.0,8,2626.6,525.3199999999999,0.5599999999999999,89.8
168,168,2012/04/08,2阪神6,晴,11.0,桜花賞(G1),,18.0,4.0,7,43.8,11,5,武豊,55,芝1600,良,8.0,1:35.1,0.5,102.0,10-10,34.9-35.3,34.9,448(+8),,,ジェンティルドンナ,890.0,9,4362.6,436.26000000000005,1.28,72.7
169,169,2012/04/08,2阪神6,晴,11.0,桜花賞(G1),,18.0,7.0,14,55.2,12,8,津村明秀,55.0,芝1600,良,8.0,1:35.2,0.6,102.0,13-12,34.9-35.3,34.7,428(-10),,,ジェンティルドンナ,0.0,10,5593.6,508.50909090909096,0.5,81.45454545454545
170,170,2012/04/22,2東京2,小雨,11.0,サンスポ賞フローラS(G2),,18.0,3.0,5,156.0,18,3,武士沢友,54,芝2000,良,-7.0,2:02.5,0.5,86.0,3-2-2,36.7-34.1,34.3,474(-6),,,ミッドサマーフェア,1318.8,11,1818.8,303.1333333333333,0.9500000000000001,79.5
171,171,2012/04/08,2阪神6,晴,11.0,桜花賞(G1),,18.0,2.0,3,57.2,13,12,石橋脩,55,芝1600,良,8.0,1:35.3,0.7,101.0,15-17,34.9-35.3,34.5,408(-10),,,ジェンティルドンナ,0.0,12,5625.400000000001,703.1750000000001,0.375,89.0
172,172,2012/04/22,2東京2,小雨,11.0,サンスポ賞フローラS(G2),,18.0,3.0,6,2.3,1,1,蛯名正義,54,芝2000,良,-7.0,2:02.0,-0.4,90.0,6-7-7,36.7-34.1,33.4,452(+10),,,(アイスフォーリス),5131.6,13,7392.3,821.3666666666667,0.2,86.33333333333333
173,173,2012/04/07,2阪神5,晴,10.0,忘れな草賞(OP),,12.0,8.0,11,2.6,1,1,Ｍ．デム,54,芝2000,良,11.0,2:05.1,-0.2,86.0,2-2-2-1,38.9-35.8,35.8,442(-4),,,(タガノミュルザンヌ),1928.7,14,3157.8999999999996,451.1285714285714,0.7000000000000001,82.42857142857143
174,174,2012/04/22,2東京2,小雨,11.0,サンスポ賞フローラS(G2),,18.0,8.0,17,14.6,6,18,田辺裕信,54,芝2000,良,-7.0,2:03.5,1.5,77.0,18-15-17,36.7-34.1,34.1,428(-4),,,ミッドサマーフェア,0.0,15,2162.0,308.85714285714283,0.7142857142857143,85.14285714285714
175,175,2012/04/08,2阪神6,晴,11.0,桜花賞(G1),,18.0,1.0,2,13.0,6,15,浜中俊,55,芝1600,良,8.0,1:35.7,1.1,93.0,4-6,34.9-35.3,35.9,460(0),,,ジェンティルドンナ,0.0,16,5440.7,777.2428571428571,0.6142857142857142,85.42857142857143
176,176,2012/04/08,2阪神6,晴,11.0,桜花賞(G1),,18.0,4.0,8,64.9,14,13,吉田隼人,55,芝1600,良,8.0,1:35.4,0.8,96.0,2-2,34.9-35.3,35.9,432(-2),,,ジェンティルドンナ,0.0,17,2740.2,342.525,0.8500000000000001,81.125
177,177,2012/04/29,2東京4,晴,11.0,スイートピーS(OP),,18.0,7.0,14,6.3,3,2,横山典弘,54,芝1800,良,-9.0,1:48.2,0.1,87.0,3-3-3,36.0-35.2,34.6,462(-8),,,ダイワズーム,771.4,18,1411.4,352.85,2.1500000000000004,80.25
178,178,2011/04/10,2阪神6,晴,9,忘れな草賞(OP),,16,6,12,4.6,2,1,後藤浩輝,54,芝2000,良,-4,2:02.4,-0.1,83,7-7-8-8,35.7-36.5,36.0,458(-4),,,(ハッピーグラス),1937.1,1,16468.2,1829.8000000000002,0.3,81.66666666666667
179,179,2011/04/23,2東京1,小雨,11,サンスポ賞フローラS(G2),,17,3,5,5.1,3,3,内田博幸,54.0,芝2000,重,18,2:03.3,0.0,95,4-3-4,35.7-37.8,37.3,434(0),,,バウンシーチューン,1317.8,2,8042.400000000001,1005.3000000000001,0.08750000000000002,88.875
180,180,2011/04/10,2阪神6,晴,11,桜花賞(G1),,18,8,16,3.1,1,2,池添謙一,55.0,芝1600,良,-4,1:34.0,0.1,101,15-17,34.6-35.4,34.3,454(-6),,出遅れ,マルセリーナ,4411.8,3,16802.7,2100.3375,0.0125,88.5
181,181,2011/04/10,2阪神6,晴,11,桜花賞(G1),,18,4,8,3.8,2,1,安藤勝己,55,芝1600,良,-4,1:33.9,-0.1,102,15-16,34.6-35.4,34.3,452(+4),,出遅れ,(ホエールキャプチャ),11741.3,4,16859.0,3371.8,0.04,94.4
182,182,2011/04/10,2阪神6,晴,11,桜花賞(G1),,18,5,10,33.7,10,10,蛯名正義,55,芝1600,良,-4,1:35.0,1.1,89,7-5,34.6-35.4,35.9,456(+2),,出遅れ,マルセリーナ,0.0,5,5861.7,732.7125,0.3375000000000001,85.875
183,183,2011/04/23,2東京1,小雨,11,サンスポ賞フローラS(G2),,17,7,13,5.0,2,5,松岡正海,54,芝2000,重,18,2:03.5,0.2,93,11-12-12,35.7-37.8,36.6,448(+2),,,バウンシーチューン,520.0,6,6563.1,820.3875,0.27499999999999997,89.125
184,184,2011/05/01,2東京4,曇,11,スイートピーS(OP),,13,3,3,3.5,2,1,後藤浩輝,54,芝1800,良,-4,1:48.0,0.0,96,6-5-5,36.6-34.4,33.6,428(+2),,出遅れ,(シシリアンブリーズ),1929.4,7,3037.8,607.5600000000001,0.2,86.8
185,185,2011/04/23,2東京1,小雨,11,サンスポ賞フローラS(G2),,17,7,14,19.2,8,4,松田大作,54,芝2000,重,18,2:03.4,0.1,94,6-5-5,35.7-37.8,37.1,448(0),,,バウンシーチューン,780.0,8,2330.6,332.9428571428571,0.4714285714285715,82.42857142857143
186,186,2011/04/10,2阪神6,晴,11,桜花賞(G1),,18,3,6,22.2,6,6,藤田伸二,55,芝1600,良,-4,1:34.6,0.7,93,7-11,34.6-35.4,35.2,440(-4),,直線不利,マルセリーナ,0.0,9,2280.0,456.0,0.2599999999999999,92.4
187,187,2011/04/10,2阪神6,晴,11,桜花賞(G1),,18,1,2,26.1,9,11,内田博幸,55,芝1600,良,-4,1:35.1,1.2,88,7-12,34.6-35.4,35.6,470(-16),,出遅れ,マルセリーナ,0.0,10,4513.700000000001,376.1416666666667,0.46666666666666673,83.08333333333333
188,188,2011/04/10,2阪神6,晴,11,桜花賞(G1),,18,7,14,34.4,11,4,浜中俊,55,芝1600,良,-4,1:34.3,0.4,97,17-12,34.6-35.4,34.8,420(-2),,,マルセリーナ,1300.0,11,3156.4,450.9142857142857,0.557142857142857,84.28571428571429
189,189,2011/04/23,2東京1,小雨,11,サンスポ賞フローラS(G2),,17,1,1,199.1,15,2,柴田大知,54,芝2000,重,18,2:03.3,0.0,95,5-5-5,35.7-37.8,37.0,448(+2),,,バウンシーチューン,2135.6,12,2725.6,302.84444444444443,1.088888888888889,76.55555555555556
190,190,2011/04/10,2阪神6,晴,11,桜花賞(G1),,18,7,13,14.1,5,12,四位洋文,55,芝1600,良,-4,1:35.3,1.4,85,13-8,34.6-35.4,36.0,460(+8),,,マルセリーナ,0.0,13,5416.1,677.0125,0.5499999999999999,88.375
191,191,2011/05/08,3京都6,晴,9,矢車賞(500万下),,11,3,3,1.6,1,1,四位洋文,54,芝1800,良,-8,1:48.7,-0.2,83,5-5,36.3-34.0,33.6,442(+6),,,(ユースティティア),1026.6,14,2210.6,552.65,0.375,88.0
192,192,2011/05/07,2東京5,雨,6,3歳500万下,,9,6,6,2.6,1,1,北村宏司,54,芝1800,稍,-3,1:48.1,-0.2,93,7-6-4,35.5-35.8,35.0,446(+2),,S不利,(テキサスルビー),700.0,15,2451.0,245.1,0.4600000000000001,86.1
193,193,2011/05/08,2東京6,晴,4,3歳未勝利,,16,6,12,8.0,4,1,福永祐一,54,芝1800,良,-5,1:49.4,-0.1,82,2-2-2,36.7-34.3,34.3,478(+4),,,(シルクレイノルズ),500.0,16,1105.0,122.77777777777777,0.6222222222222222,75.22222222222223
194,194,2011/04/23,2東京1,小雨,11,サンスポ賞フローラS(G2),,17,4,8,26.9,9,1,三浦皇成,54,芝2000,重,18,2:03.3,0.0,95,16-12-13,35.7-37.8,36.2,412(-6),,,(マイネソルシエール),5324.6,17,6259.6,1043.2666666666667,0.6333333333333333,80.5
195,195,2011/05/01,2東京4,曇,11,スイートピーS(OP),,13,4,5,3.5,1,2,田中勝春,54,芝1800,良,-4,1:48.0,0.0,95,3-3-3,36.6-34.4,33.9,458(-4),,,アカンサス,768.4,18,1528.4,305.68,0.7,80.4
196,196,2010/04/11,2阪神6,晴,10.0,桜花賞(G1),,18.0,5.0,9,2.8,1.0,1,蛯名正義,55.0,芝1600,良,-7.0,1:33.3,-0.1,107.0,5-4,35.6-34.4,34.1,480(+2),,,(オウケンサクラ),11778.4,1,29945.8,4277.971428571428,0.0,94.42857142857143
197,197,2010/04/25,2東京2,晴,11.0,サンスポ賞フローラS(G2),,15.0,8.0,15,1.9,1.0,1,横山典弘,54.0,芝2000,良,-5.0,2:00.2,-0.2,100.0,2-2-2,36.5-34.8,34.6,454(-2),,,(アグネスワルツ),5317.6,1,16774.1,3354.8199999999997,-0.08,86.4
198,198,2010/04/25,2東京2,晴,11.0,サンスポ賞フローラS(G2),,15.0,3.0,5,9.5,4.0,2,柴田善臣,54.0,芝2000,良,-5.0,2:00.4,0.2,97.0,1-1-1,36.5-34.8,35.0,460(+8),,,サンテミリオン,2133.6,3,6518.6,1303.72,0.4,88.8
199,199,2010/04/11,2阪神6,晴,10.0,桜花賞(G1),,18.0,7.0,13,12.4,6.0,8,内田博幸,55.0,芝1600,良,-7.0,1:33.7,0.4,103.0,7-8,35.6-34.4,34.1,450(-20),,,アパパネ,0.0,4,7965.2,885.0222222222222,0.23333333333333334,91.0
200,200,2010/04/11,2阪神6,晴,10.0,桜花賞(G1),,18.0,4.0,8,9.9,3.0,2,安藤勝己,55.0,芝1600,良,-7.0,1:33.4,0.1,104.0,1-1,35.6-34.4,34.5,486(0),,,アパパネ,4422.4,5,11485.5,1435.6875,0.125,90.125
201,201,2010/04/11,2阪神6,晴,10.0,桜花賞(G1),,18.0,2.0,3,5.1,2.0,5,横山典弘,55.0,芝1600,良,-7.0,1:33.6,0.3,103.0,3-4,35.6-34.4,34.4,426(-4),,,アパパネ,890.0,6,6867.9,1373.58,-0.020000000000000018,97.6
202,202,2010/04/25,2東京2,晴,11.0,サンスポ賞フローラS(G2),,15.0,7.0,14,5.4,2.0,3,松岡正海,54.0,芝2000,良,-5.0,2:00.7,0.5,96.0,5-4-3,36.5-34.8,35.0,474(0),,,サンテミリオン,1316.8,7,3613.0,516.1428571428571,0.2571428571428571,87.42857142857143
203,203,2010/04/11,2阪神6,晴,8.0,忘れな草賞(OP),,11.0,3.0,3,4.2,2.0,1,藤岡佑介,54.0,芝2000,良,-7.0,2:02.3,-0.1,83.0,3-4-5-5,36.7-34.8,34.4,494(+6),,,(ヤマニンソルファ),1927.3,8,3125.7,390.7125,0.6000000000000001,83.75
204,204,2010/04/11,2阪神6,晴,10.0,桜花賞(G1),,18.0,4.0,7,18.6,8.0,12,川田将雅,55.0,芝1600,良,-7.0,1:34.2,0.9,97.0,10-8,35.6-34.4,34.6,488(-2),,,アパパネ,0.0,9,4107.4,513.425,0.5875,88.375
205,205,2010/04/11,2阪神6,晴,10.0,桜花賞(G1),,18.0,1.0,2,26.9,10.0,7,北村宏司,55.0,芝1600,良,-7.0,1:33.7,0.4,104.0,13-12,35.6-34.4,34.0,450(0),,出遅れ,アパパネ,0.0,10,3654.9,522.1285714285715,0.4714285714285715,87.28571428571429
206,206,2010/04/11,2阪神6,晴,10.0,桜花賞(G1),,18.0,8.0,17,10.8,4.0,6,岩田康誠,55.0,芝1600,良,-7.0,1:33.7,0.4,105.0,13-14,35.6-34.4,33.8,458(+6),,,アパパネ,0.0,11,5582.799999999999,797.5428571428571,0.5142857142857142,84.0
207,207,2010/05/02,2東京4,晴,11.0,スイートピーS(OP),,15.0,7.0,13,9.1,5.0,1,蛯名正義,54.0,芝1800,良,-11.0,1:48.5,0.0,83.0,6-3-3,36.2-34.5,34.2,494(-8),,,(ニーマルオトメ),1934.3,12,2714.3,678.575,0.65,85.0
208,208,2010/04/11,2阪神6,晴,10.0,桜花賞(G1),,18.0,8.0,18,61.8,15.0,13,勝浦正樹,55.0,芝1600,良,-7.0,1:34.3,1.0,97.0,16-15,35.6-34.4,34.3,384(-10),,出遅れ,アパパネ,0.0,13,4249.6,607.0857142857143,0.7142857142857143,87.71428571428571
209,209,2010/04/11,2阪神6,晴,10.0,桜花賞(G1),,18.0,6.0,11,29.1,11.0,3,福永祐一,55.0,芝1600,良,-7.0,1:33.4,0.1,105.0,3-2,35.6-34.4,34.3,440(0),,,アパパネ,2611.2,14,6464.6,808.075,0.46249999999999997,84.375
210,210,2010/04/11,2阪神6,晴,10.0,桜花賞(G1),,18.0,2.0,4,20.9,9.0,9,石橋脩,55.0,芝1600,良,-7.0,1:33.7,0.4,103.0,7-8,35.6-34.4,34.2,432(-6),,,アパパネ,0.0,15,6051.5,756.4375,0.5875,82.625
211,211,2010/04/11,2阪神6,晴,10.0,桜花賞(G1),,18.0,6.0,12,150.6,17.0,14,藤田伸二,55.0,芝1600,良,-7.0,1:34.3,1.0,98.0,18-18,35.6-34.4,34.0,440(+2),,,アパパネ,0.0,16,3956.0,494.5,0.725,88.25
212,212,2010/04/11,2阪神6,晴,10.0,桜花賞(G1),,18.0,1.0,1,11.9,5.0,4,佐藤哲三,55.0,芝1600,良,-7.0,1:33.5,0.2,105.0,10-8,35.6-34.4,34.0,454(+4),,,アパパネ,1300.0,17,5968.8,994.8000000000001,0.55,91.0
213,213,2010/05/02,2東京4,晴,11.0,スイートピーS(OP),,15.0,6.0,11,7.6,4.0,2,後藤浩輝,54.0,芝1800,良,-11.0,1:48.5,0.0,83.0,1-1-1,36.2-34.5,34.5,468(0),,,トレノエンジェル,769.8,18,2855.3999999999996,285.53999999999996,0.7599999999999999,80.8
214,214,2009/04/12,2阪神6,晴,10.0,桜花賞(G1),,18,5.0,9,1.2,1.0,1,安藤勝己,55.0,芝1600,良,4.0,1:34.0,-0.1,114.0,16-16,34.9-34.9,33.3,454(+4),,出遅れ,(レッドディザイア),11823.9,1,35173.5,5862.25,-0.15000000000000002,99.33333333333333
215,215,2009/04/12,2阪神6,晴,10.0,桜花賞(G1),,18.0,8.0,18,14.4,2.0,2,四位洋文,55.0,芝1600,良,4.0,1:34.1,0.1,111.0,12-12,34.9-34.9,33.7,478(+2),,,ブエナビスタ,4435.4,2,11820.599999999999,2955.1499999999996,0.025,101.25
216,216,2009/04/12,2阪神6,晴,10.0,桜花賞(G1),,18,7.0,15,25.2,5.0,3,福永祐一,55.0,芝1600,良,4.0,1:34.3,0.3,110.0,14-14,34.9-34.9,33.8,456(-4),,,ブエナビスタ,2617.7,3,11385.400000000001,1423.1750000000002,0.26249999999999996,92.125
217,217,2009/05/03,2東京4,晴,11.0,スイートピーS(OP),,18,7.0,13,1.9,1.0,1,藤田伸二,54.0,芝1800,良,-8.0,1:48.2,-0.2,90.0,6-9-8,35.2-34.5,33.8,446(0),,,(サクラローズマリー),1944.1,4,6184.5,1030.75,0.10000000000000002,92.5
218,218,2009/04/26,2東京2,晴,11.0,サンスポ賞フローラS(G2),,18,8.0,16,4.2,2.0,1,内田博幸,54.0,芝2000,良,7.0,2:02.2,-0.3,95.0,4-3-3,36.0-36.3,35.8,484(+4),,,(ワイドサファイア),5331.6,5,14267.1,1297.009090909091,0.23636363636363636,85.54545454545455
219,219,2009/04/12,2阪神6,晴,8.0,忘れな草賞(OP),,16,8.0,16,21.8,7.0,1,北村宏司,54.0,芝2000,良,4.0,2:01.7,-0.2,96.0,3-3-2-2,35.8-36.2,36.1,430(-12),,,(ブロードストリート),1936.4,6,2636.4,878.8000000000001,0.19999999999999998,90.0
220,220,2009/05/10,2東京6,晴,5.0,3歳500万下,,9,8.0,9,11.1,4.0,1,勝浦正樹,54.0,芝1800,良,-8.0,1:47.9,-0.1,87.0,5-5-5,36.2-34.9,34.3,452(+2),,,(メイウインド),700.0,7,1780.0,254.28571428571428,0.6428571428571429,76.71428571428571
221,221,2009/04/26,2東京2,晴,11.0,サンスポ賞フローラS(G2),,18,7.0,15,6.9,4.0,3,松岡正海,54.0,芝2000,良,7.0,2:02.5,0.3,93.0,6-6-5,36.0-36.3,35.9,444(-4),,,ディアジーナ,1318.8,8,2588.8,517.76,0.4600000000000001,86.6
222,222,2009/04/12,2阪神6,晴,10.0,桜花賞(G1),,18,1.0,1,17.1,3.0,8,後藤浩輝,55.0,芝1600,良,4.0,1:35.0,1.0,98.0,6-4,34.9-34.9,35.4,444(-8),,出遅れ,ブエナビスタ,0.0,9,6327.4,903.9142857142857,0.4142857142857142,88.28571428571429
223,223,2009/04/12,2阪神6,晴,10.0,桜花賞(G1),,18,2.0,4,37.5,7.0,12,村田一誠,55.0,芝1600,良,4.0,1:35.5,1.5,91.0,2-2,34.9-34.9,36.2,480(-6),,,ブエナビスタ,0.0,10,4541.6,756.9333333333334,0.9833333333333334,83.5
224,224,2009/05/03,2東京4,晴,11.0,スイートピーS(OP),,18,3.0,6,44.1,9.0,4,太宰啓介,54.0,芝1800,良,-8.0,1:48.8,0.6,85.0,5-5-5,35.2-34.5,34.6,462(+6),,,ブロードストリート,290.0,11,1710.0,244.28571428571428,0.5857142857142856,85.28571428571429
225,225,2009/05/03,2東京4,晴,11.0,スイートピーS(OP),,18,4.0,7,8.9,3.0,2,三浦皇成,54.0,芝1800,良,-8.0,1:48.4,0.2,88.0,9-12-12,35.2-34.5,33.7,478(+6),,,ブロードストリート,772.6,12,1827.8,365.56,0.48,86.8
226,226,2009/05/03,2東京4,晴,11.0,スイートピーS(OP),,18,8.0,17,4.4,2.0,5,村田一誠,54.0,芝1800,良,-8.0,1:48.8,0.6,85.0,6-7-5,35.2-34.5,34.6,492(-2),,,ブロードストリート,190.0,13,2717.2,452.8666666666666,0.6166666666666666,88.5
227,227,2009/04/26,2東京2,晴,11.0,サンスポ賞フローラS(G2),,18,7.0,14,29.4,10.0,12,吉田豊,54.0,芝2000,良,7.0,2:03.2,1.0,87.0,15-16-14,36.0-36.3,35.9,480(+10),,,ディアジーナ,0.0,14,2230.6,278.825,0.8250000000000001,86.875
228,228,2009/04/12,2阪神6,晴,10.0,桜花賞(G1),,18,1.0,2,41.7,10.0,13,松岡正海,55.0,芝1600,良,4.0,1:35.5,1.5,91.0,6-8,34.9-34.9,35.6,480(-4),,,ブエナビスタ,0.0,15,2639.2,439.8666666666666,0.8833333333333334,81.66666666666667
229,229,2009/05/03,2東京4,晴,11.0,スイートピーS(OP),,18,1.0,2,169.2,16.0,14,西田雄一,54.0,芝1800,良,-8.0,1:49.7,1.5,76.0,9-9-8,35.2-34.5,35.2,490(+2),,,ブロードストリート,0.0,16,2321.7,257.96666666666664,1.3222222222222222,77.22222222222223
230,230,2009/04/12,2阪神6,晴,10.0,桜花賞(G1),,18,6.0,12,123.2,12.0,16,池添謙一,55.0,芝1600,良,4.0,1:35.9,1.9,90.0,15-17,34.9-34.9,35.1,424(0),,出遅れ,ブエナビスタ,0.0,17,5002.6,625.325,1.075,83.375
231,231,2008/04/13,2阪神6,晴,11,桜花賞(G1),,17,5,10,3.8,1,8,池添謙一,55.0,芝1600,良,-4,1:34.8,0.4,100,13-12,34.6-35.9,34.7,460(-10),,,レジネッタ,0.0,1,21799.2,3114.171428571429,0.09999999999999999,94.42857142857143
232,232,2008/04/13,2阪神6,晴,11,桜花賞(G1),,17,8,18,94.3,15,2,蛯名正義,55.0,芝1600,良,-4,1:34.5,0.1,98,6-6,34.6-35.9,35.4,420(-10),,,レジネッタ,4489.0,2,15221.5,1522.15,0.45999999999999996,87.8
233,233,2008/04/13,2阪神6,晴,11,桜花賞(G1),,17,7,15,43.4,12,1,小牧太,55.0,芝1600,良,-4,1:34.4,-0.1,104,10-10,34.6-35.9,34.5,432(-4),,,(エフティマイア),12011.5,3,17880.600000000002,2235.0750000000003,0.2375,89.25
234,234,2008/04/13,2阪神6,晴,11.0,桜花賞(G1),,17,8,16,10.8,4.0,10,松岡正海,55.0,芝1600,良,-4.0,1:35.1,0.7,96.0,13-12,34.6-35.9,35.0,460(+8),,出遅れ,レジネッタ,0.0,4,7152.1,1021.7285714285715,0.2571428571428572,88.71428571428571
235,235,2008/04/13,2阪神6,晴,11,桜花賞(G1),,17,3,5,4.9,3,12,安藤勝己,55.0,芝1600,良,-4,1:35.2,0.8,92,8-8,34.6-35.9,35.6,442(+4),,,レジネッタ,0.0,5,7165.599999999999,895.6999999999999,0.21250000000000005,89.875
236,236,2008/04/27,2東京2,晴,11,サンスポ賞フローラS(G2),,18,4,8,4.2,1,1,内田博幸,54.0,芝2000,良,-9,2:00.5,-0.2,95,5-4-3,36.1-35.1,34.8,428(0),,,(カレイジャスミン),5331.6,6,7729.200000000001,1104.1714285714286,0.2571428571428572,90.57142857142857
237,237,2008/04/13,2阪神6,晴,11,桜花賞(G1),,17,5,9,3.8,2,5,武幸四郎,55.0,芝1600,良,-4,1:34.6,0.2,104,15-14,34.6-35.9,34.3,466(+8),,出遅れ,レジネッタ,890.0,7,6753.0,1125.5,0.04999999999999999,91.0
238,238,2008/04/13,2阪神6,晴,11,桜花賞(G1),,17,7,13,10.8,5,3,後藤浩輝,55.0,芝1600,良,-4,1:34.5,0.1,101,8-8,34.6-35.9,34.8,490(-2),,,レジネッタ,2644.5,8,6502.200000000001,928.8857142857144,0.19999999999999998,89.14285714285714
239,239,2008/04/13,2阪神6,晴,11,桜花賞(G1),,17,2,4,33.7,9,6,内田博幸,55.0,芝1600,良,-4,1:34.7,0.3,100,10-10,34.6-35.9,34.8,400(+4),,,レジネッタ,0.0,9,9605.3,873.2090909090908,0.2727272727272727,89.54545454545455
240,240,2008/04/13,2阪神6,晴,9,忘れな草賞(OP),,16,4,7,5.7,2,1,福永祐一,54.0,芝2000,良,-4,2:02.2,-0.1,88,6-7-6-5,35.4-37.6,35.8,456(+6),,,(プティマカロン),1937.8,10,3017.8,502.9666666666667,0.9500000000000001,84.66666666666667
241,241,2008/05/04,2東京4,晴,11,スイートピーS(OP),,15,3,5,8.8,5,1,池添謙一,54.0,芝1800,良,-3,1:48.3,-0.2,90,15-15-14,35.5-34.5,33.5,480(-6),,,(スペルバインド),1935.0,11,4058.8,507.35,0.6250000000000001,86.625
242,242,2008/05/04,2東京4,晴,11,スイートピーS(OP),,15,7,13,4.3,2,12,藤岡佑介,54.0,芝1800,良,-3,1:49.5,1.2,86,3-5-4,35.5-34.5,35.3,508(+4),,,アロマキャンドル,0.0,12,2218.0,554.5,0.7250000000000001,88.0
243,243,2008/04/13,2阪神6,晴,11,桜花賞(G1),,17,4,8,103.2,16,4,幸英明,55.0,芝1600,良,-4.0,1:34.6,0.2,97.0,4-6,34.6-35.9,35.6,458(-10),,,レジネッタ,1300.0,13,6165.799999999999,770.7249999999999,0.7374999999999999,87.0
244,244,2008/04/13,2阪神6,晴,9,忘れな草賞(OP),,16,8,15,27.8,8,7,藤岡佑介,54.0,芝2000,良,-4,2:03.1,0.9,79,8-8-8-8,35.4-37.6,36.5,444(0),,,ムードインディゴ,0.0,14,1811.4,226.425,0.9,80.375
245,245,2008/04/27,2東京2,晴,11,サンスポ賞フローラS(G2),,18,2,4,15.1,6,2,北村宏司,54.0,芝2000,良,-9,2:00.7,0.2,93,1-1-1,36.1-35.1,35.3,486(-2),,,レッドアゲート,2137.6,15,4584.9,416.80909090909086,0.4636363636363637,86.0
246,246,2008/05/04,2東京4,晴,11,スイートピーS(OP),,15,7,12,17.1,6,2,勝浦正樹,54.0,芝1800,良,-3,1:48.5,0.2,95,13-11-9,35.5-34.5,34.0,464(-6),,,アロマキャンドル,770.0,16,2350.7,293.8375,0.7000000000000001,80.125
247,247,2008/04/13,2阪神6,晴,11,桜花賞(G1),,17,6,11,15.1,7,9,藤岡佑介,55.0,芝1600,良,-4,1:34.9,0.5,94,3-3,34.6-35.9,36.0,422(+4),,,レジネッタ,0.0,17,5609.7,701.2125,1.0499999999999998,80.25
248,248,2008/04/13,2阪神6,晴,11,桜花賞(G1),,17,8,17,33.8,10,13,村田一誠,55.0,芝1600,良,-4,1:35.5,1.1,94,17-15,34.6-35.9,34.9,422(0),,出遅れ,レジネッタ,0.0,18,3770.3999999999996,418.9333333333333,0.6777777777777777,91.66666666666667
249,249,2007/04/08,2阪神6,晴,11.0,桜花賞(G1),,18,3.0,6,76.8,9.0,4,福永祐一,55,芝1600,良,-7.0,1:34.5,0.8,106.0,13-14,35.7-33.9,33.5,454(-4),,出遅れ,ダイワスカーレット,1300.0,1,18964.100000000002,2370.5125000000003,0.3625,96.25
250,250,2007/04/22,2東京2,曇,11.0,サンスポ賞フローラS(G2),,17,1.0,2,1.8,1.0,1,秋山真一,54,芝2000,良,-8.0,2:00.8,0.0,100.0,10-10-12,36.4-35.5,34.3,446(-4),,,(ミンティエアー),5338.6,2,12347.900000000001,2469.5800000000004,-0.12,96.8
251,251,2007/04/29,2東京4,晴,11.0,スイートピーS(OP),,18,5.0,9,21.6,7.0,2,菊沢隆徳,54,芝1800,良,-8.0,1:47.1,0.0,104.0,6-5-5,35.1-34.8,34.4,432(-4),,,スマートカスタム,771.8,3,5519.400000000001,459.95000000000005,0.5583333333333332,83.66666666666667
252,252,2007/04/22,2東京2,曇,11.0,サンスポ賞フローラS(G2),,17,2.0,3,10.2,4.0,2,蛯名正義,54,芝2000,良,-8.0,2:00.8,0.0,100.0,13-12-8,36.4-35.5,34.4,456(-2),,出遅れ,ベッラレイア,2139.6,4,4594.2,1148.55,0.0,94.5
253,253,2007/05/06,2東京6,雨,11.0,NHKマイルC(G1),,18,7.0,14,76.0,17.0,1,内田博幸,55,芝1600,稍,2.0,1:34.3,-0.1,108.0,13-14,34.2-35.8,34.9,458(-12),,,(ローレルゲレイロ),9620.0,5,14883.3,1860.4125,0.425,93.125
254,254,2007/04/22,2東京2,曇,11.0,サンスポ賞フローラS(G2),,17,8.0,16,25.9,6.0,11,松岡正海,54,芝2000,良,-8.0,2:02.1,1.3,85.0,8-10-8,36.4-35.5,35.7,450(-2),,出遅れ,ベッラレイア,0.0,6,2418.2,302.275,0.8125,88.5
255,255,2007/04/29,2東京4,晴,11.0,スイートピーS(OP),,18,7.0,14,5.6,3.0,5,鮫島良太,54,芝1800,良,-8.0,1:47.5,0.4,101.0,12-15-15,35.1-34.8,34.1,476(-10),,,スマートカスタム,190.0,7,2228.9,278.6125,0.42500000000000004,92.25
256,256,2007/04/22,2東京2,曇,11.0,サンスポ賞フローラS(G2),,17,2.0,4,39.3,8.0,4,松田大作,54,芝2000,良,-8.0,2:01.3,0.5,96.0,13-13-13,36.4-35.5,34.6,494(+2),,,ベッラレイア,780.0,8,2682.9,268.29,0.4600000000000001,88.6
257,257,2007/04/29,2東京4,晴,11.0,スイートピーS(OP),,18,7.0,15,4.2,2.0,6,後藤浩輝,54,芝1800,良,-8.0,1:47.6,0.5,101.0,17-18-18,35.1-34.8,33.9,434(+6),,出遅れ,スマートカスタム,0.0,9,1732.2,346.44,0.45999999999999996,86.0
258,258,2007/04/08,2阪神6,晴,9.0,忘れな草賞(OP),,15,1.0,1,2.5,1.0,1,四位洋文,54,芝2000,良,-7.0,2:01.3,-0.3,95.0,4-3-3-2,36.5-35.2,35.0,528(+4),,,(ラブカーナ),1937.1,10,3172.7999999999997,453.2571428571428,0.19999999999999998,91.71428571428571
259,259,2007/04/29,2東京4,晴,11.0,スイートピーS(OP),,18,3.0,5,3.7,1.0,3,松岡正海,54,芝1800,良,-8.0,1:47.2,0.1,103.0,9-7-10,35.1-34.8,34.3,430(-2),,出遅れ,スマートカスタム,485.9,11,4625.3,578.1625,0.275,98.875
260,260,2007/04/08,2阪神6,晴,11.0,桜花賞(G1),,18,5.0,9,184.3,14.0,10,池添謙一,55,芝1600,良,-7.0,1:35.1,1.4,90.0,1-1,35.7-33.9,35.3,484(+4),,,ダイワスカーレット,0.0,12,4196.3,419.63,0.6400000000000001,85.6
261,261,2007/04/08,2阪神6,晴,11.0,桜花賞(G1),,18,2.0,3,63.4,7.0,3,藤田伸二,55,芝1600,良,-7.0,1:34.5,0.8,101.0,3-3,35.7-33.9,34.4,472(+4),,,ダイワスカーレット,2603.0,13,6354.9,907.842857142857,0.41428571428571426,92.42857142857143
262,262,2007/05/05,2東京5,晴,6.0,3歳500万下,,12,2.0,2,4.1,3.0,1,的場勇人,51,芝1600,良,-10.0,1:34.4,-0.2,93.0,2-2,34.8-35.9,35.4,422(-8),,,(ビーアデビル),700.0,14,1400.0,280.0,0.4,84.2
263,263,2007/04/29,2東京4,晴,6.0,3歳500万下,,8,5.0,5,33.5,8.0,8,後藤浩輝,54,芝1800,良,-8.0,1:49.8,2.6,75.0,7-7-7,36.3-34.9,36.5,418(0),,,プラテアード,0.0,15,1640.0,136.66666666666666,0.775,73.75
264,264,2007/05/06,3京都6,雨,9.0,矢車賞(500万下),,12,2.0,2,10.9,4.0,1,川原正一,54,芝1800,重,25.0,1:51.5,-0.2,97.0,9-8,36.5-36.1,35.6,428(+6),,,(ファーストレイター),1027.3,16,1962.3,245.2875,0.875,86.875
265,265,2007/04/22,2東京2,曇,11.0,サンスポ賞フローラS(G2),,17,6.0,12,92.4,14.0,10,坂井英光,54,芝2000,良,-8.0,2:01.9,1.1,89.0,10-13-14,36.4-35.5,35.1,410(-2),,,ベッラレイア,0.0,17,500.0,100.0,1.1199999999999999,82.0
266,266,2007/04/29,2東京4,晴,11.0,スイートピーS(OP),,18,1.0,1,22.0,8.0,4,長谷川浩,54,芝1800,良,-8.0,1:47.4,0.3,101.0,4-5-5,35.1-34.8,34.7,464(-4),,,スマートカスタム,290.0,18,990.0,198.0,0.9800000000000001,84.2
267,267,2006/04/30,2東京4,晴,11,スイートピーS(OP),,18,4,8,2.2,1,1,本田優,54,芝1800,良,-4,1:48.4,-0.1,89,3-7-7,35.8-35.1,34.6,488(+6),,出遅れ,(ヤマニンファビュル),1941.3,1,16288.999999999998,4072.2499999999995,-0.15000000000000002,93.25
268,268,2006/04/09,2阪神6,晴,11,桜花賞(G1),,18,8,17,6.6,2.0,14,角田晃一,55,芝1600,良,6.0,1:36.4,1.8,89.0,7-5-3,34.8-35.8,37.4,482(+2),,,キストゥヘヴン,0.0,2,7566.1,1261.0166666666667,0.55,91.83333333333333
269,269,2006/04/09,2阪神6,晴,11,桜花賞(G1),,18,1.0,2,26.5,9.0,4,柴田善臣,55.0,芝1600,良,6.0,1:34.9,0.3,105.0,1-1-1,34.8-35.8,36.1,494(-14),,,キストゥヘヴン,1300.0,3,7672.8,1534.56,0.26,96.6
270,270,2006/04/09,2阪神6,晴,11,桜花賞(G1),,18,4,8,2.4,1,2,武豊,55,芝1600,良,6.0,1:34.7,0.1,109.0,12-12-10,34.8-35.8,35.3,444(-14),,,キストゥヘヴン,4365.0,4,9925.2,3308.4,0.16666666666666666,99.66666666666667
271,271,2006/04/09,2阪神6,晴,9,忘れな草賞(OP),,16,1,2,5.1,2,1,藤田伸二,54,芝2000,良,6.0,2:05.0,-0.2,80.0,6-5-3-8,37.6-35.4,35.1,454(-6),,出遅れ,(ブルーメンブラット),1934.3,5,2904.3,968.1,0.5,85.33333333333333
272,272,2006/04/09,2阪神6,晴,11.0,桜花賞(G1),,18.0,7.0,14,13.0,6.0,1,安藤勝己,55.0,芝1600,良,6.0,1:34.6,-0.1,112.0,14-16-13,34.8-35.8,34.9,418(0),,,(アドマイヤキッス),11577.5,6,16816.3,2402.328571428571,0.05714285714285715,89.28571428571429
273,273,2006/04/09,2阪神6,晴,11,桜花賞(G1),,18,8,16,14.9,7,5,岩田康誠,55.0,芝1600,良,6.0,1:35.1,0.5,103.0,10-11-5,34.8-35.8,35.8,454(+4),,,キストゥヘヴン,890.0,7,3497.2,699.4399999999999,0.33999999999999997,93.6
274,274,2006/05/07,2東京6,小雨,7,3歳500万下,,18,6,11,4.3,2,1,四位洋文,54,芝1600,良,-4.0,1:35.2,-0.2,92.0,4-3,34.5-37.1,36.8,470(+14),,,(コアレスキャスト),700.0,8,1290.0,184.28571428571428,0.6,90.85714285714286
275,275,2006/05/07,3京都6,雨,9,矢車賞(500万下),,11,4,4,1.7,1.0,1,川島信二,54,芝1800,稍,15,1:49.7,-1.0,98,5-2,35.8-36.5,36.3,452(0),,,(ワイキューブ),1026.6,9,3864.7999999999997,552.1142857142856,0.0142857142857143,86.85714285714286
276,276,2006/04/23,2東京2,曇,11,サンスポ賞フローラS(G2),,18,5,10,3.1,1,7,熊沢重文,54,芝2000,良,-6.0,2:02.0,0.3,89.0,12-9-9,37.1-35.5,34.7,486(-2),,出遅れ,ヤマトマリオン,0.0,11,600.0,150.0,0.8250000000000001,90.5
277,277,2006/04/23,2東京2,曇,5,3歳500万下,,15,4,7,3.2,1,1,田中勝春,54,ダ1600,良,-1.0,1:39.4,-0.3,89.0,15-13,35.1-38.2,37.1,406(-6),,出遅れ,(オリオンシリウス),700.0,12,1530.0,306.0,0.38,78.4
278,278,2006/04/23,2東京2,曇,11,サンスポ賞フローラS(G2),,18,2,3,27.7,10,1,菊沢隆徳,54.0,芝2000,良,-6.0,2:01.7,-0.2,92.0,3-7-8,37.1-35.5,34.5,452(-2),,,(ブロンコーネ),5334.4,13,6634.599999999999,1105.7666666666667,0.8500000000000001,79.5
279,279,2006/04/23,2東京2,曇,11,サンスポ賞フローラS(G2),,18,5,9,8.3,4,3,小野次郎,54,芝2000,良,-6.0,2:01.9,0.2,90.0,1-2-2,37.1-35.5,35.1,460(-6),,,ヤマトマリオン,1319.2,14,1819.2,606.4,1.2333333333333334,80.0
280,280,2006/04/09,2阪神6,晴,11,桜花賞(G1),,18,1,1,60.5,14.0,13,渡辺薫彦,55,芝1600,良,6.0,1:36.4,1.8,89.0,14-12-13,34.8-35.8,36.9,442(+4),,,キストゥヘヴン,0.0,15,3958.7,565.5285714285714,1.2571428571428573,86.71428571428571
281,281,2006/04/23,2東京2,曇,11,サンスポ賞フローラS(G2),,18,1,2,21.3,8,2,藤田伸二,54,芝2000,良,-6,2:01.9,0.2,90,6-7-5,37.1-35.5,34.8,472(+8),,,ヤマトマリオン,2138.4,16,2708.4,677.1,1.225,80.25
282,282,2006/04/30,2東京4,晴,11,スイートピーS(OP),,18,5,9,16.8,6,2,石橋守,54,芝1800,良,-4,1:48.5,0.1,94,2-1-1,35.8-35.1,35.2,498(0),,,カワカミプリンセス,771.8,17,2236.7,319.5285714285714,1.7142857142857142,72.28571428571429
