,index,日付,開催,天気,R,レース名,映像,頭数,枠番,馬番,オッズ,人気,着順,騎手,斤量,距離,馬場,馬場指数,タイム,着差,ﾀｲﾑ指数,通過,ペース,上り,馬体重,厩舎ｺﾒﾝﾄ,備考,勝ち馬(2着馬),賞金,本番着順,合計賞金,賞金平均,着差平均,ﾀｲﾑ指数平均,上り平均,勝率
0,0,2020/11/01,4東京8,曇,11.0,天皇賞(秋)(G1),,12,4.0,4,13.3,3,12,戸崎圭太,58,芝2000,良,-9.0,2:00.7,2.9,92.0,5-6-6,36.5-33.6,35.8,450(-6),,,アーモンドアイ,0.0,1,48779.600000000006,4064.966666666667,0.24166666666666667,105.33333333333333,34.19166666666666,0.8289473684210527
1,1,2021/05/16,2東京8,曇,11.0,ヴィクトリアマイル(G1),,18,3.0,6,1.3,1,1,ルメール,55,芝1600,良,-19.0,1:31.0,-0.7,122.0,9-10,34.3-33.4,32.6,498(+2),,,(ランブリングアレー),10882.2,2,90188.9,6937.607692307692,-0.15384615384615385,110.23076923076923,33.823076923076925,0.9417989417989417
2,2,2021/05/09,2東京6,晴,11.0,NHKマイルC(G1),,18,7.0,15,3.7,2,1,ルメール,57,芝1600,良,-18.0,1:31.6,0.0,113.0,9-9,33.7-34.7,34.0,480(0),,,(ソングライン),10882.2,3,18180.800000000003,3636.1600000000008,-0.059999999999999984,99.2,34.4,0.9523809523809523
3,3,2021/03/28,2中京6,雨,11.0,高松宮記念(G1),,18,5.0,9,6.3,3,3,福永祐一,57,芝1200,重,16.0,1:09.3,0.1,110.0,11-9,34.1-35.1,34.5,478(-6),,,ダノンスマッシュ,3354.6,4,59503.99999999999,2975.2,0.08000000000000003,107.4,33.795,0.889344262295082
4,4,2021/04/03,3中山3,晴,11.0,ダービー卿チャレンジ(G3),,15,7.0,13,15.9,7,6,原優介,57.0,芝1600,良,-7.0,1:33.3,0.7,107.0,2-2-2,34.3-35.5,36.0,476(-4),,,テルツェット,0.0,5,15595.099999999999,556.967857142857,0.7642857142857143,91.46428571428571,35.81428571428571,0.5726744186046512
5,5,2021/04/04,2阪神4,雨,11.0,大阪杯(G1),,13,7.0,10,182.5,11,6,鮫島克駿,57.0,芝2000,重,20.0,2:03.0,1.4,100.0,12-12-11-11,35.6-36.8,37.2,484(+8),,,レイパパレ,0.0,6,21043.100000000002,678.8096774193549,0.9161290322580645,97.80645161290323,34.95161290322581,0.5560747663551402
6,6,2020/11/01,4東京8,曇,11.0,天皇賞(秋)(G1),,12,8.0,11,21.6,6,4,川田将雅,58,芝2000,良,-9.0,1:58.2,0.4,115.0,1-1-1,36.5-33.6,34.0,496(-10),,,アーモンドアイ,2300.0,7,41812.9,3216.376923076923,0.2846153846153846,106.07692307692308,34.22307692307693,0.7485380116959064
7,7,2021/04/04,2阪神4,雨,11.0,大阪杯(G1),,13,2.0,2,5.8,3,5,松山弘平,57,芝2000,重,20.0,2:02.7,1.1,103.0,3-3-2-2,35.6-36.8,37.7,538(0),,,レイパパレ,1350.0,8,34438.5,3826.5,0.15555555555555559,102.77777777777777,34.41111111111112,0.8521739130434782
8,8,2021/04/25,2阪神10,晴,11.0,読売マイラーズC(G2),,15,8.0,16,14.4,6,7,西村淳也,57.0,芝1600,良,-17.0,1:31.8,0.4,110.0,7-7,33.3-35.6,34.4,512(+4),,出遅れ,ケイデンスコール,0.0,9,20739.300000000003,1036.9650000000001,0.555,100.45,34.93500000000001,0.5816733067729084
9,9,2021/04/25,2阪神10,晴,11.0,読売マイラーズC(G2),,15,3.0,5,5.2,2,1,古川吉洋,56,芝1600,良,-17.0,1:31.4,-0.2,116.0,8-8,33.3-35.6,33.8,470(-2),,,(アルジャンナ),6013.4,10,21952.100000000002,1219.5611111111111,0.5888888888888888,97.22222222222223,34.150000000000006,0.5778688524590164
10,10,2021/04/25,2阪神10,晴,11.0,読売マイラーズC(G2),,15,4.0,8,34.7,11,4,幸英明,56.0,芝1600,良,-17.0,1:31.6,0.2,112.0,5-5,33.3-35.6,34.5,494(-6),,,ケイデンスコール,890.0,11,26397.0,879.9,0.5166666666666665,102.0,34.72666666666666,0.6209476309226932
11,11,2021/04/03,3中山3,晴,11.0,ダービー卿チャレンジ(G3),,15,6.0,11,7.8,4,2,田辺裕信,56,芝1600,良,-7.0,1:32.8,0.2,114.0,13-13-11,34.3-35.5,34.2,484(-4),,出遅れ,テルツェット,1616.4,12,12670.7,745.3352941176471,0.5176470588235293,99.6470588235294,34.376470588235286,0.6239669421487604
12,12,2021/02/07,1東京4,晴,11.0,東京新聞杯(G3),,16,5.0,10,11.6,5,1,菅原明良,56,芝1600,良,-14.0,1:32.4,0.0,110.0,5-4,34.9-34.3,34.0,530(+2),,,(カテドラル),3957.4,13,8812.5,367.1875,1.0958333333333334,78.875,36.50416666666668,0.4723127035830619
13,13,2021/05/15,2東京7,晴,11.0,京王杯スプリングC(G2),,17,5.0,10,4.1,1,1,Ｍ．デム,57,芝1400,良,-21.0,1:19.8,0.0,107.0,2-2,34.3-34.3,33.5,514(+2),,,(トゥラヴェスーラ),6021.8,14,26975.899999999998,2075.0692307692307,0.4384615384615384,96.76923076923077,35.05384615384616,0.702247191011236
14,14,2020/03/29,1中京8,晴,11,高松宮記念(G1),,18,4,8,4.1,2,2,池添謙一,55,芝1200,重,10,1:08.7,0.0,113,13-12,34.2-34.5,33.1,486(+12),,出遅れ,モズスーパーフレア,5312.8,1,45324.3,5665.5375,-0.22500000000000003,108.75,33.75,0.9396551724137931
15,15,2020/05/17,2東京8,晴,11.0,ヴィクトリアマイル(G1),,16,6.0,12,1.4,1,1,ルメール,55,芝1600,良,-21.0,1:30.6,-0.7,123.0,4-4,34.2-33.9,32.9,486(0),,,(サウンドキアラ),10882.2,2,106380.90000000001,8865.075,-0.05833333333333333,108.58333333333333,33.85,0.9310344827586207
16,16,2020/04/26,3京都2,曇,11.0,読売マイラーズC(G2),,11,1.0,1,1.6,1,1,福永祐一,58,芝1600,良,-15.0,1:32.4,-0.3,112.0,4-3,35.3-33.8,33.0,476(-2),,,(ベステンダンク),5988.2,3,46510.99999999999,3100.7333333333327,0.026666666666666672,105.66666666666667,33.79333333333333,0.9041916167664671
17,17,2020/05/17,2東京8,晴,11.0,ヴィクトリアマイル(G1),,16,8.0,16,17.4,5,3,横山典弘,55.0,芝1600,良,-21.0,1:31.3,0.7,116.0,7-6,34.2-33.9,33.2,466(-12),,出遅れ,アーモンドアイ,2654.6,4,29643.400000000005,2280.2615384615387,0.23846153846153845,101.15384615384616,34.330769230769235,0.8152173913043478
18,18,2020/05/16,2東京7,雨,11.0,京王杯スプリングC(G2),,13,3.0,3,16.3,8,6,石橋脩,57,芝1400,稍,-14.0,1:20.3,0.5,112.0,13-11,35.2-33.1,32.5,468(-2),,,ダノンスマッシュ,0.0,5,19557.800000000003,977.8900000000001,0.4749999999999999,102.0,34.19500000000001,0.6498054474708171
19,19,2019/10/19,4東京6,曇,11.0,富士S(G3),,18,4.0,7,2.1,1,9,Ｍ．デム,57.0,芝1600,稍,-6.0,1:33.7,0.7,105.0,10-10,35.0-34.1,34.1,470(-2),,出遅れ,ノームコア,0.0,6,27352.5,3039.1666666666665,0.11111111111111106,98.66666666666667,34.12222222222223,0.8380952380952381
20,20,2020/04/05,2阪神4,晴,11.0,大阪杯(G1),,12,6.0,8,3.8,1,3,横山典弘,57,芝2000,良,-10.0,1:58.5,0.1,113.0,1-1-1-1,36.9-34.2,34.3,456(-2),,,ラッキーライラック,3437.2,7,35481.4,3548.1400000000003,1.1102230246251566e-17,105.8,34.14,0.8828125
21,21,2020/05/16,2東京7,雨,11.0,京王杯スプリングC(G2),,13,8.0,13,4.9,2.0,1,レーン,56.0,芝1400,稍,-14.0,1:19.8,-0.2,117.0,1-1,35.2-33.1,33.1,472(-2),,,(ステルヴィオ),5996.6,8,33734.1,1874.1166666666666,0.1388888888888889,101.66666666666667,34.48888888888889,0.8365019011406845
22,22,2020/03/01,2中山2,晴,11.0,中山記念(G2),,9,5.0,5,9.3,5,5,池添謙一,57,芝1800,良,-10.0,1:46.9,0.6,109.0,7-7-7-4,36.0-35.3,34.0,502(+8),,出遅れ,ダノンキングリー,670.0,9,39636.8,1801.6727272727273,0.3318181818181818,103.95454545454545,34.422727272727265,0.7525773195876289
23,23,2020/04/26,3京都2,曇,11.0,読売マイラーズC(G2),,11,6.0,7,3.9,2,3,岩田望来,56,芝1600,良,-15.0,1:32.9,0.5,107.0,10-10,35.3-33.8,32.7,474(-2),,出遅れ,インディチャンプ,1512.6,10,8711.1,725.9250000000001,0.19999999999999998,97.41666666666667,34.28333333333333,0.76
24,24,2019/11/04,浦和,晴,9,JBCスプリント(G1),,12,1,1,2.3,1,6,福永祐一,57,ダ1400,重,-22,1:25.9,1.0,102,5-5-3-3,34.1-38.4,39.1,499(-3),,,ブルドッグボス,0.0,11,23734.3,1695.3071428571427,0.24999999999999994,101.14285714285714,35.56428571428571,0.7918781725888325
25,25,2020/05/16,2東京7,雨,11,京王杯スプリングC(G2),,13,6,9,15.3,7,5,内田博幸,57,芝1400,稍,-14,1:20.1,0.3,113,2-2,35.2-33.1,33.3,514(+10),,,ダノンスマッシュ,590.0,12,32259.199999999997,921.6914285714284,0.5114285714285713,96.97142857142858,35.39714285714285,0.6576923076923077
26,26,2019/11/17,5京都6,晴,11.0,マイルチャンピオンS(G1),,17,7.0,14,2.4,1,2,川田将雅,57,芝1600,良,-3.0,1:33.2,0.2,114.0,4-3,35.3-34.2,34.2,506(-2),,,インディチャンプ,4502.0,13,39512.9,3592.081818181818,0.24545454545454548,105.36363636363636,34.25454545454546,0.7687074829931972
27,27,2020/04/04,3中山3,晴,11.0,ダービー卿チャレンジ(G3),,16,2.0,4,10.2,4,1,石橋脩,57.0,芝1600,良,-8.0,1:32.8,-0.3,111.0,4-6-5,34.3-35.7,35.2,530(+2),,,(ボンセルヴィーソ),3956.0,14,20009.6,869.9826086956521,0.35217391304347834,98.82608695652173,35.28695652173913,0.7308970099667774
28,28,2019/04/21,3京都2,晴,11.0,読売マイラーズC(G2),,10,3.0,3,4.7,2,4,福永祐一,56,芝1600,良,-17.0,1:32.8,0.2,112.0,3-3,36.0-32.3,32.1,470(+10),,,ダノンプレミアム,890.0,1,23112.000000000004,2311.2000000000003,-0.039999999999999994,102.8,33.739999999999995,0.918918918918919
29,29,2019/05/12,2東京8,晴,11.0,ヴィクトリアマイル(G1),,18,6.0,11,5.8,2,5,横山典弘,55.0,芝1600,良,-20.0,1:30.9,0.4,118.0,1-1,33.7-34.4,34.8,512(0),,,ノームコア,1050.0,2,39349.200000000004,2623.28,0.10000000000000002,105.6,34.919999999999995,0.8440366972477065
30,30,2018/11/25,5東京8,晴,11.0,ジャパンC(G1),,14,1.0,1,1.4,1,1,ルメール,53,芝2400,良,-16.0,2:20.6,-0.3,127.0,3-2-2-2,35.9-34.4,34.1,472(-8),,,(キセキ),30302.4,3,74870.9,9358.8625,-0.2125,104.25,33.5875,0.9741379310344828
31,31,2019/04/21,3京都2,晴,11.0,読売マイラーズC(G2),,10,7.0,8,23.8,5,2,池添謙一,56.0,芝1600,良,-17.0,1:32.8,0.2,112.0,1-1,36.0-32.3,32.5,472(-8),,,ダノンプレミアム,2420.0,4,27645.600000000002,708.8615384615385,0.3794871794871795,101.02564102564102,34.51282051282051,0.6919831223628692
32,32,2019/03/31,2阪神4,曇,11.0,大阪杯(G1),,14,5.0,8,13.5,7,12,ミナリク,57,芝2000,良,3.0,2:02.1,1.1,97.0,13-13-11-11,36.4-35.5,35.8,488(+10),,直線不利,アルアイン,0.0,5,38480.299999999996,2137.7944444444443,0.20555555555555557,100.38888888888889,34.78333333333333,0.8232758620689655
33,33,2019/04/21,3京都2,晴,11.0,読売マイラーズC(G2),,10,4.0,4,9.9,3,7,ルメール,58.0,芝1600,良,-17.0,1:33.6,1.0,103.0,6-6,36.0-32.3,32.8,496(+15),,,ダノンプレミアム,0.0,6,24536.3,1635.7533333333333,0.08000000000000002,106.13333333333334,33.92666666666666,0.8371040723981901
34,34,2019/04/21,3京都2,晴,11.0,読売マイラーズC(G2),,10,8.0,9,38.6,6,6,シュタル,58,芝1600,良,-17.0,1:33.2,0.6,107.0,7-7,36.0-32.3,32.1,470(+2),,,ダノンプレミアム,0.0,7,17667.8,1359.0615384615385,0.33076923076923076,99.6923076923077,34.276923076923076,0.7245508982035929
35,35,2019/03/31,2阪神4,曇,11.0,大阪杯(G1),,14,7.0,12,12.2,6,14,丸山元気,57,芝2000,良,3.0,2:02.5,1.5,91.0,4-5-6-4,36.4-35.5,36.7,478(-12),,,アルアイン,0.0,8,29384.399999999998,2448.7,0.30833333333333335,104.16666666666667,34.18333333333334,0.7916666666666666
36,36,2019/05/11,2東京7,晴,11.0,京王杯スプリングC(G2),,15,3.0,6,4.1,2.0,3,戸崎圭太,56.0,芝1400,良,-20.0,1:19.5,0.1,111.0,3-3,34.2-33.9,33.7,514(-2),,,タワーオブロンドン,1516.2,9,18900.899999999998,994.7842105263156,0.3263157894736843,100.21052631578948,34.72631578947368,0.7431906614785992
37,37,2019/03/31,2阪神4,曇,11.0,大阪杯(G1),,14,7.0,11,7.3,3,11,Ｍ．デム,57,芝2000,良,3.0,2:02.0,1.0,97.0,9-9-6-4,36.4-35.5,36.1,494(+2),,直線不利,アルアイン,0.0,10,34415.8,2024.458823529412,0.2647058823529411,102.6470588235294,34.429411764705875,0.7801724137931034
38,38,2019/03/23,3中山1,曇,11.0,日経賞(G2),,12,4.0,4,8.2,4,3,横山典弘,56.0,芝2500,稍,0.0,2:34.6,0.4,106.0,5-5-7-5,31.3-35.4,35.2,484(-4),,,メイショウテッコン,1712.2,11,22432.100000000002,773.5206896551725,0.6586206896551725,97.96551724137932,35.699999999999996,0.6458333333333334
39,39,2019/05/11,2東京7,晴,11.0,京王杯スプリングC(G2),,15,6.0,12,13.4,5,12,Ｍ．デム,57.0,芝1400,良,-20.0,1:19.9,0.5,109.0,13-13,34.2-33.9,33.0,464(-2),,出遅れ,タワーオブロンドン,0.0,12,25564.4,913.0142857142857,0.43571428571428567,104.46428571428571,34.03928571428571,0.6096938775510204
40,40,2019/05/11,2東京7,晴,11.0,京王杯スプリングC(G2),,15,8.0,16,6.4,4,7,池添謙一,56.0,芝1400,良,-20.0,1:19.7,0.3,112.0,15-15,34.2-33.9,32.6,504(+4),,出遅れ,タワーオブロンドン,0.0,13,18091.2,1292.2285714285715,0.6071428571428571,95.07142857142857,34.357142857142854,0.5847953216374269
41,41,2019/03/30,3中山3,曇,11.0,ダービー卿チャレンジ(G3),,16,1.0,2,6.0,2.0,1,川田将雅,55,芝1600,良,-13.0,1:31.7,0.0,118.0,3-4-3,33.9-35.2,34.8,540(-4),,,(プリモシーン),3956.0,14,11330.300000000001,944.1916666666667,0.4583333333333333,96.41666666666667,34.775,0.6787878787878788
42,42,2019/05/11,2東京7,晴,11.0,京王杯スプリングC(G2),,15,6.0,11,14.9,7,11,田辺裕信,56,芝1400,良,-20.0,1:19.9,0.5,109.0,14-13,34.2-33.9,33.0,472(-6),,出遅れ,タワーオブロンドン,0.0,15,6132.2,360.7176470588235,0.5058823529411764,92.17647058823529,34.57058823529412,0.6036866359447005
43,43,2019/04/21,3京都2,晴,11.0,読売マイラーズC(G2),,10,6.0,6,1.3,1,1,川田将雅,57,芝1600,良,-17.0,1:32.6,-0.2,114.0,2-2,36.0-32.3,32.2,500(-2),,,(グァンチャーレ),5970.0,16,28913.699999999997,3614.2124999999996,0.0,104.25,34.0125,0.8058252427184466
44,44,2018/05/27,3京都12,晴,10.0,安土城S(OP),,17,1.0,1,1.5,1,2,坂井瑠星,56.5,芝1400,良,-8.0,1:20.7,0.0,112.0,10-11,35.6-33.7,32.9,488(+2),,出遅れ,ダイメイフジ,930.6,1,22113.499999999996,2010.3181818181815,-0.054545454545454536,105.18181818181819,34.05454545454545,0.9294117647058824
45,45,2018/05/13,2東京8,雨,11.0,ヴィクトリアマイル(G1),,18,5.0,10,5.3,3,4,戸崎圭太,55.0,芝1600,稍,-11.0,1:32.4,0.1,113.0,2-2,35.2-34.0,34.0,504(0),,,ジュールポレール,1600.0,2,27011.0,2455.5454545454545,0.07272727272727271,102.63636363636364,35.11818181818182,0.8853503184713376
46,46,2018/04/01,2阪神4,晴,11.0,大阪杯(G1),,16,8.0,15,3.5,1,1,Ｍ．デム,57.0,芝2000,良,-13.0,1:58.2,-0.1,111.0,15-15-1-1,36.5-34.1,34.1,516(-4),,出遅れ,(ペルシアンナイト),12340.2,3,46503.4,4227.581818181819,-0.03636363636363637,101.18181818181819,34.199999999999996,0.9057971014492754
47,47,2018/05/12,2東京7,晴,11.0,京王杯スプリングC(G2),,18,1.0,1,5.1,2.0,3,蛯名正義,56.0,芝1400,良,-20.0,1:19.5,0.0,114.0,16-15,34.2-34.1,32.7,504(-6),,,ムーンクエイク,1518.4,4,18128.1,1294.8642857142856,0.17857142857142858,100.57142857142857,34.27857142857143,0.8260869565217391
48,48,2018/04/22,3京都2,晴,11.0,読売マイラーズC(G2),,14,4.0,5,6.8,4,1,福永祐一,57.0,芝1600,良,-14.0,1:31.3,-0.2,120.0,9-9,33.9-34.1,33.2,482(0),,,(モズアスコット),5999.4,5,24187.9,1727.707142857143,0.15714285714285717,97.57142857142857,34.800000000000004,0.8595505617977528
49,49,2018/04/01,2阪神4,晴,11.0,大阪杯(G1),,16,3.0,5,16.3,6,2,福永祐一,57.0,芝2000,良,-13.0,1:58.3,0.1,110.0,11-10-9-9,36.5-34.1,33.7,482(0),,出遅れ,スワーヴリチャード,4897.2,6,28567.8,2380.65,0.11666666666666668,99.83333333333333,34.50833333333333,0.8481012658227848
50,50,2018/05/12,2東京7,晴,11.0,京王杯スプリングC(G2),,18,5.0,9,21.8,11,7,津村明秀,56.0,芝1400,良,-20.0,1:19.8,0.3,106.0,4-3,34.2-34.1,34.1,492(-6),,,ムーンクエイク,0.0,7,16501.1,611.1518518518518,0.8222222222222223,90.18518518518519,35.59629629629629,0.5669291338582677
51,51,2018/05/13,2東京8,雨,11.0,ヴィクトリアマイル(G1),,18,8.0,16,4.3,1,2,武豊,55.0,芝1600,稍,-11.0,1:32.3,0.0,118.0,13-13,35.2-34.0,32.9,450(-2),,,ジュールポレール,4308.0,8,27531.300000000003,1966.5214285714287,0.15714285714285717,101.78571428571429,34.028571428571425,0.8693693693693694
52,52,2018/03/25,2中京6,晴,11.0,高松宮記念(G1),,18,3.0,6,2.3,1,8,Ｍ．デム,57.0,芝1200,良,5.0,1:08.9,0.4,105.0,17-17,33.3-35.2,33.7,472(-6),,,ファインニードル,0.0,9,46923.99999999999,1804.7692307692305,0.2884615384615385,100.46153846153847,34.86538461538463,0.803030303030303
53,53,2018/05/12,2東京7,晴,11.0,京王杯スプリングC(G2),,18,8.0,17,17.4,7,2,石橋脩,56.0,芝1400,良,-20.0,1:19.5,0.0,112.0,8-8,34.2-34.1,33.4,546(+2),,,ムーンクエイク,2436.8,11,13779.599999999999,810.5647058823529,0.2529411764705883,103.82352941176471,34.688235294117646,0.70995670995671
54,54,2018/05/13,2東京8,雨,11.0,ヴィクトリアマイル(G1),,18,3.0,5,22.7,9,10,和田竜二,55.0,芝1600,稍,-11.0,1:33.1,0.8,105.0,4-4,35.2-34.0,34.5,478(-2),,,ジュールポレール,0.0,12,23009.1,1438.06875,0.53125,100.4375,35.15,0.678714859437751
55,55,2018/03/31,3中山3,晴,11.0,ダービー卿チャレンジ(G3),,16,5.0,9,6.5,4,1,藤岡康太,55.0,芝1600,良,-11.0,1:32.2,-0.1,116.0,8-11-7,35.0-34.8,34.1,522(-4),,,(キャンベルジュニア),3956.7,13,13191.199999999999,732.8444444444444,0.3222222222222222,97.38888888888889,34.56111111111111,0.7366071428571429
56,56,2018/04/22,3京都2,晴,11.0,読売マイラーズC(G2),,14,5.0,7,24.4,7,8,浜中俊,56.0,芝1600,良,-14.0,1:32.5,1.2,105.0,11-10,33.9-34.1,34.3,506(-6),,出遅れ,サングレーザー,0.0,14,17102.6,814.4095238095238,0.33809523809523817,99.38095238095238,34.08095238095238,0.7205882352941176
57,57,2017/10/29,4東京9,雨,11.0,天皇賞(秋)(G1),,18.0,2.0,4,7.7,3,4,シュミノ,58.0,芝2000,不,78.0,2:09.5,1.2,103.0,3-5-5,38.6-38.7,39.5,508(+2),,,キタサンブラック,2300.0,15,41676.8,2778.4533333333334,0.3733333333333333,103.66666666666667,34.52,0.7551020408163265
58,58,2018/04/22,3京都2,晴,11.0,読売マイラーズC(G2),,14,6.0,10,14.2,6,9,秋山真一,56.0,芝1600,良,-14.0,1:32.6,1.3,105.0,11-13,33.9-34.1,34.2,502(+2),,出遅れ,サングレーザー,0.0,16,19576.8,752.9538461538461,0.3192307692307693,101.61538461538461,34.02307692307692,0.7261904761904762
59,59,2017/05/13,2東京7,雨,11.0,京王杯スプリングC(G2),,13,4.0,4,3.5,1,9,川田将雅,57,芝1400,重,21.0,1:23.6,0.4,105.0,10-11,36.4-34.2,33.8,524(-1),,,レッドファルクス,0.0,1,42366.299999999996,1842.0130434782607,0.10869565217391304,104.56521739130434,34.06521739130435,0.8584905660377359
60,60,2017/02/26,2中山2,晴,11.0,中山記念(G2),,11.0,7.0,9,15.2,7,3,田辺裕信,58,芝1800,良,-6.0,1:47.8,0.2,105.0,1-1-2-2,37.4-34.6,34.5,498(+4),,,ネオリアリズム,1611.2,2,58301.1,2082.182142857143,0.40714285714285714,102.89285714285714,35.40357142857143,0.7849740932642487
61,61,2017/05/13,2東京7,雨,11.0,京王杯スプリングC(G2),,13,7.0,10,5.0,2,1,Ｍ．デム,58,芝1400,重,21.0,1:23.2,-0.1,110.0,8-9,36.4-34.2,33.7,474(+2),,,(クラレント),5993.8,3,35774.8,1703.561904761905,0.28095238095238095,98.19047619047619,35.14761904761906,0.8285714285714286
62,62,2017/03/12,2中山6,晴,10.0,東風S(OP),,10,3.0,3,1.5,1,1,田辺裕信,56.0,芝1600,良,-2.0,1:36.7,-0.2,98.0,9-9-8,37.6-34.2,33.3,472(+4),,,(ダイワリベラル),2321.7,4,9226.8,1153.35,-0.1,98.125,33.4875,0.963302752293578
63,63,2017/04/23,3京都2,晴,11.0,読売マイラーズC(G2),,11,4.0,4,3.1,1,2,武豊,56.0,芝1600,良,-10.0,1:32.3,0.1,114.0,5-6,35.3-33.4,32.9,484(0),,,イスラボニータ,2422.8,5,25580.0,2131.6666666666665,0.1583333333333333,104.75,34.04999999999999,0.8682634730538922
64,64,2017/04/02,2阪神4,晴,11.0,大阪杯(G1),,14.0,3.0,4,17.7,7,2,川田将雅,57,芝2000,良,-2.0,1:59.0,0.1,114.0,5-5-4-4,35.5-35.3,34.2,482(-4),,,キタサンブラック,4885.2,7,30725.900000000005,1536.2950000000003,0.24499999999999997,102.85,34.44,0.825
65,65,2017/04/23,3京都2,晴,11.0,読売マイラーズC(G2),,11,8.0,11,3.8,2,1,ルメール,57,芝1600,良,-10.0,1:32.2,-0.1,115.0,5-4,35.3-33.4,32.9,488(+8),,,(エアスピネル),5979.8,8,65730.29999999999,2987.7409090909086,0.1954545454545454,104.22727272727273,34.263636363636365,0.8426229508196721
66,66,2017/05/13,2東京7,雨,11.0,京王杯スプリングC(G2),,13,8.0,12,50.4,11,2,岩田康誠,56.0,芝1400,重,21.0,1:23.3,0.1,108.0,3-4,36.4-34.2,34.1,488(-8),,,レッドファルクス,2426.8,9,40886.0,997.219512195122,0.5341463414634146,103.8048780487805,34.792682926829265,0.6112026359143328
67,67,2016/06/05,3東京2,晴,11.0,安田記念(G1),,12.0,5.0,5,48.5,9,12,プレブル,58.0,芝1600,良,-13.0,1:34.3,1.3,98.0,3-6,35.0-33.9,34.8,500(-21),,,ロゴタイプ,0.0,10,0.0,0.0,1.05,104.5,34.9,0.2857142857142857
68,68,2017/05/20,2東京9,晴,11.0,メイS(OP),,11,2.0,2,122.0,11,10,横山和生,54,芝1800,良,-12.0,1:47.0,1.0,99.0,11-11-11,36.6-33.5,33.2,484(-4),,,タイセイサミット,0.0,11,11365.6,307.1783783783784,0.4297297297297298,98.02702702702703,34.6,0.6633858267716536
69,69,2017/04/23,3京都2,晴,11.0,読売マイラーズC(G2),,11,1.0,1,95.8,9.0,5,松若風馬,56.0,芝1600,良,-10.0,1:32.5,0.3,110.0,1-1,35.3-33.4,33.7,492(+2),,,イスラボニータ,590.0,12,24589.600000000002,723.2235294117647,0.3735294117647059,100.20588235294117,34.520588235294134,0.7039337474120083
70,70,2017/04/02,2阪神4,晴,11.0,大阪杯(G1),,14,6.0,9,229.5,13,10,四位洋文,57.0,芝2000,良,-2.0,2:00.1,1.2,105.0,7-7-8-7,35.5-35.3,34.9,500(-4),,,キタサンブラック,0.0,13,41165.9,1029.1475,0.3475,100.85,34.834999999999994,0.7570921985815603
71,71,2017/04/01,3中山3,曇,11.0,ダービー卿チャレンジ(G3),,16,2.0,3,11.1,5,1,内田博幸,56,芝1600,稍,4.0,1:34.7,-0.1,108.0,2-2-2,36.2-34.7,34.6,560(+2),,,(キャンベルジュニア),3957.4,14,14527.2,854.5411764705883,0.37058823529411766,91.70588235294117,34.76470588235294,0.7488789237668162
72,72,2017/04/02,2阪神4,晴,11.0,大阪杯(G1),,14,7.0,12,13.2,5,5,福永祐一,57.0,芝2000,良,-2.0,1:59.3,0.4,113.0,13-13-14-13,35.5-35.3,33.6,470(+4),,,キタサンブラック,1200.0,15,27249.700000000004,1703.1062500000003,0.28124999999999994,104.0,34.28125,0.75
73,73,2017/04/23,3京都2,晴,11.0,読売マイラーズC(G2),,11,6.0,6,18.8,7,3,松岡正海,56,芝1600,良,-10.0,1:32.4,0.2,111.0,2-2,35.3-33.4,33.6,514(-4),,,イスラボニータ,1511.4,16,20212.7,1063.8263157894737,0.34210526315789475,100.42105263157895,34.378947368421066,0.6795366795366795
74,74,2017/05/13,2東京7,雨,11.0,京王杯スプリングC(G2),,13,7.0,11,22.9,8,6,幸英明,56,芝1400,重,21.0,1:23.6,0.4,103.0,2-2,36.4-34.2,34.5,478(-2),,,レッドファルクス,0.0,17,12260.199999999999,510.84166666666664,0.3791666666666666,96.125,35.083333333333336,0.7463126843657817
75,75,2017/04/23,3京都2,晴,11.0,読売マイラーズC(G2),,11,7.0,8,4.8,3,4,Ｍ．デム,56,芝1600,良,-10.0,1:32.4,0.2,114.0,7-7,35.3-33.4,32.8,502(-4),,,イスラボニータ,890.0,18,15506.9,969.18125,0.34375000000000006,95.4375,34.35,0.7288135593220338
76,76,2016/04/03,3中山4,曇,11.0,ダービー卿チャレンジ(G3),,16.0,7.0,14,10.7,4,2,田辺裕信,58,芝1600,良,-7.0,1:32.8,0.0,114.0,2-3-2,35.3-34.5,34.2,498(-4),,,マジックタイム,1616.2,1,50979.5,2124.1458333333335,0.39999999999999997,101.875,35.53333333333334,0.7934131736526946
77,77,2015/11/22,5京都6,曇,11.0,マイルチャンピオンS(G1),,18.0,8.0,16,5.7,4,1,ムーア,57,芝1600,良,-8.0,1:32.8,-0.2,113.0,9-8,34.6-33.8,33.1,508(-2),,,(フィエロ),10382.2,2,35477.6,2729.0461538461536,0.05384615384615386,102.15384615384616,34.176923076923075,0.877906976744186
78,78,2016/04/24,3京都2,曇,11.0,読売マイラーズC(G2),,15.0,4.0,7,2.6,1,4,鮫島良太,56.0,芝1600,良,-11.0,1:33.0,0.4,102.0,13-14,34.1-34.7,34.3,508(-3),,,クルーガー,890.0,3,27747.7,1541.538888888889,0.1888888888888889,102.66666666666667,34.24444444444444,0.8661710037174721
79,79,2016/05/14,2東京7,晴,11.0,京王杯スプリングC(G2),,16.0,5.0,10,4.5,3,1,川田将雅,56,芝1400,良,-14.0,1:19.6,-0.2,119.0,12-12,34.6-33.5,32.4,526(-8),,出遅れ,(サンライズメジャー),6014.8,4,24622.5,1295.921052631579,0.10526315789473684,103.10526315789474,34.08421052631579,0.8705882352941177
80,80,2016/04/03,2阪神4,曇,11.0,産経大阪杯(G2),,11.0,4.0,4,18.5,7,5,蛯名正義,57,芝2000,良,-12.0,1:59.9,0.6,108.0,5-5-5-6,36.8-33.6,33.6,476(-4),,,アンビシャス,670.0,5,51198.7,3011.6882352941175,0.22941176470588226,102.17647058823529,34.26470588235294,0.8396624472573839
81,81,2016/03/26,3中山1,晴,11.0,日経賞(G2),,9.0,3.0,3,9.0,5,5,武幸四郎,57.0,芝2500,良,-6.0,2:37.3,0.5,99.0,1-1-1-1,31.7-33.9,34.4,506(-4),,出遅れ,ゴールドアクター,670.0,6,41165.9,1176.1685714285716,0.2771428571428572,100.17142857142858,34.77714285714286,0.8077709611451943
82,82,2016/04/24,3京都2,曇,11.0,読売マイラーズC(G2),,15.0,1.0,1,9.3,5,2,福永祐一,57,芝1600,良,-11.0,1:32.6,0.0,106.0,7-7,34.1-34.7,34.2,458(-2),,,クルーガー,2430.4,7,47177.8,1275.0756756756757,0.27027027027027023,104.91891891891892,34.283783783783775,0.7922077922077922
83,83,2016/04/24,3京都2,曇,11.0,読売マイラーズC(G2),,15.0,3.0,4,33.5,11,3,小牧太,56.0,芝1600,良,-11.0,1:32.7,0.1,105.0,3-3,34.1-34.7,34.6,510(+10),,,クルーガー,1515.2,8,38459.2,1098.8342857142857,0.5,103.62857142857143,34.77428571428571,0.6372360844529751
84,84,2016/05/14,2東京7,晴,11.0,京王杯スプリングC(G2),,16.0,1.0,1,4.3,2,3,Ｍ．デム,57,芝1400,良,-14.0,1:19.8,0.2,115.0,6-6,34.6-33.5,33.1,530(+2),,,サトノアラジン,1516.4,9,21395.500000000004,1126.0789473684213,0.19473684210526318,100.10526315789474,34.08421052631579,0.7573529411764706
85,85,2016/04/24,3京都2,曇,11.0,読売マイラーズC(G2),,15.0,6.0,11,17.2,7,14,川須栄彦,57.0,芝1600,良,-11.0,1:34.5,1.9,86.0,3-3,34.1-34.7,36.4,490(+6),,,クルーガー,0.0,10,25498.500000000004,772.6818181818182,0.4666666666666667,98.27272727272727,34.6030303030303,0.6247240618101545
86,86,2016/02/28,2中山2,晴,11.0,中山記念(G2),,11.0,2.0,2,4.2,2,3,福永祐一,55,芝1800,良,-10.0,1:46.0,0.1,116.0,5-5-6-5,36.5-34.9,34.1,508(+8),,,ドゥラメンテ,1611.6,11,23502.800000000003,2611.4222222222224,0.16666666666666666,102.11111111111111,34.16666666666667,0.831858407079646
87,87,2015/04/05,3中山4,小雨,11.0,ダービー卿チャレンジ(G3),,16,5.0,10,3.1,1,1,戸崎圭太,55,芝1600,良,-9.0,1:32.2,-0.6,117.0,14-15-13,35.6-34.2,33.0,508(-2),,出遅れ,(クラリティシチー),3857.4,1,20918.6,1901.690909090909,0.06363636363636366,100.45454545454545,34.290909090909096,0.8611111111111112
88,88,2015/05/16,2東京7,曇,11.0,京王杯スプリングC(G2),,18,7.0,15,4.7,2,2,福永祐一,56,芝1400,良,-6.0,1:21.6,0.0,103.0,15-15,36.0-33.7,32.7,508(+2),,,サクラゴスペル,2339.2,2,16094.2,1238.0153846153846,0.2846153846153846,99.07692307692308,34.6,0.8074866310160428
89,89,2015/04/26,3京都2,晴,11.0,読売マイラーズC(G2),,18,8.0,18,27.1,9,10,幸英明,56.0,芝1600,良,-18.0,1:33.2,0.6,96.0,6-5,35.3-33.2,33.4,498(+6),,,レッドアリオン,0.0,3,36344.0,1298.0,0.48214285714285715,103.10714285714286,34.83214285714286,0.6658823529411765
90,90,2015/04/26,3京都2,晴,11.0,読売マイラーズC(G2),,18.0,4.0,7,2.7,1,3,戸崎圭太,56.0,芝1600,良,-18.0,1:32.7,0.1,103.0,10-11,35.3-33.2,32.5,502(+3),,,レッドアリオン,1419.6,4,17775.7,1269.6928571428573,0.1714285714285714,101.0,34.43571428571428,0.863849765258216
91,91,2015/05/17,2東京8,晴,11.0,ヴィクトリアマイル(G1),,18,4.0,7,47.4,12,2,吉田豊,55,芝1600,良,-12.0,1:31.9,0.0,117.0,2-2,34.3-35.0,34.0,530(+10),,,ストレイトガール,3709.2,5,21013.500000000004,677.8548387096776,0.5483870967741936,93.96774193548387,35.880645161290325,0.7074829931972789
92,92,2015/05/16,2東京7,曇,11.0,京王杯スプリングC(G2),,18,5.0,10,42.9,10.0,4,田中勝春,56,芝1400,良,-6.0,1:21.7,0.1,100.0,6-4,36.0-33.7,33.6,486(-8),,,サクラゴスペル,860.0,6,13475.9,434.7064516129032,0.4645161290322581,96.06451612903226,34.96774193548387,0.7152777777777778
93,93,2015/04/05,2阪神4,曇,11.0,産経大阪杯(G2),,14,4.0,6,12.1,5,8,松山弘平,57.0,芝2000,不,27.0,2:04.5,1.6,98.0,2-2-2-2,36.6-37.1,38.5,488(+6),,,ラキシス,0.0,7,33284.7,1751.8263157894735,0.5368421052631579,103.52631578947368,35.852631578947374,0.6644295302013423
94,94,2015/04/26,3京都2,晴,11.0,読売マイラーズC(G2),,18,7.0,15,22.4,8,1,川須栄彦,56.0,芝1600,良,-18.0,1:32.6,0.0,103.0,3-3,35.3-33.2,32.9,484(0),,,(サンライズメジャー),5837.2,8,21653.7,866.148,0.352,97.56,34.54,0.7218934911242604
95,95,2015/04/26,3京都2,晴,11.0,読売マイラーズC(G2),,18,5.0,10,14.8,6,4,小牧太,56,芝1600,良,-18.0,1:32.8,0.2,101.0,7-7,35.3-33.2,32.9,468(-2),,,レッドアリオン,860.0,9,20262.3,750.4555555555555,0.3925925925925926,101.5925925925926,34.29999999999999,0.6863270777479893
96,96,2015/03/01,1阪神2,雨,11.0,阪急杯(G3),,16,2.0,3,7.5,3,5,福永祐一,58,芝1400,不,39.0,1:24.4,0.6,107.0,10-11,34.9-36.8,36.7,462(+18),,出遅れ,ダイワマッジョーレ,400.0,10,43767.4,1411.851612903226,0.22580645161290325,104.45161290322581,34.34193548387097,0.838495575221239
97,97,2015/04/26,3京都2,晴,11.0,読売マイラーズC(G2),,18,2.0,4,14.6,5.0,2,四位洋文,56.0,芝1600,良,-18.0,1:32.6,0.0,102.0,1-1,35.3-33.2,33.2,488(+4),,,レッドアリオン,2339.2,11,15625.400000000001,781.2700000000001,0.22999999999999998,97.5,34.525,0.7964285714285714
98,98,2014/12/27,5阪神7,曇,11.0,阪神C(G2),,18.0,4.0,8,14.4,8,1,ビュイッ,57,芝1400,良,-1.0,1:20.7,0.0,112.0,6-5,34.3-35.2,34.7,518(-20),,,(コパノリチャード),6635.8,12,39609.4,1523.4384615384615,0.5076923076923078,104.53846153846153,34.988461538461536,0.6508728179551122
99,99,2015/05/03,1新潟2,晴,11.0,谷川岳S(OP),,16,4.0,8,3.8,1,1,柴山雄一,57,芝1600,良,3.0,1:33.7,-0.1,104.0,15-14,36.5-33.3,31.9,500(0),,出遅れ,(メイショウヤタロウ),2236.4,13,18280.899999999998,703.1115384615384,0.33076923076923076,98.76923076923077,34.31153846153846,0.7640449438202247
100,100,2015/05/17,2東京8,晴,11.0,ヴィクトリアマイル(G1),,18,7.0,13,24.5,8,17,武幸四郎,55,芝1600,良,-12.0,1:33.7,1.8,101.0,16-15,34.3-35.0,33.9,500(-6),,,ストレイトガール,0.0,14,43519.5,2290.5,0.6315789473684215,98.42105263157895,35.089473684210525,0.5957446808510638
101,101,2015/03/29,2中京6,小雨,11.0,高松宮記念(G1),,18,8.0,16,5.2,3,3,浜中俊,57,芝1200,稍,0.0,1:08.6,0.1,116.0,4-4,34.0-34.5,34.2,486(+4),,,エアロヴェロシティ,2454.0,15,28701.199999999997,2207.7846153846153,0.20769230769230768,101.0,35.315384615384616,0.7258064516129032
102,102,2015/05/16,2東京7,曇,11.0,京王杯スプリングC(G2),,18,7.0,13,3.6,1.0,10,Ｍ．デム,56.0,芝1400,良,-6.0,1:21.9,0.3,99.0,15-11,36.0-33.7,33.3,438(-2),,出遅れ,サクラゴスペル,0.0,16,29362.700000000004,1087.5074074074075,0.37037037037037035,103.96296296296296,34.58518518518519,0.7071240105540897
103,103,2015/05/16,2東京7,曇,11.0,京王杯スプリングC(G2),,18,6.0,11,8.7,5,1,戸崎圭太,56.0,芝1400,良,-6.0,1:21.6,0.0,103.0,6-7,36.0-33.7,33.3,490(+2),,,(ヴァンセンヌ),5837.2,17,27251.199999999997,908.3733333333332,0.39,101.2,34.53666666666666,0.6409090909090909
104,104,2014/03/02,2中山2,雨,11.0,中山記念(G2),,15.0,3.0,4,5.3,2,1,横山典弘,58.0,芝1800,稍,28.0,1:49.8,-0.6,114.0,3-4-4-3,37.3-36.9,36.6,502(+6),,,(アルキメデス),6106.4,1,46460.200000000004,2581.1222222222223,0.2222222222222222,104.77777777777777,34.30555555555555,0.8333333333333334
105,105,2013/11/17,5京都6,晴,11.0,マイルチャンピオンS(G1),,18.0,8.0,16,15.0,7.0,9,ルメール,57.0,芝1600,良,-9.0,1:33.1,0.7,105.0,8-9,35.1-34.1,34.3,510(-2),,,トーセンラー,0.0,2,49929.100000000006,2170.830434782609,0.39130434782608703,107.26086956521739,34.66521739130435,0.7282913165266106
106,106,2014/04/06,2阪神4,晴,11.0,産経大阪杯(G2),,8.0,2.0,2,13.2,4,5,浜中俊,56.0,芝2000,良,9.0,2:01.0,0.7,109.0,4-4-4-4,36.6-36.3,35.3,504(+4),,,キズナ,620.0,3,31266.3,1488.8714285714286,0.27619047619047615,102.80952380952381,34.27142857142857,0.7795275590551181
107,107,2014/03/02,1阪神2,曇,11.0,阪急杯(G3),,16.0,7.0,13,2.8,1,9,小牧太,56.0,芝1400,良,5.0,1:21.9,1.2,104.0,6-5,33.8-35.8,36.3,448(+4),,,コパノリチャード,0.0,4,31466.199999999993,1210.2384615384613,0.20384615384615387,103.61538461538461,34.284615384615385,0.8586666666666667
108,108,2014/04/27,3京都2,晴,11.0,読売マイラーズC(G2),,16.0,2.0,4,6.4,3,1,シュタル,56.0,芝1600,良,-22.0,1:31.4,-0.2,111.0,4-4,34.9-33.6,33.2,466(+16),,,(フィエロ),5830.2,5,21350.5,2372.277777777778,0.1333333333333333,100.44444444444444,34.422222222222224,0.8925619834710744
109,109,2013/06/02,3東京2,晴,11.0,安田記念(G1),,18.0,3.0,6,37.1,11,11,ホワイト,58.0,芝1600,良,-14.0,1:32.2,0.7,112.0,11-11,33.9-34.5,33.8,482(+5),,出遅れ,ロードカナロア,0.0,6,0.0,0.0,0.8333333333333334,108.66666666666667,35.5,0.44
110,110,2014/03/02,2中山2,雨,11.0,中山記念(G2),,15.0,7.0,13,96.5,15,7,田中勝春,57.0,芝1800,稍,28.0,1:50.8,1.0,108.0,13-13-13-11,37.3-36.9,36.6,514(-2),,出遅れ,ジャスタウェイ,0.0,7,36806.200000000004,1533.591666666667,0.4791666666666667,105.66666666666667,34.74583333333333,0.7138964577656676
111,111,2014/04/27,3京都2,晴,11.0,読売マイラーズC(G2),,16.0,3.0,5,2.2,1,2,武豊,56.0,芝1600,良,-22.0,1:31.6,0.2,110.0,6-5,34.9-33.6,33.2,506(-6),,,ワールドエース,2337.2,8,9332.9,933.29,0.18,97.3,34.74,0.8618421052631579
112,112,2014/04/06,3中山4,曇,11.0,ダービー卿チャレンジ(G3),,16.0,1.0,2,6.9,4,1,秋山真一,57.5,芝1600,稍,13.0,1:34.6,0.0,114.0,1-2-4,34.8-36.7,36.5,468(-2),,,(カオスモス),3861.6,9,28619.600000000002,2201.5076923076927,0.5538461538461538,102.84615384615384,35.815384615384616,0.6617647058823529
113,113,2014/05/17,2東京7,晴,11.0,京王杯スプリングC(G2),,15.0,6.0,10,4.2,2,2,川田将雅,56.0,芝1400,良,-10.0,1:19.9,0.2,114.0,4-4,33.7-35.0,34.6,492(-8),,出遅れ,レッドスパーダ,2334.0,10,26068.6,1303.4299999999998,0.45999999999999996,102.3,34.870000000000005,0.6933333333333334
114,114,2014/05/17,3京都7,晴,11.0,都大路S(OP),,18.0,8.0,17,10.7,5,1,秋山真一,56.0,芝1800,良,-19.0,1:43.9,-0.9,111.0,2-2,33.9-34.4,34.0,508(-6),,,(ディサイファ),2244.8,11,13359.5,1214.5,1.0636363636363635,89.27272727272727,36.9,0.66
115,115,2014/04/27,3京都2,晴,11.0,読売マイラーズC(G2),,16.0,6.0,12,4.7,2,3,川田将雅,56.0,芝1600,良,-22.0,1:31.9,0.5,107.0,8-7,34.9-33.6,33.2,468(-2),,,ワールドエース,1418.6,12,15812.099999999999,878.4499999999999,0.3611111111111111,98.83333333333333,34.638888888888886,0.7081545064377682
116,116,2014/03/30,2中京6,曇,11.0,高松宮記念(G1),,18.0,3.0,6,16.7,7,9,戸崎圭太,57.0,芝1200,不,54.0,1:13.3,1.1,102.0,7-6,34.5-37.7,37.6,512(-16),,,コパノリチャード,0.0,13,32973.6,1433.6347826086956,0.5260869565217392,104.17391304347827,34.97391304347826,0.6487252124645893
117,117,2014/02/16,2京都6,晴,11.0,京都記念(G2),,12.0,7.0,10,3.7,2,2,武豊,58.0,芝2200,稍,8.0,2:16.1,0.1,107.0,7-7-5-4,38.3-34.2,34.0,474(+14),,,デスペラード,2424.4,14,42985.399999999994,1953.8818181818178,0.5363636363636364,101.5,35.02272727272727,0.738831615120275
118,118,2014/05/18,2東京8,晴,11.0,ヴィクトリアマイル(G1),,18.0,5.0,9,4.4,2,4,蛯名正義,55.0,芝1600,良,-10.0,1:32.4,0.1,114.0,5-5,34.7-34.3,33.7,480(-2),,出遅れ,ヴィルシーナ,1400.0,15,49654.200000000004,1986.1680000000001,0.7519999999999998,96.44,35.516,0.7013698630136986
119,119,2014/05/11,2東京6,晴,11.0,NHKマイルC(G1),,18.0,5.0,10,1.9,1,1,浜中俊,57.0,芝1600,良,-9.0,1:33.2,0.0,105.0,1-1,34.6-34.8,34.8,478(+8),,,(タガノブルグ),9582.2,16,18829.8,2689.9714285714285,-2.7755575615628914e-17,94.14285714285714,35.4,0.8279569892473119
120,120,2014/05/17,2東京7,晴,11.0,京王杯スプリングC(G2),,15.0,5.0,9,38.4,10,1,北村宏司,56.0,芝1400,良,-10.0,1:19.7,-0.2,117.0,2-2,33.7-35.0,34.7,534(0),,,(クラレント),5819.0,17,33978.3,1258.4555555555557,0.7185185185185186,101.4074074074074,35.31111111111112,0.6691729323308271
121,121,2013/03/24,2中京6,晴,11.0,高松宮記念(G1),,17.0,6.0,11,1.3,1,1,岩田康誠,57,芝1200,良,-7.0,1:08.1,-0.2,116.0,9-7,34.3-33.8,33.2,498(-4),,出遅れ,(ドリームバレンチノ),9865.4,1,54931.399999999994,3662.093333333333,-0.1733333333333333,105.46666666666667,34.013333333333335,0.9723502304147466
122,122,2013/03/31,2阪神4,曇,11.0,産経大阪杯(G2),,14.0,3.0,3,9.6,2,2,浜中俊,57,芝2000,良,-9.0,1:59.1,0.1,108.0,13-13-12-10,36.7-33.7,32.9,512(+6),,,オルフェーヴル,2428.0,2,28094.699999999997,1652.6294117647058,0.2117647058823529,101.3529411764706,34.117647058823536,0.8269230769230769
123,123,2013/04/21,3京都2,晴,11.0,読売マイラーズC(G2),,18.0,6.0,12,6.1,3,3,Ｃ．デム,56,芝1600,良,-2.0,1:32.7,0.1,114.0,6-7,34.1-35.3,35.0,452(+4),,,グランプリボス,1419.2,3,22038.4,1049.4476190476191,0.1476190476190476,102.0952380952381,34.07142857142858,0.87
124,124,2013/05/12,2東京8,晴,11.0,ヴィクトリアマイル(G1),,18.0,1.0,1,13.9,5,3,柴田大知,55,芝1600,良,-13.0,1:32.5,0.1,108.0,3-2,34.6-34.2,34.1,478(-6),,,ヴィルシーナ,2354.6,4,25205.0,1145.6818181818182,0.4227272727272728,99.31818181818181,34.71818181818182,0.7563739376770539
125,125,2013/03/24,2中京6,晴,11.0,高松宮記念(G1),,17.0,8.0,15,12.9,4,4,横山典弘,57.0,芝1200,良,-7.0,1:08.4,0.3,112.0,4-4,34.3-33.8,33.8,480(-4),,,ロードカナロア,1400.0,5,15654.4,920.8470588235294,0.24117647058823527,100.47058823529412,34.358823529411765,0.7458333333333333
126,126,2013/03/31,2阪神4,曇,11.0,産経大阪杯(G2),,14.0,3.0,4,10.2,3,5,戸崎圭太,56,芝2000,良,-9.0,1:59.5,0.5,104.0,3-2-3-3,36.7-33.7,33.9,504(-10),,,オルフェーヴル,600.0,6,34301.5,2017.735294117647,0.15882352941176467,107.82352941176471,34.35882352941176,0.8608695652173913
127,127,2013/05/11,2東京7,雨,11.0,京王杯スプリングC(G2),,18.0,2.0,4,13.8,6,3,石橋脩,56.0,芝1400,稍,-2.0,1:20.7,0.1,113.0,7-6,33.9-34.9,34.5,474(-2),,,ダイワマッジョーレ,1419.6,7,26333.9,797.9969696969697,0.5424242424242424,103.21212121212122,35.009090909090915,0.6575342465753424
128,128,2013/05/12,2東京8,晴,11.0,ヴィクトリアマイル(G1),,18.0,6.0,11,3.1,1,1,内田博幸,55,芝1600,良,-13.0,1:32.4,0.0,109.0,2-2,34.6-34.2,34.0,450(-6),,,(ホエールキャプチャ),9382.2,8,33348.09999999999,2779.0083333333328,0.17499999999999996,95.5,34.47500000000001,0.8848484848484849
129,129,2013/05/11,2東京7,雨,11.0,京王杯スプリングC(G2),,18.0,7.0,15,4.7,1.0,1,蛯名正義,56.0,芝1400,稍,-2.0,1:20.6,-0.1,115.0,8-8,33.9-34.9,34.1,436(0),,,(トライアンフマーチ),5637.2,9,16939.0,1209.9285714285713,0.21428571428571427,102.0,34.29285714285714,0.8342541436464088
130,130,2013/04/21,3京都2,晴,11.0,読売マイラーズC(G2),,18.0,8.0,17,9.3,5.0,1,浜中俊,57,芝1600,良,-2.0,1:32.6,-0.1,115.0,9-8,34.1-35.3,34.8,522(+10),,,(サンレイレーザー),5634.4,10,45825.9,2411.8894736842108,0.38947368421052636,106.84210526315789,34.631578947368425,0.7441077441077442
131,131,2012/06/03,3東京2,曇,11.0,安田記念(G1),,18.0,7.0,14,8.7,3,14,ホワイト,58.0,芝1600,良,-15.0,1:32.4,1.1,107.0,14-14,33.8-35.0,34.6,478(-2),,,ストロングリターン,0.0,11,0.0,0.0,0.9,109.5,34.2,0.3235294117647059
132,132,2013/05/05,1新潟2,晴,11.0,新潟大賞典(G3),,16.0,1.0,2,2.9,1.0,5,柴田善臣,58.0,芝2000,良,-5.0,1:57.7,0.8,109.0,11-11,34.4-35.1,34.4,484(-2),,直線不利,パッションダンス,400.0,12,28768.399999999998,1438.4199999999998,0.495,100.35,34.730000000000004,0.7971014492753623
133,133,2013/05/11,2東京7,雨,11.0,京王杯スプリングC(G2),,18.0,7.0,14,5.4,3,7,武豊,58.0,芝1400,稍,-2.0,1:20.9,0.3,113.0,13-13,33.9-34.9,34.0,512(+3),,出遅れ,ダイワマッジョーレ,0.0,13,35392.00000000001,1966.2222222222226,0.42222222222222217,105.27777777777777,34.46666666666667,0.7536231884057971
134,134,2013/04/21,3京都2,晴,11.0,読売マイラーズC(G2),,18.0,5.0,9,2.2,1,4,秋山真一,58.0,芝1600,良,-2.0,1:32.7,0.1,114.0,3-3,34.1-35.3,35.1,474(+8),,,グランプリボス,830.0,14,24758.000000000004,2750.888888888889,0.2888888888888889,103.44444444444444,35.388888888888886,0.7588652482269503
135,135,2013/05/05,1新潟2,晴,11.0,新潟大賞典(G3),,16.0,3.0,5,56.1,11,14,柴山雄一,57.0,芝2000,良,-5.0,1:58.4,1.5,103.0,13-13,34.4-35.1,35.1,492(-6),,,パッションダンス,0.0,15,38498.299999999996,836.9195652173912,0.741304347826087,104.73913043478261,34.80434782608697,0.6060171919770774
136,136,2013/05/05,2東京6,晴,11.0,NHKマイルC(G1),,18.0,7.0,15,2.9,1,7,内田博幸,57,芝1600,良,-13.0,1:33.1,0.4,102.0,3-3,34.4-34.9,35.1,528(+4),,直線不利,マイネルホウオウ,0.0,17,14951.300000000001,1868.9125000000001,0.2375,96.625,35.4,0.7410714285714286
137,137,2013/05/11,2東京7,雨,11.0,京王杯スプリングC(G2),,18.0,6.0,11,14.8,8,16,酒井学,56,芝1400,稍,-2.0,1:21.7,1.1,100.0,5-5,33.9-34.9,35.7,506(-2),,,ダイワマッジョーレ,0.0,18,39732.8,749.6754716981133,0.5830188679245282,99.75471698113208,35.82641509433962,0.5909090909090909
138,138,2012/05/12,2東京7,晴,11,京王杯スプリングC(G2),,15,5,8,6.3,2,4,福永祐一,57.0,芝1400,良,-10,1:20.4,0.3,112,11-12,34.2-34.2,33.2,518(+2),,出遅れ,サダムパテック,830.0,1,31099.500000000004,1636.8157894736844,0.07894736842105264,104.42105263157895,34.1,0.8885017421602788
139,139,2012/05/12,2東京7,晴,11.0,京王杯スプリングC(G2),,15.0,8.0,14,8.9,5.0,7,内田博幸,57.0,芝1400,良,-10.0,1:20.6,0.5,111.0,14-13,34.2-34.2,33.2,496(-2),,出遅れ,サダムパテック,0.0,2,30456.3,2175.45,0.46428571428571436,104.35714285714286,34.74285714285715,0.7175925925925926
140,140,2012/04/22,3京都2,曇,11,読売マイラーズC(G2),,18,3,6,9.3,7,3,幸英明,56.0,芝1600,稍,-4.0,1:33.6,0.4,102.0,4-3,34.3-35.7,35.6,510(0),,,シルポート,1419.4,3,20115.100000000002,773.6576923076924,0.5730769230769232,99.57692307692308,35.30384615384616,0.6481012658227848
141,141,2012/04/22,3京都2,曇,11,読売マイラーズC(G2),,18,7,15,18.0,9,11,北村友一,56.0,芝1600,稍,-4,1:34.3,1.1,95,15-15,34.3-35.7,35.4,516(-2),,出遅れ,シルポート,0.0,4,20484.599999999995,975.4571428571426,0.3333333333333333,101.95238095238095,34.16190476190476,0.7886435331230284
142,142,2012/04/01,3中山4,晴,11,ダービー卿チャレンジ(G3),,16,4,8,7.3,3,1,石橋脩,57.5,芝1600,良,-8,1:33.5,0.0,108,4-8-9,35.4-34.7,34.1,474(0),,,(オセアニアボス),3861.6,5,21896.300000000003,875.8520000000001,0.524,100.8,34.98000000000001,0.6719160104986877
143,143,2012/04/22,3京都2,曇,11.0,読売マイラーズC(G2),,18.0,7.0,14,6.0,1,18,岩田康誠,58.0,芝1600,稍,-4.0,1:34.8,1.6,90.0,8-12,34.3-35.7,36.3,512(0),,,シルポート,0.0,6,22923.8,1910.3166666666666,0.3999999999999999,102.91666666666667,34.61666666666666,0.712707182320442
144,144,2012/04/22,3京都2,曇,11,読売マイラーズC(G2),,18,6,11,8.4,5,7,横山典弘,56.0,芝1600,稍,-4,1:33.8,0.6,100,5-5,34.3-35.7,35.6,462(0),,,シルポート,0.0,7,24823.5,1128.340909090909,0.409090909090909,102.31818181818181,34.93181818181818,0.7723076923076924
145,145,2012/02/19,1東京8,晴,11,フェブラリーS(G1),,16,2,4,188.1,14,14,丸山元気,57.0,ダ1600,良,11.0,1:38.1,2.7,106.0,16-16,34.7-36.7,38.0,498(+2),,出遅れ,テスタマッタ,0.0,8,36981.9,1056.6257142857144,0.6285714285714286,104.14285714285714,34.87714285714285,0.655893536121673
146,146,2012/05/12,2東京7,晴,11.0,京王杯スプリングC(G2),,15.0,7.0,12,7.2,4,1,ウィリア,56.0,芝1400,良,-10.0,1:20.1,-0.1,116.0,7-8,34.2-34.2,33.3,506(+8),,出遅れ,(レオプライム),5610.6,9,25009.800000000003,1786.4142857142858,0.4142857142857143,102.21428571428571,34.62142857142857,0.7932692307692307
147,147,2012/05/13,2東京8,晴,11,ヴィクトリアマイル(G1),,18,8,16,14.0,7,2,ウィリア,55.0,芝1600,良,-9,1:32.5,0.1,112,2-2,34.4-34.2,34.1,432(+12),,,ホエールキャプチャ,3709.2,10,12095.1,1007.9250000000001,0.2333333333333333,98.83333333333333,34.64999999999999,0.7803468208092486
148,148,2011/10/02,4中山8,曇,11.0,スプリンターズS(G1),,15.0,1.0,1,11.5,4.0,5,プレブル,57.0,芝1200,良,-8.0,1:07.9,0.5,108.0,4-4,33.0-34.4,34.5,484(+4),,直線不利,カレンチャン,950.0,11,3281.2,1093.7333333333333,0.43333333333333335,106.33333333333333,34.5,0.6666666666666666
149,149,2012/04/22,3京都2,曇,11,読売マイラーズC(G2),,18,8,17,6.9,3,1,小牧太,56.0,芝1600,稍,-4,1:33.2,-0.2,107,1-1,34.3-35.7,35.7,500(0),,,(ダノンシャーク),5635.8,12,36716.8,815.928888888889,0.5377777777777777,98.55555555555556,35.74000000000001,0.6414523449319214
150,150,2012/04/29,3京都4,晴,11,天皇賞(春)(G1),,18,7,14,44.6,6.0,15,後藤浩輝,58.0,芝3200,良,-20,3:15.9,2.1,93,18-18-18-17,35.9-36.5,34.0,466(-2),,,ビートブラック,0.0,13,69466.8,3473.34,0.48,103.35,34.485,0.7127659574468085
151,151,2012/04/22,3京都2,曇,11,読売マイラーズC(G2),,18,8,16,7.6,4,14,池添謙一,58.0,芝1600,稍,-4,1:34.4,1.2,94,5-5,34.3-35.7,36.2,516(+10),,,シルポート,0.0,15,28919.6,1807.475,0.575,98.3125,35.318749999999994,0.6695652173913044
152,152,2012/05/13,2東京8,晴,11.0,ヴィクトリアマイル(G1),,18.0,4.0,7,4.0,1.0,5,蛯名正義,55.0,芝1600,良,-9.0,1:32.8,0.4,111.0,8-9,34.4-34.2,33.8,498(-6),,,ホエールキャプチャ,900.0,16,55859.2,3103.288888888889,0.2833333333333334,102.33333333333333,34.6,0.8035087719298246
153,153,2012/05/13,2東京8,晴,11,ヴィクトリアマイル(G1),,18,1,1,6.8,3,3,田辺裕信,55.0,芝1600,良,-9,1:32.7,0.3,113,13-13,34.4-34.2,33.5,448(+2),,出遅れ,ホエールキャプチャ,2354.6,17,22348.8,1862.3999999999999,0.3583333333333334,101.0,34.36666666666667,0.7637362637362637
154,154,2012/01/28,1東京1,曇,11,白富士S(OP),,14,6,10,1.4,1.0,2,安藤勝己,57.0,芝2000,良,0,1:59.7,0.1,112,14-14-13,35.1-35.9,33.7,532(+8),,出遅れ,ヤングアットハート,888.6,18,26985.300000000003,1799.0200000000002,0.4266666666666667,103.0,34.44666666666667,0.7142857142857143
155,155,2011/05/08,2東京6,晴,11.0,NHKマイルC(G1),,18.0,1.0,1,6.1,4,3,内田博幸,57,芝1600,良,-7.0,1:32.5,0.3,114.0,9-9,33.9-34.6,34.2,496(+2),,出遅れ,グランプリボス,2357.6,1,17788.8,2964.7999999999997,0.08333333333333333,99.33333333333333,34.05,0.8494623655913979
156,156,2011/05/14,2東京7,晴,11.0,京王杯スプリングC(G2),,17.0,3.0,5,8.5,4,1,石橋脩,57.0,芝1400,良,-9.0,1:20.2,0.0,117.0,9-7,35.0-33.8,33.1,520(+8),,,(シルポート),5938.6,2,19291.499999999996,1205.7187499999998,0.05000000000000002,102.125,34.11875,0.8916666666666667
157,157,2011/04/17,2阪神8,晴,11.0,読売マイラーズC(G2),,18.0,5.0,9,7.4,5,6,三浦皇成,57.0,芝1600,良,-6.0,1:32.8,0.5,115.0,11-13,35.0-34.3,33.0,496(-2),,出遅れ,シルポート,0.0,3,36981.9,1232.73,0.45333333333333337,104.6,34.74333333333334,0.7258426966292135
158,158,2011/05/14,2東京7,晴,11.0,京王杯スプリングC(G2),,17.0,1.0,2,12.6,6,5,武豊,57,芝1400,良,-9.0,1:20.4,0.2,113.0,7-7,35.0-33.8,33.3,500(0),,,ストロングリターン,580.0,4,11722.699999999999,616.9842105263157,0.32105263157894737,91.84210526315789,35.626315789473686,0.75
159,159,2011/05/14,2東京7,晴,11.0,京王杯スプリングC(G2),,17.0,4.0,7,4.0,2,3,福永祐一,58,芝1400,良,-9.0,1:20.2,0.0,114.0,2-2,35.0-33.8,33.5,526(0),,,ストロングリターン,1519.8,5,27503.7,1617.864705882353,0.7941176470588236,96.11764705882354,36.517647058823535,0.782608695652174
160,160,2011/05/15,2東京8,晴,11.0,ヴィクトリアマイル(G1),,17.0,8.0,16,4.1,2.0,1,蛯名正義,55.0,芝1600,良,-10.0,1:31.9,0.0,118.0,9-11,33.5-36.0,34.3,490(0),,,(ブエナビスタ),9373.8,6,52602.8,4046.369230769231,0.13846153846153844,101.23076923076923,34.56153846153847,0.9211822660098522
161,161,2011/05/01,1新潟4,曇,11.0,谷川岳S(OP),,15.0,7.0,12,3.0,1,1,中舘英二,56,芝1600,稍,3.0,1:32.8,-0.2,109.0,3-3,34.7-34.6,34.1,446(-6),,,(スズジュピター),2239.2,7,8406.6,1050.825,0.2625,96.375,34.6625,0.8037383177570093
162,162,2011/05/14,2東京7,晴,11.0,京王杯スプリングC(G2),,17.0,6.0,11,6.1,3,2,小牧太,58,芝1400,良,-9.0,1:20.2,0.0,114.0,1-1,35.0-33.8,33.8,494(-2),,,ストロングリターン,2339.6,8,27957.399999999998,755.6054054054053,0.4216216216216217,97.37837837837837,35.600000000000016,0.6728280961182994
163,163,2010/06/06,3東京6,晴,11.0,安田記念(G1),,18.0,5.0,10,9.7,4.0,11,コーツィ,58.0,芝1600,良,-14.0,1:32.6,0.9,106.0,6-5,33.6-35.4,35.7,526(+6),,,ショウワモダン,0.0,9,0.0,0.0,0.7,108.5,35.25,0.47058823529411764
164,164,2011/04/17,2阪神8,晴,11.0,読売マイラーズC(G2),,18.0,6.0,11,4.2,1,3,内田博幸,57.0,芝1600,良,-6.0,1:32.6,0.3,116.0,4-5,35.0-34.3,33.4,514(+4),,,シルポート,1519.6,10,17484.6,1165.6399999999999,0.08000000000000002,99.8,33.913333333333334,0.8839285714285714
165,165,2011/05/14,2東京7,晴,11.0,京王杯スプリングC(G2),,17.0,8.0,16,9.8,5.0,8,岩田康誠,59.0,芝1400,良,-9.0,1:20.7,0.5,108.0,3-3,35.0-33.8,33.9,492(0),,,ストロングリターン,0.0,12,29739.1,1143.8115384615385,0.5461538461538462,102.42307692307692,35.01923076923077,0.6597938144329897
166,166,2011/05/14,2東京7,晴,11.0,京王杯スプリングC(G2),,17.0,3.0,6,3.8,1,9,吉田豊,57,芝1400,良,-9.0,1:20.8,0.6,111.0,15-15,35.0-33.8,33.2,504(+10),,,ストロングリターン,0.0,13,26060.600000000002,1085.8583333333333,0.42083333333333334,103.95833333333333,34.479166666666664,0.6611570247933884
167,167,2011/05/08,2東京6,晴,12.0,被災地支援みらい賞(1600万下),,14.0,5.0,8,10.7,5.0,1,小牧太,57,芝1600,良,-7.0,1:32.8,-0.3,115.0,7-8,34.5-34.6,33.4,488(-4),,,(カネトシディオス),1802.2,14,8162.1,371.00454545454545,0.40454545454545465,90.18181818181819,35.36818181818181,0.7572815533980582
168,168,2011/03/27,2阪神2,晴,11.0,高松宮記念(G1),,16.0,6.0,12,71.4,10.0,4,佐藤哲三,57,芝1200,良,-5.0,1:08.2,0.3,108.0,8-7,33.6-34.3,33.7,508(-4),,,キンシャサノキセキ,1400.0,15,32040.9,1068.03,0.39,101.36666666666666,35.33666666666667,0.716589861751152
169,169,2011/05/14,2東京7,晴,11.0,京王杯スプリングC(G2),,17.0,4.0,8,89.5,13,4,松岡正海,57.0,芝1400,良,-9.0,1:20.3,0.1,114.0,5-4,35.0-33.8,33.4,506(0),,,ストロングリターン,870.0,16,9418.1,588.63125,0.775,95.75,35.449999999999996,0.5783132530120482
170,170,2011/05/08,3京都6,晴,11.0,都大路S(OP),,15.0,7.0,13,1.9,1,14,藤田伸二,58.0,芝1800,良,-9.0,1:48.9,4.1,74.0,8-5,34.7-34.7,38.1,516(+2),,,ネオヴァンドーム,0.0,17,25783.600000000002,1289.18,0.8799999999999999,101.8,35.900000000000006,0.6153846153846154
171,171,2011/04/17,2阪神8,晴,11.0,読売マイラーズC(G2),,18.0,1.0,2,18.6,8,10,藤田伸二,57.0,芝1600,良,-6.0,1:33.1,0.8,111.0,10-9,35.0-34.3,33.6,476(0),,,シルポート,0.0,18,23376.900000000005,599.4076923076924,0.517948717948718,101.38461538461539,34.8948717948718,0.6564102564102564
172,172,2010/05/22,3東京1,晴,11,メイS(OP),,16,6,11,14.7,6,1,後藤浩輝,59,芝1800,良,-10,1:45.7,-0.3,108,10-11-10,34.6-35.3,34.5,516(-20),,,(シルポート),2336.4,1,34825.0,892.9487179487179,0.45641025641025645,98.41025641025641,36.07692307692309,0.6898395721925134
173,173,2010/04/17,2阪神7,晴,10.0,読売マイラーズC(G2),,18,7,13,4.8,2,9,藤岡佑介,58,芝1600,良,-4.0,1:33.7,0.8,103.0,6-4,34.8-34.3,34.7,474(+12),,,リーチザクラウン,0.0,2,48517.0,2021.5416666666667,0.8166666666666669,106.08333333333333,34.81666666666667,0.6730245231607629
174,174,2010/04/17,2阪神7,晴,10,読売マイラーズC(G2),,18,5,9,4.5,1,5,三浦皇成,57.0,芝1600,良,-4.0,1:33.2,0.3,110.0,6-7,34.8-34.3,34.0,492(+2),,,リーチザクラウン,580.0,3,29389.9,1224.5791666666667,0.4625000000000001,102.33333333333333,34.824999999999996,0.71671388101983
175,175,2010/04/17,2阪神7,晴,10,読売マイラーズC(G2),,18,1,2,9.5,6,2,岩田康誠,57.0,芝1600,良,-4,1:32.9,0.0,115,13-14,34.8-34.3,33.3,478(+4),,,リーチザクラウン,2336.8,4,14939.5,1067.107142857143,0.6214285714285716,100.57142857142857,35.221428571428575,0.7557603686635944
176,176,2009/06/07,3東京6,晴,11.0,安田記念(G1),,18,8.0,18,48.3,9.0,6,プレブル,58.0,芝1600,良,0.0,1:34.2,0.7,103.0,7-8,33.4-36.1,36.2,482(-4),,,ウオッカ,0.0,5,1000.0,500.0,0.44999999999999996,108.5,35.5,0.7352941176470589
177,177,2010/04/24,3京都1,晴,10.0,オーストラリアT(OP),,18.0,6.0,12,4.3,1,4,安藤勝己,57.5,芝1200,良,-1.0,1:07.8,0.3,115.0,18-14,32.9-34.6,32.9,470(+4),,出遅れ,サンダルフォン,330.0,6,16441.9,865.3631578947369,0.33684210526315783,105.10526315789474,34.38947368421053,0.7777777777777778
178,178,2010/04/17,2阪神7,晴,10,読売マイラーズC(G2),,18,6,12,7.5,5,3,川田将雅,58.0,芝1600,良,-4,1:33.1,0.2,111,4-4,34.8-34.3,34.0,464(+12),,,リーチザクラウン,1518.4,7,28062.8,2004.4857142857143,0.45000000000000007,98.35714285714286,35.05714285714286,0.7621359223300971
179,179,2010/05/15,2東京7,晴,11,京王杯スプリングC(G2),,17,5,9,12.8,5,2,福永祐一,57.0,芝1400,良,-15,1:19.8,0.0,117,6-6,34.6-33.9,32.9,518(-12),,,サンクスノート,2339.2,8,19616.999999999996,653.8999999999999,0.5500000000000002,99.4,34.88999999999999,0.6841004184100419
180,180,2010/05/15,2東京7,晴,11.0,京王杯スプリングC(G2),,17,8.0,17,2.3,1.0,4,岩田康誠,57.0,芝1400,良,-15.0,1:20.2,0.4,109.0,4-4,34.6-33.9,33.6,480(-2),,,サンクスノート,870.0,10,19335.9,920.757142857143,0.5380952380952382,101.23809523809524,35.22380952380952,0.6806451612903226
181,181,2010/02/28,2中山2,晴,11,中山記念(G2),,16,6,11,5.7,3,10,田中勝春,57,芝1800,不,49,1:53.4,1.7,102,14-14-14-9,36.6-38.2,38.7,474(0),,出遅れ,トーセンクラウン,0.0,12,17151.3,902.6999999999999,0.32105263157894726,101.6842105263158,34.84736842105263,0.7582417582417582
182,182,2010/05/15,2東京7,晴,11,京王杯スプリングC(G2),,17,3,6,5.1,2,10,吉田豊,57,芝1400,良,-15,1:20.7,0.9,107,13-13,34.6-33.9,33.1,496(+6),,,サンクスノート,0.0,13,15247.599999999999,1016.5066666666665,0.33333333333333337,102.0,34.586666666666666,0.6711111111111111
183,183,2010/04/17,2阪神7,晴,10,読売マイラーズC(G2),,18,8,18,6.6,3,1,安藤勝己,57.0,芝1600,良,-4,1:32.9,0.0,113,3-2,34.8-34.3,34.0,512(+2),,,(トライアンフマーチ),5928.8,14,23521.2,1680.0857142857144,0.7285714285714285,101.28571428571429,36.357142857142854,0.6836734693877551
184,184,2010/04/17,2阪神7,晴,10,読売マイラーズC(G2),,18,3,6,28.4,10,15,和田竜二,57.0,芝1600,良,-4,1:34.1,1.2,99,6-7,34.8-34.3,34.9,488(+8),,,リーチザクラウン,0.0,15,18028.3,563.384375,0.5000000000000001,99.59375,34.95,0.6581740976645435
185,185,2010/02/21,1東京8,晴,11.0,フェブラリーS(G1),,15,6.0,12,15.1,6.0,5,小林慎一,57,ダ1600,良,4.0,1:37.0,2.1,110.0,12-10,34.8-35.7,37.0,518(+2),,,エスポワールシチー,940.0,16,10558.4,1055.84,1.19,96.3,37.18,0.684931506849315
186,186,2010/04/17,2阪神7,晴,10,読売マイラーズC(G2),,18,8,17,106.8,14,10,北村友一,57.0,芝1600,良,-4.0,1:33.7,0.8,104.0,13-7,34.8-34.3,34.5,506(+14),,出遅れ,リーチザクラウン,0.0,17,18587.7,714.9115384615385,0.6576923076923076,106.61538461538461,34.51538461538462,0.565
187,187,2010/04/04,3中山4,曇,11,ダービー卿チャレンジ(G3),,16,4,8,5.8,4,2,石橋脩,57.0,芝1600,良,-5.0,1:34.5,0.2,100.0,1-1-1,36.3-34.0,34.2,520(-2),,,ショウワモダン,1618.2,18,19189.600000000002,767.5840000000001,0.22,100.16,35.40800000000001,0.7595307917888563
188,188,2009/05/17,2東京8,曇,11.0,ヴィクトリアマイル(G1),,18,3.0,6,1.7,1.0,1,武豊,55.0,芝1600,良,-4.0,1:32.4,-1.2,122.0,5-4,34.7-33.8,33.4,494(0),,,(ブラボーデイジー),9382.2,1,99122.20000000001,5216.957894736843,0.08421052631578947,111.15789473684211,34.32631578947369,0.8854166666666666
189,189,2009/04/05,2阪神4,晴,10.0,産経大阪杯(G2),,12,8.0,11,1.6,1.0,2,四位洋文,59.0,芝2000,良,3.0,1:59.7,0.0,115.0,6-5-4-4,36.0-34.8,34.2,510(-8),,,ドリームジャーニー,2625.2,2,60870.7,3804.41875,0.09375,97.875,34.7625,0.9022222222222223
190,190,2009/05/16,2東京7,曇,11.0,京王杯スプリングC(G2),,18.0,2.0,4,5.0,2.0,3,武豊,57.0,芝1400,良,-9.0,1:20.7,0.1,113.0,12-13,35.1-34.2,33.4,466(-2),,,スズカコーズウェイ,1520.6,3,15781.9,1052.1266666666666,0.2733333333333333,104.8,34.53999999999999,0.8303571428571429
191,191,2009/04/18,2阪神7,晴,10.0,読売マイラーズC(G2),,10,5.0,5,5.8,3.0,2,横山典弘,58.0,芝1600,良,-5.0,1:33.9,0.0,106.0,7-6,36.2-33.7,33.0,470(+10),,,スーパーホーネット,2423.2,4,45740.5,2407.3947368421054,0.42631578947368426,112.94736842105263,34.726315789473674,0.7555555555555555
192,192,2009/05/10,3京都6,晴,10.0,都大路S(OP),,18,1.0,1,11.5,5.0,1,和田竜二,56.0,芝1600,良,-5.0,1:33.0,0.0,111.0,7-3,35.0-34.8,34.0,478(-2),,,(キャプテンベガ),2343.4,5,13657.600000000002,620.8000000000001,0.3227272727272727,97.68181818181819,34.99545454545454,0.7859424920127795
193,193,2009/04/18,2阪神7,晴,10.0,読売マイラーズC(G2),,10,3.0,3,2.4,1.0,1,藤岡佑介,58.0,芝1600,良,-5.0,1:33.9,0.0,106.0,6-6,36.2-33.7,33.0,474(+9),,,(カンパニー),6081.2,7,44409.0,2114.714285714286,0.5571428571428572,107.95238095238095,34.51428571428572,0.6959247648902821
194,194,2008/06/08,3東京6,晴,11.0,安田記念(G1),,18,8.0,16,15.5,5.0,2,ホワイト,58.0,芝1600,良,-3.0,1:33.3,0.6,112.0,2-2,34.6-34.8,34.8,512(+6),,,ウオッカ,4110.4,8,4110.4,2055.2,0.75,106.5,35.75,0.7647058823529411
195,195,2009/05/16,2東京7,曇,11.0,京王杯スプリングC(G2),,18,4.0,8,4.7,1.0,7,田中勝春,57.0,芝1400,良,-9.0,1:20.9,0.3,109.0,12-13,35.1-34.2,33.7,480(+4),,3角不利,スズカコーズウェイ,0.0,9,19856.5,1241.03125,0.5062500000000001,97.8125,35.36875,0.706140350877193
196,196,2009/05/10,3京都6,晴,10.0,都大路S(OP),,18,7.0,13,6.1,3.0,8,津村明秀,58.0,芝1600,良,-5.0,1:33.8,0.8,102.0,11-8,35.0-34.8,34.5,488(-6),,,ライブコンサート,0.0,10,18019.399999999998,621.3586206896551,0.5896551724137932,102.48275862068965,35.35862068965517,0.6083743842364532
197,197,2009/05/16,2東京7,曇,11.0,京王杯スプリングC(G2),,18,1.0,2,6.6,3.0,2,内田博幸,57.0,芝1400,良,-9.0,1:20.6,0.0,113.0,9-9,35.1-34.2,33.5,546(-12),,,スズカコーズウェイ,2441.2,11,23428.5,732.140625,0.3125,104.84375,34.453124999999986,0.7786561264822134
198,198,2009/05/16,2東京7,曇,11.0,京王杯スプリングC(G2),,18,6.0,11,14.3,8.0,1,後藤浩輝,57.0,芝1400,良,-9.0,1:20.6,0.0,112.0,6-7,35.1-34.2,33.7,478(0),,,(トウショウカレッジ),6144.2,12,17081.399999999998,776.4272727272727,0.23181818181818184,98.4090909090909,34.92727272727272,0.7960526315789473
199,199,2009/04/18,2阪神7,晴,10.0,読売マイラーズC(G2),,10,2.0,2,14.8,5.0,5,田中勝春,57.0,芝1600,良,-5.0,1:34.2,0.3,102.0,4-4,36.2-33.7,33.5,456(-14),,,スーパーホーネット,600.0,13,11983.4,855.9571428571428,0.17857142857142858,99.21428571428571,34.82857142857143,0.8072916666666666
200,200,2009/05/16,2東京7,曇,11.0,京王杯スプリングC(G2),,18,4.0,7,8.5,4.0,13,三浦皇成,57.0,芝1400,良,-9.0,1:21.1,0.5,108.0,15-16,35.1-34.2,33.7,494(-6),,直線不利,スズカコーズウェイ,0.0,14,15892.999999999998,588.6296296296296,0.4,105.5925925925926,34.781481481481485,0.6928746928746928
201,201,2009/03/29,2中京6,晴,11.0,高松宮記念(G1),,18,7.0,13,7.6,3.0,1,藤田伸二,57.0,芝1200,良,4.0,1:08.0,-0.1,116.0,1-1,33.1-34.9,34.9,468(0),,,(スリープレスナイト),9899.0,15,38399.4,1669.5391304347827,0.42608695652173906,103.6086956521739,35.31304347826087,0.7091988130563798
202,202,2009/02/01,1東京2,晴,11.0,根岸S(G3),,16,5.0,10,24.5,10.0,15,福永祐一,58.0,ダ1400,重,-10.0,1:24.5,2.4,90.0,8-8,34.1-35.9,37.6,512(-16),,,フェラーリピサ,0.0,16,15157.599999999999,688.9818181818181,0.5818181818181819,96.36363636363636,35.11818181818182,0.7114285714285714
203,203,2009/05/10,3京都6,晴,10.0,都大路S(OP),,18,2.0,3,32.0,10.0,4,木村健,57.0,芝1600,良,-5.0,1:33.3,0.3,105.0,1-1,35.0-34.8,35.1,506(-12),,,ライブコンサート,350.0,17,24220.5,1100.9318181818182,0.7590909090909093,105.95454545454545,36.199999999999996,0.5448504983388704
204,204,2009/05/03,1新潟2,曇,10.0,谷川岳S(OP),,16,5.0,10,3.8,1.0,1,石橋脩,55.0,芝1400,良,2.0,1:21.0,-0.2,104.0,3-2,33.8-35.2,34.8,522(+6),,,(ゲイルスパーキー),2344.1,18,8332.599999999999,757.5090909090908,0.3545454545454545,98.36363636363636,35.43636363636364,0.710691823899371
205,205,2008/05/18,2東京8,晴,11.0,ヴィクトリアマイル(G1),,18,5.0,9,2.1,1.0,2,武豊,55.0,芝1600,良,1.0,1:33.8,0.1,118.0,10-9,35.7-33.7,33.2,478(0),,,エイジアンウインズ,3712.8,1,56800.2,4057.157142857143,0.1928571428571429,109.28571428571429,34.32857142857143,0.855072463768116
206,206,2008/04/19,2阪神7,晴,11.0,読売マイラーズC(G2),,15,4.0,6,6.6,3.0,3,福永祐一,58.0,芝1600,良,6.0,1:33.7,0.1,124.0,10-10,35.5-34.8,34.0,460(-4),,,カンパニー,1516.4,3,26343.9,1386.521052631579,0.3421052631578947,109.78947368421052,34.61052631578947,0.7789473684210526
207,207,2008/03/02,2中山2,晴,11.0,中山記念(G2),,16,3.0,5,3.1,1.0,3,後藤浩輝,58.0,芝1800,良,-2.0,1:47.8,0.5,111.0,10-10-12-8,36.1-35.3,34.1,494(+4),,,カンパニー,1617.8,4,29188.6,1716.9764705882353,0.31176470588235294,112.0,34.55882352941176,0.8221343873517787
208,208,2008/05/17,2東京7,曇,11.0,京王杯スプリングC(G2),,17,7.0,13,1.5,1.0,3,武豊,58.0,芝1400,良,-5.0,1:21.1,0.3,118.0,13-15,34.7-34.6,32.9,468(0),,,スーパーホーネット,1517.6,5,40328.20000000001,2016.4100000000005,0.07499999999999997,114.05,34.125,0.8686868686868687
209,209,2008/05/28,浦和,曇,10.0,さきたま杯(G3),,12,6.0,7,2.2,1.0,9,藤田伸二,58.0,ダ1400,良,-11.0,1:27.7,1.8,93.0,10-9-7-12,36.2-37.0,38.4,513(+3),,,リミットレスビッド,0.0,6,23870.5,1591.3666666666666,0.4799999999999999,108.4,36.00000000000001,0.6954314720812182
210,210,2008/05/17,2東京7,曇,11.0,京王杯スプリングC(G2),,17.0,3.0,6,25.7,6.0,2,勝浦正樹,55.0,芝1400,良,-5.0,1:21.1,0.3,116.0,10-10,34.7-34.6,33.2,434(+10),,,スーパーホーネット,2435.2,7,24387.7,1161.3190476190478,0.3857142857142857,102.71428571428571,35.133333333333326,0.7586206896551724
211,211,2008/05/17,2東京7,曇,11.0,京王杯スプリングC(G2),,17,6.0,12,5.9,2.0,1,藤岡佑介,58.0,芝1400,良,-5.0,1:20.8,-0.3,119.0,9-7,34.7-34.6,33.0,462(-6),,,(キストゥヘヴン),6123.2,8,27600.2,1623.5411764705882,0.6411764705882353,107.23529411764706,34.623529411764714,0.6551724137931034
212,212,2008/04/26,3京都1,曇,11.0,オーストラリアT(OP),,15,4.0,6,3.1,1.0,1,武豊,56.0,芝1800,良,-9.0,1:47.4,0.0,98.0,7-8,35.1-34.2,33.4,476(0),,,(サクラメガワンダー),2444.1,9,8596.2,781.4727272727273,0.1636363636363637,100.0909090909091,34.300000000000004,0.7986111111111112
213,213,2008/04/19,2阪神7,晴,11.0,読売マイラーズC(G2),,15,8.0,15,6.0,2.0,14,武豊,58.0,芝1600,良,6.0,1:35.0,1.4,110.0,15-15,35.5-34.8,34.3,426(+10),,出遅れ,カンパニー,0.0,10,18804.6,1567.05,0.4083333333333332,102.75,34.3,0.7303370786516854
214,214,2008/04/19,2阪神7,晴,11.0,読売マイラーズC(G2),,15,3.0,5,13.4,6.0,4,藤岡佑介,57.0,芝1600,良,6.0,1:33.9,0.3,120.0,7-6,35.5-34.8,34.5,514(-10),,,カンパニー,900.0,11,9840.2,894.5636363636364,0.7090909090909091,106.0909090909091,35.1090909090909,0.6470588235294118
215,215,2008/05/17,2東京7,曇,11.0,京王杯スプリングC(G2),,17,2.0,3,8.9,3.0,10,藤田伸二,57.0,芝1400,良,-5.0,1:21.7,0.9,106.0,7-7,34.7-34.6,33.9,486(-2),,,スーパーホーネット,0.0,12,11637.3,727.33125,0.39375000000000004,103.5625,34.756249999999994,0.7041666666666667
216,216,2008/05/18,2東京8,晴,11.0,ヴィクトリアマイル(G1),,18,2.0,4,14.5,6.0,7,安藤勝己,55.0,芝1600,良,1.0,1:34.5,0.8,107.0,4-4,35.7-33.7,34.3,482(+6),,直線不利,エイジアンウインズ,0.0,13,16350.300000000001,1090.02,0.4133333333333334,108.26666666666667,34.53333333333333,0.7111111111111111
217,217,2006/06/04,3東京6,晴,11.0,安田記念(G1),,18,2.0,4,6.4,3.0,1,プレブル,58.0,芝1600,良,-5.0,1:32.6,-0.4,125.0,10-9,34.8-34.5,33.8,538(-7),,,(アサクサデンエン),10378.0,14,10378.0,5189.0,0.6499999999999999,112.5,34.55,0.6176470588235294
218,218,2008/05/18,2東京8,晴,11.0,ヴィクトリアマイル(G1),,18,3.0,5,42.5,9.0,6,内田博幸,55.0,芝1600,良,1.0,1:34.5,0.8,106.0,1-1,35.7-33.7,34.5,476(+4),,,エイジアンウインズ,0.0,15,15813.3,930.1941176470588,0.8294117647058825,97.58823529411765,35.08823529411764,0.5487804878048781
219,219,2008/05/18,2東京8,晴,11.0,ヴィクトリアマイル(G1),,18,7.0,13,6.1,2.0,5,吉田隼人,55.0,芝1600,良,1.0,1:34.4,0.7,108.0,3-3,35.7-33.7,34.3,456(+10),,,エイジアンウインズ,900.0,16,11802.500000000002,843.0357142857144,0.37857142857142856,102.85714285714286,34.70714285714286,0.795
220,220,2007/06/03,3東京6,晴,11.0,安田記念(G1),,18,2.0,4,15.3,7.0,7,サンマル,58.0,芝1600,良,-9.0,1:32.8,0.5,111.0,8-8,34.1-34.8,34.5,486(+8),,,ダイワメジャー,0.0,17,0.0,0.0,1.45,102.0,35.3,0.35294117647058826
221,221,2008/05/17,2東京7,曇,11.0,京王杯スプリングC(G2),,17,8.0,16,32.5,7.0,4,内田博幸,57.0,芝1400,良,-5.0,1:21.2,0.4,112.0,4-4,34.7-34.6,33.6,514(-6),,,スーパーホーネット,900.0,18,15454.400000000001,909.0823529411765,0.45294117647058824,104.23529411764706,35.364705882352936,0.7254901960784313
222,222,2006/12/24,5中山8,晴,9.0,有馬記念(G1),,14,4.0,5,15.1,3.0,3,安藤勝己,57.0,芝2500,良,-7.0,2:32.5,0.6,113.0,2-2-2-2,30.0-35.4,35.3,532(+6),,,ディープインパクト,4543.2,1,57726.600000000006,6414.0666666666675,0.30000000000000004,114.55555555555556,35.22222222222222,0.9291338582677166
223,223,2007/04/14,2阪神7,晴,11.0,読売マイラーズC(G2),,15,6.0,11,25.5,9.0,1,藤田伸二,58.0,芝1600,良,-9.0,1:32.2,-0.2,121.0,1-1,34.9-34.0,34.0,502(-4),,,(スイープトウショウ),6126.0,2,23870.5,2387.05,0.21999999999999997,110.3,35.9,0.8110236220472441
224,224,2007/05/13,2東京8,晴,11.0,ヴィクトリアマイル(G1),,18,8.0,17,16.2,5.0,5,安藤勝己,55.0,芝1600,良,-10.0,1:32.8,0.3,121.0,11-14,34.8-34.3,32.9,478(+4),,,コイウタ,900.0,3,12961.100000000002,1620.1375000000003,0.11249999999999999,111.0,34.3375,0.8378378378378378
225,225,2007/05/13,2東京8,晴,11.0,ヴィクトリアマイル(G1),,18,7.0,14,9.7,3.0,7,武豊,55.0,芝1600,良,-10.0,1:32.8,0.3,119.0,9-8,34.8-34.3,33.4,450(-8),,出遅れ,コイウタ,0.0,4,23805.100000000002,2380.51,0.24,110.4,34.7,0.8544303797468354
226,226,2007/03/25,1中京8,晴,11.0,高松宮記念(G1),,18,4.0,8,4.5,1.0,1,武豊,57.0,芝1200,重,18.0,1:08.9,-0.4,122.0,7-5,33.8-35.1,34.6,464(+2),,,(ペールギュント),9894.8,5,24042.199999999997,1849.3999999999999,-0.02307692307692309,113.3076923076923,34.207692307692305,0.8907103825136612
227,227,2007/05/12,2東京7,晴,11.0,京王杯スプリングC(G2),,18,4.0,8,7.8,5.0,1,福永祐一,57.0,芝1400,良,-10.0,1:20.0,0.0,119.0,9-9,34.1-34.7,34.0,458(-8),,,(シンボリエスケープ),6130.2,6,18736.7,1441.2846153846153,0.29999999999999993,108.38461538461539,34.70769230769231,0.7736842105263158
228,228,2007/05/13,2東京8,晴,11.0,ヴィクトリアマイル(G1),,18.0,4.0,8,27.3,7.0,4,横山典弘,55.0,芝1600,良,-10.0,1:32.8,0.3,113.0,2-2,34.8-34.3,34.1,426(-4),,,コイウタ,1400.0,8,19146.3,1367.5928571428572,0.2857142857142857,99.07142857142857,35.53571428571429,0.7899543378995434
229,229,2006/06/04,3東京6,晴,11.0,安田記念(G1),,18,8.0,16,21.6,8.0,3,ビードマ,58.0,芝1600,良,-5.0,1:33.0,0.4,120.0,13-12,34.8-34.5,34.0,472(-11),,,ブリッシュラック,2554.0,9,2554.0,1277.0,0.55,116.5,34.15,0.7058823529411765
230,230,2007/05/12,2東京7,晴,11.0,京王杯スプリングC(G2),,18,3.0,6,7.1,4.0,4,柴田善臣,57.0,芝1400,良,-10.0,1:20.1,0.1,114.0,1-1,34.1-34.7,34.8,512(+6),,,エイシンドーバー,900.0,10,18750.399999999998,1339.3142857142855,0.45000000000000007,108.42857142857143,35.278571428571425,0.7259615384615384
231,231,2007/05/06,3京都6,雨,11.0,都大路S(OP),,15,6.0,11,3.2,1.0,1,藤岡佑介,55.0,芝1600,重,27.0,1:36.4,-0.2,108.0,7-6,35.1-37.2,36.6,464(0),,,(マイネルハーティー),2438.5,11,7840.1,712.7363636363636,0.9636363636363636,102.72727272727273,35.1,0.5125
232,232,2007/04/14,2阪神7,晴,11.0,読売マイラーズC(G2),,15,1.0,1,7.2,3.0,5,岩田康誠,57.0,芝1600,良,-9.0,1:33.1,0.9,115.0,3-4,34.9-34.0,34.0,474(-2),,,コンゴウリキシオー,600.0,13,9931.7,993.1700000000001,0.59,106.3,34.77,0.6506849315068494
233,233,2007/05/13,2東京8,晴,11.0,ヴィクトリアマイル(G1),,18.0,1.0,2,10.1,4.0,6,岩田康誠,55.0,芝1600,良,-10.0,1:32.8,0.3,117.0,8-8,34.8-34.3,33.5,444(+8),,,コイウタ,0.0,14,16202.1,1350.175,0.225,112.83333333333333,34.291666666666664,0.7687861271676301
234,234,2006/06/04,3東京6,晴,11.0,安田記念(G1),,18,5.0,10,84.6,15.0,15,ダン,58.0,芝1600,良,-5.0,1:34.2,1.6,102.0,8-9,34.8-34.5,35.4,518(-4),,,ブリッシュラック,0.0,15,0.0,0.0,1.3,104.5,35.099999999999994,0.17647058823529413
235,235,2007/04/14,2阪神7,晴,11.0,読売マイラーズC(G2),,15,3.0,4,3.9,1.0,11,横山典弘,57.0,芝1600,良,-9.0,1:33.8,1.6,111.0,12-13,34.9-34.0,33.8,462(-18),,,コンゴウリキシオー,0.0,16,16641.0,1512.8181818181818,0.3454545454545455,110.45454545454545,34.80909090909091,0.7770700636942676
236,236,2007/05/12,2東京7,晴,11.0,京王杯スプリングC(G2),,18,8.0,17,20.6,9.0,2,蛯名正義,57.0,芝1400,良,-10.0,1:20.0,0.0,119.0,11-9,34.1-34.7,34.0,478(-4),,出遅れ,エイシンドーバー,2437.2,17,8995.6,749.6333333333333,0.425,107.75,34.69166666666666,0.6853932584269663
237,237,2007/05/12,2東京7,晴,11.0,京王杯スプリングC(G2),,18,6.0,11,7.1,3.0,3,後藤浩輝,58.0,芝1400,良,-10.0,1:20.1,0.1,114.0,2-2,34.1-34.7,34.6,470(-4),,,エイシンドーバー,1518.6,18,21675.600000000002,1667.3538461538462,0.6461538461538462,106.92307692307692,35.330769230769235,0.5951219512195122
238,238,2006/04/15,2阪神7,雨,11.0,読売マイラーズC(G2),,11,8.0,11,1.8,1.0,1,安藤勝己,58.0,芝1600,稍,18.0,1:36.2,-0.1,110.0,4-2-3,36.7-34.9,34.7,530(-4),,,(ダンスインザムード),6078.4,4,10205.2,3401.7333333333336,0.4000000000000001,111.0,35.266666666666666,0.8947368421052632
239,239,2006/05/14,2東京8,曇,11.0,ヴィクトリアマイル(G1),,18,1.0,1,3.9,2.0,1,北村宏司,55.0,芝1600,稍,1.0,1:34.0,-0.2,116.0,5-6,35.4-34.3,33.8,470(-4),,,(エアメサイア),9378.0,5,12800.4,4266.8,0.19999999999999998,114.0,34.199999999999996,0.8863636363636364
240,240,2006/05/13,2東京7,雨,11.0,京王杯スプリングC(G2),,14,5.0,7,9.4,5.0,2,横山典弘,57.0,芝1400,稍,0.0,1:22.1,0.3,107.0,13-10,35.2-34.6,34.0,460(0),,,オレハマッテルゼ,2429.6,6,7740.3,1290.05,0.2166666666666667,114.16666666666667,34.75,0.7906976744186046
241,241,2006/05/13,2東京7,雨,11.0,京王杯スプリングC(G2),,14,6.0,9,2.7,1.0,6,武豊,58.0,芝1400,稍,0.0,1:22.5,0.7,101.0,10-10,35.2-34.6,34.5,524(-2),,,オレハマッテルゼ,0.0,7,7524.4,1504.8799999999999,0.42000000000000004,104.8,34.4,0.76
242,242,2006/05/13,2東京7,雨,11.0,京王杯スプリングC(G2),,14,3.0,3,7.8,4.0,5,佐藤哲三,57.0,芝1400,稍,0.0,1:22.3,0.5,105.0,11-12,35.2-34.6,34.1,462(-2),,,オレハマッテルゼ,600.0,8,8442.9,1206.1285714285714,0.5142857142857143,110.42857142857143,34.78571428571429,0.7604166666666666
243,243,2006/05/13,2東京7,雨,11.0,京王杯スプリングC(G2),,14,3.0,4,5.0,2.0,3,勝浦正樹,58.0,芝1400,稍,0.0,1:22.3,0.5,105.0,14-14,35.2-34.6,34.0,480(-4),,,オレハマッテルゼ,1514.8,9,1924.8,641.6,0.6666666666666666,113.33333333333333,33.800000000000004,0.6888888888888889
244,244,2006/05/13,2東京7,雨,11.0,京王杯スプリングC(G2),,14,7.0,12,5.3,3.0,1,柴田善臣,59.0,芝1400,稍,0.0,1:21.8,-0.3,106.0,1-1,35.2-34.6,34.6,472(+2),,,(インセンティブガイ),6103.6,10,18607.0,3101.1666666666665,0.3,109.66666666666667,34.96666666666667,0.7802197802197802
245,245,2006/04/02,2阪神4,雨,11.0,産経大阪杯(G2),,12,5.0,5,7.7,3.0,1,福永祐一,57.0,芝2000,重,28.0,2:04.5,-0.1,107.0,9-9-10-8,36.9-37.8,36.8,458(0),,,(マッキーマックス),6486.8,11,7446.8,2482.266666666667,0.7333333333333334,107.66666666666667,35.86666666666667,0.6666666666666666
246,246,2006/05/06,1新潟3,晴,11.0,新潟大賞典(G3),,16,5.0,10,5.2,2.0,5,藤岡佑介,55.0,芝2000,良,4.0,1:59.6,0.5,109.0,3-3,36.1-35.0,35.1,448(-4),,,オースミグラスワン,410.0,12,4506.3,751.0500000000001,0.35000000000000003,104.16666666666667,35.13333333333333,0.6470588235294118
247,247,2006/02/26,2中山2,雨,11.0,中山記念(G2),,12,5.0,5,6.1,3.0,11,ペリエ,59.0,芝1800,重,15.0,1:50.8,1.9,99.0,9-11-11-12,37.1-35.6,36.5,492(0),,出遅れ,バランスオブゲーム,0.0,13,0.0,0.0,1.65,101.0,35.95,0.21428571428571427
248,248,2006/02/19,1東京8,曇,11.0,フェブラリーS(G1),,16,5.0,10,23.0,9.0,15,福永祐一,57.0,ダ1600,良,7.0,1:38.8,3.9,100.0,1-1,33.9-37.5,41.4,496(-4),,,カネヒキリ,0.0,14,0.0,0.0,2.033333333333333,106.0,38.266666666666666,0.2978723404255319
249,249,2006/05/13,2東京7,雨,11.0,京王杯スプリングC(G2),,14,5.0,8,24.4,7.0,8,江田照男,57.0,芝1400,稍,0.0,1:22.6,0.8,100.0,11-12,35.2-34.6,34.4,500(0),,,オレハマッテルゼ,0.0,16,4765.2,953.04,0.68,102.2,34.96,0.5277777777777778
250,250,2006/02/26,2中山2,雨,11.0,中山記念(G2),,12,5.0,6,15.4,6.0,1,田中勝春,59.0,芝1800,重,15.0,1:48.9,-0.8,117.0,1-1-1-1,37.1-35.6,35.6,484(-4),,,(ダイワメジャー),6493.8,17,6493.8,2164.6,0.9666666666666667,106.66666666666667,36.666666666666664,0.3953488372093023
251,251,2006/05/13,2東京7,雨,11.0,京王杯スプリングC(G2),,14,4.0,5,33.7,9.0,7,四位洋文,57.0,芝1400,稍,0.0,1:22.6,0.8,95.0,2-2,35.2-34.6,35.1,492(+4),,,オレハマッテルゼ,0.0,18,410.0,82.0,1.3,94.0,36.24,0.29850746268656714
