,index,日付,開催,天気,R,レース名,映像,頭数,枠番,馬番,オッズ,人気,着順,騎手,斤量,距離,馬場,馬場指数,タイム,着差,ﾀｲﾑ指数,通過,ペース,上り,馬体重,厩舎ｺﾒﾝﾄ,備考,勝ち馬(2着馬),賞金,本番着順,合計賞金,賞金平均,着差平均,ﾀｲﾑ指数平均,平均タイム差,平均タイム差合計,平均タイム差平均,上り平均,勝率,本番年齢
0,0,2020/12/27,5中山8,晴,11.0,有馬記念(G1),,16,5.0,9,2.5,1,1,北村友一,55,芝2500,良,10.0,2:35.0,0.0,115.0,12-12-3-3,30.8-36.6,36.2,474(+10),,,(サラキア),30340.2,1,87341.99999999999,6718.615384615384,-0.07692307692307693,104.76923076923077,1,1,0.07692307692307693,34.36923076923077,0.9325842696629213,5
1,1,2021/06/05,4中京1,曇,11.0,鳴尾記念(G3),,13,3.0,3,20.6,8,1,坂井瑠星,56,芝2000,良,-13.0,2:00.7,-0.6,96.0,1-1-1-1,38.0-34.1,34.1,528(-4),,,(ショウナンバルディ),4145.5,2,11728.599999999999,651.5888888888888,0.8666666666666667,90.22222222222223,0,10,0.5555555555555556,35.80555555555555,0.588495575221239,5
2,2,2021/04/04,2阪神4,雨,11.0,大阪杯(G1),,13,6.0,8,12.2,4,1,川田将雅,55.0,芝2000,重,20.0,2:01.6,-0.7,112.0,1-1-1-1,35.6-36.8,36.8,422(-2),,出遅れ,(モズベッロ),13781.4,3,22651.700000000004,3775.283333333334,-0.3333333333333333,101.83333333333333,1,2,0.3333333333333333,34.93333333333333,1.0,4
3,3,2021/05/02,2阪神12,晴,11.0,天皇賞(春)(G1),,17,2.0,3,7.3,4,3,戸崎圭太,56,芝3200,良,-10.0,3:15.2,0.5,108.0,3-3-2-2,35.8-37.4,37.7,480(+2),,,ワールドプレミア,3851.0,4,43505.700000000004,2900.38,0.20666666666666667,100.2,0,6,0.42857142857142855,35.073333333333345,0.8861386138613861,5
4,4,2021/03/14,2中京2,晴,11.0,金鯱賞(G2),,10,7.0,7,10.0,3,5,Ｍ．デム,57.0,芝2000,重,18.0,2:02.0,0.2,112.0,10-10-10-10,37.1-36.8,35.9,504(-12),,出脚鈍い,ギベオン,670.0,5,66926.29999999999,2677.0519999999997,0.43999999999999995,106.76,1,-4,-0.16,35.56399999999999,0.7467532467532467,7
5,5,2021/05/30,2東京12,晴,12.0,目黒記念(G2),,16,8.0,15,7.8,3,12,福永祐一,54,芝2500,良,-24.0,2:34.2,1.4,81.0,11-11-11-10,31.2-32.8,33.2,460(+4),,,ウインキートス,0.0,6,12420.300000000001,345.0083333333334,0.8833333333333333,83.63888888888889,3,4,0.18181818181818182,36.522222222222226,0.6357615894039735,6
6,6,2021/06/06,3東京2,曇,11.0,安田記念(G1),,14,6.0,10,167.9,14,6,武豊,58.0,芝1600,良,-18.0,1:32.2,0.5,110.0,12-14,34.9-33.9,33.2,480(-4),,出遅れ,ダノンキングリー,0.0,7,21043.100000000002,678.8096774193549,0.9161290322580645,97.80645161290323,-1,15,0.4838709677419355,34.95161290322581,0.5560747663551402,7
7,7,2021/04/04,2阪神4,雨,11.0,大阪杯(G1),,13,1.0,1,68.8,6,2,池添謙一,57,芝2000,重,20.0,2:02.3,0.7,106.0,10-10-9-5,35.6-36.8,36.8,486(+2),,出遅れ,レイパパレ,5480.4,8,23049.8,1280.5444444444445,0.6722222222222223,97.83333333333333,1,19,1.0555555555555556,35.71666666666667,0.691304347826087,5
8,8,2021/05/02,2阪神12,晴,11.0,天皇賞(春)(G1),,17,1.0,2,3.8,2,4,ルメール,58.0,芝3200,良,-10.0,3:15.2,0.5,108.0,6-6-5-4,35.8-37.4,37.3,474(-6),,,ワールドプレミア,2300.0,9,19495.3,1624.6083333333333,0.2916666666666667,99.16666666666667,0,10,0.9090909090909091,35.49166666666667,0.8602941176470589,4
9,9,2021/06/05,4中京1,曇,11.0,鳴尾記念(G3),,13,4.0,5,162.6,12,5,松若風馬,56,芝2000,良,-13.0,2:01.6,0.9,89.0,4-4-4-3,38.0-34.1,34.5,532(-4),,,ユニコーンライオン,410.0,10,8766.6,313.09285714285716,0.5035714285714287,93.75,0,9,0.32142857142857145,35.01428571428572,0.660427807486631,6
10,10,2021/06/12,3東京3,晴,11.0,ジューンS(3勝クラス),,11,6.0,7,10.0,5,10,戸崎圭太,54,芝2400,良,-19.0,2:26.7,2.1,82.0,8-9-9-9,37.3-34.5,35.6,346(+4),,出遅れ,シルヴァーソニック,0.0,11,5523.0,240.1304347826087,0.9695652173913045,88.21739130434783,0,1,0.05263157894736842,35.7695652173913,0.5351170568561873,5
11,11,2021/05/30,2東京12,晴,12.0,目黒記念(G2),,16,2.0,3,170.7,15,3,北村宏司,53,芝2500,良,-24.0,2:33.4,0.6,86.0,4-3-3-3,31.2-32.8,33.0,468(-12),,,ウインキートス,1416.0,12,7715.400000000001,275.55,0.8392857142857144,91.14285714285714,2,21,0.8076923076923077,34.825,0.4879518072289157,6
12,12,2021/05/02,2阪神12,晴,11.0,天皇賞(春)(G1),,17,2.0,4,182.3,17.0,16,松若風馬,58,芝3200,良,-10.0,3:18.4,3.7,92.0,4-5-5-7,35.8-37.4,40.3,502(-4),,,ワールドプレミア,0.0,13,11052.3,307.0083333333333,0.6499999999999999,93.47222222222223,0,32,0.9411764705882353,37.29444444444443,0.6781857451403888,7
13,13,2020/04/05,2阪神4,晴,11.0,大阪杯(G1),,12,8.0,12,5.2,4,2,北村友一,55,芝2000,良,-10.0,1:58.4,0.0,116.0,3-3-3-3,36.9-34.2,34.0,454(-6),,,ラッキーライラック,5474.4,1,37787.8,3778.78,-0.009999999999999998,102.0,-2,2,0.2,34.15,0.9259259259259259,4
14,14,2020/05/03,3京都4,曇,11.0,天皇賞(春)(G1),,14,5.0,8,5.3,3,6,武豊,58.0,芝3200,良,-14.0,3:17.3,0.8,102.0,1-1-1-1,38.0-36.0,36.8,512(+6),,,フィエールマン,0.0,2,55913.90000000001,2942.8368421052637,0.33157894736842114,106.0,2,-7,-0.3684210526315789,35.32105263157894,0.7787610619469026,6
15,15,2020/05/03,3京都4,曇,11.0,天皇賞(春)(G1),,14,1.0,1,15.8,5,7,池添謙一,58,芝3200,良,-14.0,3:17.4,0.9,103.0,4-4-4-4,38.0-36.0,35.8,478(+6),,出遅れ,フィエールマン,0.0,3,13095.400000000001,1007.3384615384616,0.4,96.23076923076923,2,10,0.7692307692307693,35.223076923076924,0.73125,4
16,16,2020/03/15,1中京6,晴,11.0,金鯱賞(G2),,12,5.0,6,1.3,1,1,ルメール,58,芝2000,良,-2.0,2:01.6,-0.3,106.0,5-5-5-5,37.9-33.8,33.2,502(-2),,,(サトノソルタス),6785.4,4,50058.5,5562.055555555556,0.07777777777777778,101.55555555555556,0,-14,-1.5555555555555556,34.28888888888889,0.9166666666666666,4
17,17,2020/05/03,3京都4,曇,11.0,天皇賞(春)(G1),,14,7.0,11,54.0,10,8,幸英明,58,芝3200,良,-14.0,3:17.5,1.0,103.0,12-12-5-8,38.0-36.0,35.8,470(+8),,出遅れ,フィエールマン,0.0,5,11217.599999999999,801.2571428571428,0.5714285714285714,96.85714285714286,2,3,0.21428571428571427,35.64999999999999,0.6285714285714286,4
18,18,2020/04/05,2阪神4,晴,11.0,大阪杯(G1),,12,5.0,5,4.1,2,1,Ｍ．デム,55.0,芝2000,良,-10.0,1:58.4,0.0,116.0,3-3-3-5,36.9-34.2,33.9,520(+2),,,(クロノジェネシス),13760.4,6,56552.30000000001,4039.4500000000007,0.12142857142857143,104.42857142857143,-2,-10,-0.7142857142857143,33.91428571428571,0.8717948717948718,5
19,19,2020/05/10,1新潟2,曇,11.0,新潟大賞典(G3),,16,5.0,9,19.4,10,1,横山和生,54.0,芝2000,良,-1.0,1:58.6,-0.2,105.0,4-4,35.1-35.4,35.0,482(-6),,,(アトミックフォース),4160.2,7,14268.499999999998,509.58928571428567,0.3892857142857143,88.85714285714286,0,15,0.6,35.47142857142857,0.7465753424657534,5
20,20,2020/05/03,3京都4,曇,11.0,天皇賞(春)(G1),,14,3.0,3,19.8,7,5,藤岡康太,58,芝3200,良,-14.0,3:17.2,0.7,104.0,14-14-7-8,38.0-36.0,35.3,458(+4),,出遅れ,フィエールマン,1500.0,8,10124.600000000002,723.1857142857144,0.38571428571428573,92.64285714285714,2,6,0.42857142857142855,34.5,0.717391304347826,4
21,21,2020/05/03,3京都4,曇,11.0,天皇賞(春)(G1),,14,3.0,4,27.1,8.0,9,松若風馬,58,芝3200,良,-14.0,3:17.6,1.1,100.0,2-2-2-2,38.0-36.0,36.7,490(+2),,,フィエールマン,0.0,9,30197.5,1437.9761904761904,0.5238095238095238,99.85714285714286,2,14,0.6666666666666666,35.642857142857146,0.700374531835206,6
22,22,2020/06/06,3阪神1,晴,11.0,鳴尾記念(G3),,16,4.0,8,9.9,4,3,酒井学,56,芝2000,良,-10.0,2:00.2,0.1,96.0,15-14-13-13,36.0-36.3,35.2,486(0),,出遅れ,パフォーマプロミス,1008.2,10,8249.0,749.9090909090909,0.41818181818181815,97.81818181818181,0,-13,-1.1818181818181819,34.99999999999999,0.7318840579710145,4
23,23,2020/05/03,3京都4,曇,11.0,天皇賞(春)(G1),,14,4.0,6,64.2,11,2,北村友一,58,芝3200,良,-14.0,3:16.5,0.0,107.0,3-3-3-3,38.0-36.0,35.1,446(-2),,,フィエールマン,6086.4,11,33121.100000000006,1182.8964285714287,0.6107142857142858,98.07142857142857,1,28,1.0,35.960714285714275,0.7168674698795181,6
24,24,2020/04/05,2阪神4,晴,11.0,大阪杯(G1),,12,8.0,11,68.2,11,4,鮫島克駿,57.0,芝2000,良,-10.0,1:58.6,0.2,114.0,11-11-12-12,36.9-34.2,33.5,486(+12),,,ラッキーライラック,2000.0,12,20043.100000000002,871.4391304347827,0.8478260869565218,95.91304347826087,-2,12,0.5217391304347826,34.995652173913044,0.5615141955835962,6
25,25,2020/04/05,2阪神4,晴,11.0,大阪杯(G1),,12,4.0,4,5.2,5,5,福永祐一,57,芝2000,良,-10.0,1:58.8,0.4,112.0,5-5-5-8,36.9-34.2,34.0,466(+8),,,ラッキーライラック,1350.0,13,50623.700000000004,4218.641666666667,0.125,101.5,-1,-13,-1.0833333333333333,34.43333333333334,0.841726618705036,5
26,26,2020/05/09,2東京5,曇,10.0,メトロポリタンS(L),,11,8.0,11,143.8,11,8,吉田豊,56,芝2400,良,-21.0,2:26.4,0.6,89.0,10-10-11-10,37.1-33.6,33.6,468(-4),,,ウラヌスチャーム,0.0,14,6299.400000000001,299.9714285714286,0.6142857142857144,90.42857142857143,0,8,0.38095238095238093,34.68095238095238,0.5107296137339056,5
27,27,2020/06/07,3東京2,晴,11.0,安田記念(G1),,14,5.0,7,142.4,10,9,田辺裕信,58,芝1600,稍,-15.0,1:32.7,1.1,105.0,9-11,34.2-34.3,34.6,502(0),,出遅れ,グランアレグリア,0.0,15,39636.8,1801.6727272727273,0.3318181818181818,103.95454545454545,-1,-1,-0.045454545454545456,34.422727272727265,0.7525773195876289,6
28,28,2020/04/05,2阪神4,晴,11.0,大阪杯(G1),,12,3.0,3,4.3,3,7,川田将雅,57.0,芝2000,良,-10.0,1:59.0,0.6,111.0,9-10-8-3,36.9-34.2,34.4,542(-4),,,ラッキーライラック,0.0,16,57235.6,4769.633333333333,0.05833333333333333,103.0,-1,-2,-0.16666666666666666,34.62499999999999,0.8397435897435898,5
29,29,2019/10/06,4京都2,晴,11.0,京都大賞典(G2),,17,8.0,16,2.0,1,6,Ｍ．デム,57,芝2400,良,-11.0,2:24.3,0.8,105.0,3-3-5-6,35.4-35.2,35.7,452(-4),,,ドレッドノータス,0.0,17,18361.399999999998,2040.1555555555553,0.12222222222222226,98.22222222222223,-1,4,0.4444444444444444,34.74444444444444,0.8672566371681416,5
30,30,2020/05/31,2東京12,曇,12.0,目黒記念(G2),,18,4.0,8,28.6,11,11,福永祐一,55,芝2500,良,-20.0,2:30.3,0.7,99.0,12-12-12-8,29.9-35.9,35.9,464(0),,,キングオブコージ,0.0,18,8125.6,477.9764705882353,0.5823529411764706,92.88235294117646,0,-3,-0.17647058823529413,35.39411764705882,0.6039603960396039,5
31,31,2019/03/10,2中京2,雨,11.0,金鯱賞(G2),,13,7.0,11,8.7,5,2,シュタル,55.0,芝2000,稍,0.0,2:00.3,0.2,112.0,8-7-6-6,35.6-34.6,34.1,458(+2),,出遅れ,ダノンプレミアム,2526.4,1,43141.70000000001,2537.74705882353,0.14117647058823532,103.47058823529412,0,1,0.058823529411764705,33.93529411764706,0.8807692307692307,5
32,32,2019/03/31,2阪神4,曇,11.0,大阪杯(G1),,14,4.0,6,4.1,2,2,川田将雅,57.0,芝2000,良,3.0,2:01.0,0.0,104.0,2-2-2-2,36.4-35.5,35.4,508(+2),,,アルアイン,4885.2,2,46840.700000000004,3122.7133333333336,0.21999999999999995,105.0,0,-6,-0.4,35.06666666666667,0.8089887640449438,5
33,33,2019/02/24,2中山2,晴,11.0,中山記念(G2),,11,8.0,10,5.6,4,4,Ｍ．デム,58.0,芝1800,良,-14.0,1:45.7,0.2,114.0,6-6-5-4,35.0-35.6,33.8,524(+14),,,ウインブライト,930.0,3,54976.600000000006,3926.9000000000005,0.15714285714285717,103.92857142857143,-2,-9,-0.6428571428571429,34.199999999999996,0.8430232558139535,5
34,34,2019/03/31,2阪神4,曇,11.0,大阪杯(G1),,14,3.0,3,22.2,9,1,北村友一,57.0,芝2000,良,3.0,2:01.0,0.0,105.0,4-3-4-4,36.4-35.5,35.2,524(-4),,,(キセキ),12298.2,4,48870.200000000004,3258.013333333334,0.24666666666666665,102.8,0,12,0.8,35.28666666666667,0.855,5
35,35,2018/12/23,5中山8,曇,11.0,有馬記念(G1),,16,6.0,12,2.2,1,2,ルメール,57.0,芝2500,稍,-5.0,2:32.2,0.0,114.0,9-9-9-8,30.2-36.9,35.4,490(+8),,,ブラストワンピース,12096.0,5,85655.0,7786.818181818182,-0.03636363636363637,105.81818181818181,-1,-14,-1.2727272727272727,34.654545454545456,0.9459459459459459,5
36,36,2019/06/01,3阪神1,晴,11.0,鳴尾記念(G3),,9,5.0,5,18.5,6,5,高倉稜,56.0,芝2000,良,-3.0,2:00.0,0.4,104.0,5-6-5-5,36.2-35.3,35.2,498(0),,,メールドグラース,410.0,6,21389.5,629.1029411764706,0.3999999999999999,94.6470588235294,0,10,0.29411764705882354,35.30882352941177,0.7078651685393258,6
37,37,2019/03/31,2阪神4,曇,11.0,大阪杯(G1),,14,8.0,13,119.5,13,7,田辺裕信,57.0,芝2000,良,3.0,2:01.5,0.5,100.0,2-3-2-3,36.4-35.5,35.9,450(0),,,アルアイン,0.0,7,18550.5,883.3571428571429,0.42857142857142855,95.95238095238095,0,28,1.3333333333333333,35.78571428571428,0.7755102040816326,5
38,38,2019/04/28,3京都3,晴,11.0,天皇賞(春)(G1),,13,8.0,12,9.2,4,10,三浦皇成,58.0,芝3200,良,-15.0,3:17.7,2.7,96.0,8-8-11-11,36.0-34.5,36.5,496(+2),,,フィエールマン,0.0,8,21226.399999999998,1632.7999999999997,0.7384615384615384,98.23076923076923,2,24,1.8461538461538463,36.13076923076923,0.6046511627906976,5
39,39,2019/04/28,3京都3,晴,11.0,天皇賞(春)(G1),,13,2.0,2,3.3,2,4,Ｍ．デム,58.0,芝3200,良,-15.0,3:16.0,1.0,107.0,13-13-9-5,36.0-34.5,35.2,472(+6),,,フィエールマン,2300.0,9,19778.2,1798.0181818181818,0.22727272727272727,96.9090909090909,0,-16,-1.4545454545454546,34.436363636363645,0.8709677419354839,4
40,40,2019/06/09,3東京4,雨,11.0,エプソムC(G3),,13,1.0,1,79.4,12,4,吉田豊,56.0,芝1800,稍,-9.0,1:49.6,0.5,91.0,9-10-11,38.4-32.9,32.7,458(0),,,レイエンダ,620.0,10,14391.799999999997,293.7102040816326,0.7142857142857143,97.65306122448979,2,52,1.1063829787234043,34.791836734693874,0.543247344461305,8
41,41,2019/03/31,2阪神4,曇,11.0,大阪杯(G1),,14,1.0,1,37.4,10,4,岩田康誠,57.0,芝2000,良,3.0,2:01.2,0.2,105.0,14-14-11-11,36.4-35.5,34.9,506(-8),,,アルアイン,1800.0,11,51709.5,3447.3,0.30666666666666664,105.53333333333333,0,3,0.2,34.580000000000005,0.7979274611398963,6
42,42,2018/06/24,3阪神8,晴,11.0,宝塚記念(G1),,16,6.0,12,166.0,16,15,秋山真一,58.0,芝2200,稍,-1.0,2:14.6,3.0,94.0,2-2-2-4,34.4-36.3,38.9,492(+2),,出遅れ,ミッキーロケット,0.0,12,12683.0,634.15,0.915,89.45,1,17,0.8947368421052632,36.5,0.6317829457364341,7
43,43,2018/04/29,3京都4,晴,11,天皇賞(春)(G1),,17,1,1,38.5,9,4,和田竜二,58.0,芝3200,良,-13,3:16.4,0.2,106,7-7-11-8,35.6-35.9,35.5,480(-8),,,レインボーライン,2300.0,1,20911.8,995.8,0.5142857142857145,99.9047619047619,1,11,0.5238095238095238,35.19047619047619,0.7528089887640449,5
44,44,2018/05/27,2東京12,晴,12,目黒記念(G2),,16,2,4,28.8,10,2,高倉稜,55.0,芝2500,良,-18,2:29.8,0.1,105,3-2-2-3,30.2-34.5,34.4,490(+4),,,ウインテンダネス,2333.2,3,16271.5,581.125,0.25,92.96428571428571,-1,7,0.25,35.18571428571429,0.7632508833922261,5
45,45,2018/02/25,2中山2,曇,11.0,中山記念(G2),,10,3.0,3,6.4,3,8,内田博幸,56.0,芝1800,良,-5.0,1:48.1,0.5,101.0,7-7-7-7,36.2-36.6,34.9,436(0),,,ウインブライト,0.0,4,16309.800000000001,1482.709090909091,0.20909090909090908,95.18181818181819,0,3,0.2727272727272727,34.5,0.7315436241610739,5
46,46,2018/04/01,2阪神4,晴,11.0,大阪杯(G1),,16,7.0,14,20.1,8.0,6,浜中俊,57.0,芝2000,良,-13.0,1:58.8,0.6,104.0,2-2-3-4,36.5-34.1,34.5,482(+8),,,スワーヴリチャード,0.0,5,17347.3,1445.6083333333333,0.26666666666666666,97.66666666666667,-1,12,1.0,35.46666666666667,0.7647058823529411,4
47,47,2018/04/01,2阪神4,晴,11.0,大阪杯(G1),,16,1.0,2,4.0,3,7,戸崎圭太,57.0,芝2000,良,-13.0,1:59.2,1.0,101.0,6-5-12-12,36.5-34.1,34.5,508(+2),,,スワーヴリチャード,0.0,6,79728.4,6644.033333333333,-0.024999999999999994,106.41666666666667,-1,-15,-1.25,34.45833333333333,0.9182389937106918,5
48,48,2018/05/06,1新潟4,晴,11.0,新潟大賞典(G3),,16.0,7.0,13,5.9,3,11,和田竜二,58.0,芝2000,良,-2.0,2:00.6,0.6,95.0,11-10,36.9-33.1,33.1,486(+2),,,スズカデヴィアス,0.0,7,33459.90000000001,1454.7782608695657,0.3391304347826087,102.21739130434783,1,13,0.5909090909090909,34.61304347826086,0.7896341463414634,7
49,49,2018/03/24,3中山1,晴,11.0,日経賞(G2),,15,8.0,14,3.3,1,9,ルメール,57.0,芝2500,良,-3.0,2:34.6,0.7,105.0,3-1-1-1,31.0-36.0,36.7,496(+5),,出遅れ,ガンコ,0.0,8,21315.900000000005,2368.433333333334,0.12222222222222223,100.77777777777777,1,3,0.3333333333333333,34.87777777777777,0.8282828282828283,4
50,50,2018/05/27,2東京12,晴,12,目黒記念(G2),,16,4,8,3.9,1,3,Ｍ．デム,56.0,芝2500,良,-18,2:29.8,0.1,106,3-5-5-5,30.2-34.5,34.2,452(0),,,ウインテンダネス,1416.6,9,15147.199999999997,1165.1692307692306,0.23076923076923078,99.15384615384616,-1,8,0.6153846153846154,35.0,0.8653846153846154,6
51,51,2018/04/29,3京都4,晴,11.0,天皇賞(春)(G1),,17,8.0,16,73.3,12,7,四位洋文,56.0,芝3200,良,-13.0,3:16.8,0.6,105.0,17-17-17-15,35.6-35.9,35.3,470(-4),,,レインボーライン,0.0,10,47984.399999999994,1654.6344827586204,0.22758620689655173,105.03448275862068,1,-4,-0.13793103448275862,34.0551724137931,0.8058968058968059,8
52,52,2018/06/02,3阪神1,晴,11,鳴尾記念(G3),,11,7,8,5.9,4,1,Ｍ．デム,56.0,芝2000,良,-18,1:57.2,-0.1,110,5-5-5-4,34.2-35.3,34.8,520(-2),,,(トリオンフ),4139.2,11,13785.5,861.59375,0.5375,95.875,-3,0,0.0,35.81875,0.7166666666666667,5
53,53,2017/12/24,5中山8,晴,11.0,有馬記念(G1),,16,6.0,12,9.8,4,13,ムーア,57.0,芝2500,良,-5.0,2:34.6,1.0,103.0,10-10-10-11,30.3-35.2,35.4,496(0),,,キタサンブラック,0.0,12,48603.6,3240.24,0.42666666666666664,103.93333333333334,1,11,0.7333333333333333,35.31333333333334,0.6746411483253588,6
54,54,2018/04/29,3京都4,晴,11,天皇賞(春)(G1),,17,7,14,10.1,6.0,8,ルメール,58.0,芝3200,良,-13,3:16.8,0.6,104,13-12-8-8,35.6-35.9,36.1,474(-8),,,レインボーライン,0.0,13,35901.4,1237.9793103448276,0.30000000000000004,98.65517241379311,1,15,0.5357142857142857,34.796551724137935,0.7525510204081632,7
55,55,2018/05/27,2東京12,晴,12,目黒記念(G2),,16,1,2,7.7,3,6,戸崎圭太,57.5,芝2500,良,-18,2:30.0,0.3,105,9-9-9-10,30.2-34.5,34.0,496(-2),,直線不利,ウインテンダネス,0.0,14,16384.0,1365.3333333333333,0.19166666666666665,95.58333333333333,-1,5,0.4166666666666667,34.85833333333333,0.844311377245509,5
56,56,2018/06/02,3阪神1,晴,11,鳴尾記念(G3),,11,7,9,11.7,5,10,秋山真一,56.0,芝2000,良,-18,1:58.9,1.7,96,7-7-7-7,34.2-35.3,36.3,490(+4),,出遅れ,ストロングタイタン,0.0,15,12683.0,667.5263157894736,0.805263157894737,89.21052631578948,-1,16,0.8888888888888888,36.373684210526314,0.6666666666666666,6
57,57,2018/06/03,3阪神2,晴,11,グリーンS(1600万下),,12,4,4,8.4,4.0,1,小牧太,54.0,芝2400,良,-18,2:24.2,-0.3,104,1-1-1-1,35.6-34.6,34.6,450(-10),,,(アドマイヤエイカン),1845.9,16,16020.2,281.05614035087723,0.4385964912280705,93.66666666666667,-12,19,0.3333333333333333,34.96491228070176,0.6886930983847284,8
58,58,2017/04/02,2阪神4,晴,11.0,大阪杯(G1),,14,5.0,7,4.6,3,6,Ｍ．デム,57,芝2000,良,-2.0,1:59.3,0.4,111.0,5-5-6-5,35.5-35.3,34.2,478(-12),,,キタサンブラック,0.0,1,27263.4,2478.490909090909,0.36363636363636354,102.45454545454545,-1,3,0.2727272727272727,34.93636363636364,0.695364238410596,5
59,59,2017/04/30,3京都4,晴,11.0,天皇賞(春)(G1),,17,6.0,12,20.7,5,7,横山典弘,58.0,芝3200,良,-12.0,3:13.6,1.1,120.0,13-13-11-11,35.6-35.5,35.5,494(-4),,出遅れ,キタサンブラック,0.0,2,68258.40000000001,3412.9200000000005,0.16499999999999998,100.05,-1,16,0.8,34.910000000000004,0.8531468531468531,6
60,60,2017/05/14,2東京8,曇,11.0,ヴィクトリアマイル(G1),,17,6.0,11,1.9,1,7,浜中俊,55,芝1600,稍,-4.0,1:34.4,0.5,106.0,6-9,35.6-33.8,33.8,440(+2),,,アドマイヤリード,0.0,3,44943.4,3210.2428571428572,0.09285714285714286,105.14285714285714,0,-1,-0.07142857142857142,34.16428571428572,0.8878504672897196,5
61,61,2017/04/30,3京都4,晴,11.0,天皇賞(春)(G1),,17,1.0,1,9.9,3,9,田辺裕信,58,芝3200,良,-12.0,3:13.7,1.2,117.0,5-5-6-5,35.6-35.5,36.0,508(-2),,出遅れ,キタサンブラック,0.0,4,12158.499999999998,1736.928571428571,0.05714285714285712,105.0,-1,-10,-1.4285714285714286,35.07142857142857,0.8817204301075269,4
62,62,2017/04/30,3京都4,晴,11.0,天皇賞(春)(G1),,17,8.0,16,23.2,7,12,Ｍ．デム,58,芝3200,良,-12.0,3:14.3,1.8,117.0,17-17-17-14,35.6-35.5,35.7,442(-6),,出遅れ,キタサンブラック,0.0,5,17556.6,1097.2875,0.36874999999999997,96.0625,0,9,0.5625,34.7375,0.75,4
63,63,2017/04/02,2阪神4,晴,11.0,大阪杯(G1),,14,1.0,1,14.6,6,7,和田竜二,57.0,芝2000,良,-2.0,1:59.4,0.5,112.0,11-11-11-13,35.5-35.3,33.9,480(0),,,キタサンブラック,0.0,6,15133.4,1080.9571428571428,0.3285714285714286,98.21428571428571,-1,-2,-0.14285714285714285,34.70714285714286,0.8034682080924855,4
64,64,2017/06/03,3阪神1,晴,11.0,鳴尾記念(G3),,10,2.0,2,56.4,10,5,幸英明,56.0,芝2000,良,-15.0,1:59.8,0.4,102.0,6-5-5-5,36.9-34.1,34.1,496(-2),,,ステイインシアトル,410.0,7,9017.599999999999,300.58666666666664,1.1933333333333331,89.26666666666667,0,34,1.1333333333333333,36.393333333333345,0.5447368421052632,5
65,65,2017/04/30,3京都4,晴,11.0,天皇賞(春)(G1),,17,3.0,6,12.0,4.0,2,福永祐一,58,芝3200,良,-12.0,3:12.7,0.2,124.0,5-5-4-3,35.6-35.5,35.2,468(-6),,,キタサンブラック,6104.4,8,41291.3,2173.226315789474,0.16842105263157892,100.89473684210526,-2,-10,-0.5263157894736842,34.78947368421052,0.8464730290456431,5
66,66,2017/04/30,3京都4,晴,11.0,天皇賞(春)(G1),,17,2.0,3,2.2,1,1,武豊,58,芝3200,良,-12.0,3:12.5,-0.2,124.0,2-2-2-1,35.6-35.5,35.3,536(-4),,,(シュヴァルグラン),15365.4,9,134413.90000000002,8400.868750000001,0.09374999999999999,106.0,-2,-3,-0.1875,34.962500000000006,0.9078947368421053,5
67,67,2017/06/11,3東京4,曇,11.0,エプソムC(G3),,18,7.0,13,43.5,12,4,川田将雅,56,芝1800,良,-10.0,1:46.1,0.2,107.0,2-5-5,36.1-34.5,34.2,498(0),,,ダッシングブレイズ,620.0,10,12539.599999999999,501.58399999999995,0.40399999999999997,99.52,0,4,0.16666666666666666,34.31199999999999,0.617816091954023,6
68,68,2017/05/28,2東京12,晴,12.0,目黒記念(G2),,18,7.0,13,70.2,15,13,大野拓弥,57.5,芝2500,良,-12.0,2:32.3,1.4,98.0,16-16-16-16,29.4-35.1,34.8,514(-8),,,フェイムゲーム,0.0,11,40466.3,778.198076923077,0.8057692307692308,98.92307692307692,1,34,0.6538461538461539,35.38461538461538,0.5748251748251748,9
69,69,2016/05/29,2東京12,晴,12,目黒記念(G2),,18,3,6,3.0,1,2,蛯名正義,56,芝2500,良,-16,2:30.6,0.0,107,8-8-8-7,29.7-34.9,34.4,438(0),,,クリプトグラム,2336.4,1,25364.600000000006,1585.2875000000004,0.14375000000000002,98.8125,0,17,1.0625,34.50625,0.874439461883408,5
70,70,2016/02/28,2中山2,晴,11.0,中山記念(G2),,11,7.0,9,2.1,1,1,Ｍ．デム,57.0,芝1800,良,-10.0,1:45.9,0.0,117.0,5-5-5-4,36.5-34.9,34.1,502(+18),,出遅れ,(アンビシャス),6281.2,2,45557.5,6508.214285714285,-0.3142857142857142,103.42857142857143,-2,-5,-0.7142857142857143,33.871428571428574,0.9772727272727273,4
71,71,2016/05/01,3京都4,晴,11,天皇賞(春)(G1),,18,1,1,4.5,2,1,武豊,58,芝3200,良,-11,3:15.3,0.0,112,1-1-1-1,37.5-35.0,35.0,524(0),,,(カレンミロティック),15378.0,3,53657.700000000004,5365.77,0.21999999999999997,100.2,0,0,0.0,34.88999999999999,0.8741258741258742,4
72,72,2016/04/03,2阪神4,曇,11.0,産経大阪杯(G2),,11,2.0,2,3.0,1,4,Ｍ．デム,58,芝2000,良,-12.0,1:59.7,0.4,110.0,7-7-5-6,36.8-33.6,33.4,492(+4),,,アンビシャス,1000.0,4,75809.50000000003,2707.482142857144,0.4892857142857143,102.14285714285714,0,-3,-0.10714285714285714,35.103571428571435,0.7546174142480211,6
73,73,2016/06/04,3阪神1,曇,11.0,鳴尾記念(G3),,14.0,7.0,12,3.3,2,2,戸崎圭太,56,芝2000,良,-18.0,1:57.6,0.0,109.0,8-8-6-6,35.9-35.1,34.6,486(+9),,,サトノノブレス,1614.0,5,19825.7,1416.1214285714286,0.17142857142857143,99.28571428571429,-3,6,0.46153846153846156,34.34285714285715,0.8608247422680413,5
74,74,2016/02/14,2京都6,晴,11.0,京都記念(G2),,15,4.0,7,9.2,6,1,Ｍ．デム,56,芝2200,重,41.0,2:17.7,-0.5,111.0,2-2-3-1,38.0-36.7,36.6,474(-6),,,(タッチングスピーチ),6305.0,6,20992.0,2998.8571428571427,0.2285714285714286,100.0,4,4,0.5714285714285714,34.714285714285715,0.7676767676767676,4
75,75,2016/02/28,2中山2,晴,11.0,中山記念(G2),,11,6.0,7,21.9,7,6,ベリー,56.0,芝1800,良,-10.0,1:46.4,0.5,110.0,2-2-2-1,36.5-34.9,35.3,496(0),,,ドゥラメンテ,0.0,7,44358.9,1706.1115384615384,0.2846153846153846,101.0,-2,1,0.038461538461538464,34.776923076923076,0.7595307917888563,6
76,76,2016/06/04,3阪神1,曇,11.0,鳴尾記念(G3),,14,3.0,3,3.8,3,1,川田将雅,56.0,芝2000,良,-18.0,1:57.6,0.0,109.0,4-4-3-2,35.9-35.1,34.8,504(-10),,,(ステファノス),4149.0,8,36026.299999999996,1441.052,0.38,102.24,-3,-6,-0.25,34.62800000000001,0.7403314917127072,6
77,77,2016/05/01,3京都4,晴,11.0,天皇賞(春)(G1),,18,4.0,8,6.4,3.0,3,福永祐一,58,芝3200,良,-11.0,3:15.5,0.2,112.0,9-9-11-9,37.5-35.0,34.5,468(-2),,,キタサンブラック,3854.0,9,19104.299999999996,1469.561538461538,0.03846153846153846,95.46153846153847,0,-9,-0.6923076923076923,34.50000000000001,0.8709677419354839,4
78,78,2016/05/29,2東京12,晴,12,目黒記念(G2),,18,5,10,24.0,8,3,小牧太,58.0,芝2500,良,-16,2:30.7,0.1,106,10-8-8-7,29.7-34.9,34.5,512(-4),,,クリプトグラム,1418.2,10,39796.3,884.3622222222223,0.7444444444444442,98.2,0,31,0.6888888888888889,35.36222222222223,0.619281045751634,8
79,79,2016/05/01,3京都4,晴,11.0,天皇賞(春)(G1),,18.0,2.0,3,99.2,13,2,池添謙一,58.0,芝3200,良,-11.0,3:15.3,0.0,112.0,3-3-3-3,37.5-35.0,34.8,458(-2),,,キタサンブラック,6108.0,11,35359.399999999994,1039.9823529411763,0.37058823529411766,99.23529411764706,0,-6,-0.17647058823529413,35.15882352941178,0.7262180974477959,8
80,80,2016/05/29,2東京12,晴,12,目黒記念(G2),,18,8,16,5.2,2,6,ルメール,55,芝2500,良,-16,2:31.0,0.4,106,16-16-17-17,29.7-34.9,34.0,466(-4),,出遅れ,クリプトグラム,0.0,12,11436.400000000001,1039.6727272727273,0.4181818181818182,96.0909090909091,0,13,1.1818181818181819,34.80909090909091,0.7682926829268293,4
81,81,2016/06/04,3阪神1,曇,11,鳴尾記念(G3),,14,6,10,2.8,1,6,池添謙一,56,芝2000,良,-18,1:58.0,0.4,105,6-5-3-2,35.9-35.1,35.2,502(-2),,,サトノノブレス,0.0,13,19072.4,1121.9058823529413,0.3235294117647059,95.05882352941177,-2,11,0.6470588235294118,35.317647058823525,0.7342342342342343,4
82,82,2016/02/14,2京都6,晴,11.0,京都記念(G2),,15.0,6.0,10,8.8,5,6,内田博幸,57.0,芝2200,重,41.0,2:19.1,1.4,99.0,2-3-3-4,38.0-36.7,37.9,502(+4),,,サトノクラウン,0.0,14,36648.1,1928.8473684210526,0.4842105263157894,97.52631578947368,5,0,0.0,34.794736842105266,0.6498194945848376,5
83,83,2016/05/01,3京都4,晴,11,天皇賞(春)(G1),,18,5,9,17.4,7,5,酒井学,58,芝3200,良,-11,3:15.6,0.3,111,9-9-7-3,37.5-35.0,34.9,492(-12),,,キタサンブラック,1500.0,15,21328.0,1938.909090909091,0.5909090909090909,94.18181818181819,0,-7,-0.6363636363636364,35.38181818181818,0.7530864197530864,5
84,84,2016/04/03,2阪神4,曇,11,産経大阪杯(G2),,11,7.0,9,3.9,2,1,横山典弘,56.0,芝2000,良,-12.0,1:59.3,0.0,113.0,2-2-2-2,36.8-33.6,33.4,468(+4),,,(キタサンブラック),6778.4,16,20094.9,2009.4900000000002,-0.02000000000000001,101.6,-1,-2,-0.2,34.010000000000005,0.8962962962962963,4
85,85,2016/05/01,3京都4,晴,11.0,天皇賞(春)(G1),,18,3.0,5,7.4,4,8,ボウマン,58.0,芝3200,良,-11.0,3:15.8,0.5,110.0,15-16-17-16,37.5-35.0,34.4,460(-10),,,キタサンブラック,0.0,17,28044.200000000004,1558.0111111111114,0.33333333333333326,100.61111111111111,0,7,0.4117647058823529,34.97222222222223,0.7462121212121212,6
86,86,2015/06/06,3阪神1,晴,11.0,鳴尾記念(G3),,11,8.0,10,4.0,2,1,岩田康誠,57,芝2000,良,-7.0,1:58.8,-0.3,110.0,5-5-5-5,35.6-35.4,34.8,486(-8),,,(マジェスティハーツ),4039.9,1,27465.899999999994,1248.4499999999998,0.6045454545454546,99.9090909090909,-1,0,0.0,35.440909090909095,0.7162162162162162,5
87,87,2015/05/03,3京都4,晴,11.0,天皇賞(春)(G1),,17.0,6.0,12,26.3,9,10,浜中俊,56.0,芝3200,良,-18.0,3:15.6,0.9,107.0,16-15-15-16,36.1-35.3,35.0,448(-4),,,ゴールドシップ,0.0,2,30299.4,1893.7125,0.3312500000000001,101.0,0,10,0.625,34.643750000000004,0.7723577235772358,5
88,88,2015/05/17,2東京8,晴,11.0,ヴィクトリアマイル(G1),,18,8.0,17,16.2,7,8,浜中俊,55,芝1600,良,-12.0,1:32.8,0.9,110.0,9-9,34.3-35.0,33.5,442(-10),,,ストレイトガール,0.0,3,13563.0,1130.25,0.3333333333333333,94.0,-1,14,1.1666666666666667,34.525,0.813953488372093,4
89,89,2014/10/26,4京都7,晴,11.0,菊花賞(G1),,18,1.0,2,6.9,3,1,酒井学,57,芝3000,良,-16.0,3:01.0,-0.1,120.0,5-5-5-2,37.0-34.9,34.5,484(0),,,(サウンズオブアース),14422.8,4,17528.0,2504.0,0.48571428571428577,87.57142857142857,-6,-8,-1.1428571428571428,35.128571428571426,0.8113207547169812,4
90,90,2015/05/17,2東京8,晴,11.0,ヴィクトリアマイル(G1),,18,7.0,15,2.2,1,6,岩田康誠,55.0,芝1600,良,-12.0,1:32.5,0.6,112.0,6-6,34.3-35.0,33.5,452(+4),,,ストレイトガール,0.0,5,36729.99999999999,3339.0909090909086,0.06363636363636363,99.0909090909091,-1,4,0.36363636363636365,34.14545454545455,0.9177215189873418,4
91,91,2015/05/17,2東京8,晴,11.0,ヴィクトリアマイル(G1),,18,3.0,6,5.5,2,7,藤岡康太,55,芝1600,良,-12.0,1:32.5,0.6,114.0,14-14,34.3-35.0,32.8,456(+4),,出遅れ,ストレイトガール,0.0,6,18822.1,1254.8066666666666,0.23333333333333328,98.06666666666666,-1,2,0.13333333333333333,33.77333333333333,0.7718446601941747,5
92,92,2015/06/06,3阪神1,晴,11.0,鳴尾記念(G3),,11,2.0,2,14.0,6,6,福永祐一,56,芝2000,良,-7.0,1:59.4,0.6,103.0,5-5-5-6,35.6-35.4,35.4,498(+4),,,ラブリーデイ,0.0,7,16971.699999999997,707.1541666666666,0.5625,98.125,-1,2,0.08333333333333333,34.775,0.6151603498542274,7
93,93,2015/04/05,2阪神4,曇,11.0,産経大阪杯(G2),,14,3.0,3,12.0,4,1,ルメール,55,芝2000,不,27.0,2:02.9,-0.3,115.0,11-11-11-11,36.6-37.1,35.9,468(+10),,,(キズナ),6599.4,8,27938.6,2149.123076923077,0.1769230769230769,95.84615384615384,2,26,2.1666666666666665,34.30769230769231,0.7727272727272727,5
94,94,2015/05/03,3京都4,晴,11.0,天皇賞(春)(G1),,17,2.0,3,191.8,16,5,秋山真一,58,芝3200,良,-18.0,3:15.0,0.3,110.0,11-11-12-10,36.1-35.3,34.8,518(+8),,,ゴールドシップ,1500.0,9,9699.8,242.49499999999998,0.5750000000000002,93.475,0,46,1.1794871794871795,35.27,0.5866935483870968,7
95,95,2015/05/31,2東京12,晴,12.0,目黒記念(G2),,18,4.0,8,11.7,7,8,福永祐一,54,芝2500,良,-14.0,2:30.4,0.7,105.0,7-7-7-6,30.3-35.0,35.3,494(+2),,,ヒットザターゲット,0.0,10,8970.2,448.51000000000005,0.395,94.5,0,7,0.35,34.47500000000001,0.7078189300411523,5
96,96,2014/12/28,4中山8,晴,10.0,有馬記念(G1),,16.0,2.0,3,11.8,5,13,横山典弘,55.0,芝2500,良,-6.0,2:36.0,0.7,102.0,5-5-6-10,31.1-34.6,34.4,492(+4),,,ジェンティルドンナ,0.0,11,36648.1,2819.084615384615,0.34615384615384615,94.3076923076923,2,-5,-0.38461538461538464,34.707692307692305,0.7473684210526316,4
97,97,2014/12/13,5阪神3,晴,11.0,チャレンジC(G3),,12.0,5.0,6,15.2,5,1,武豊,55.0,芝1800,良,-1.0,1:45.9,0.0,111.0,11-11,35.3-35.5,34.6,494(+6),,出遅れ,(デウスウルト),4044.1,12,10002.2,1250.275,0.775,94.75,0,-8,-1.0,35.2,0.6161616161616161,4
98,98,2015/05/03,3京都4,晴,11.0,天皇賞(春)(G1),,17.0,1.0,2,30.5,10,3,蛯名正義,58.0,芝3200,良,-18.0,3:14.8,0.1,110.0,2-2-3-1,36.1-35.3,35.3,454(0),,,ゴールドシップ,3851.6,13,27641.199999999993,987.1857142857141,0.31071428571428567,97.82142857142857,0,-6,-0.21428571428571427,35.17142857142857,0.791907514450867,7
99,99,2015/05/31,2東京12,晴,12.0,目黒記念(G2),,18,3.0,5,59.0,14,15,ルメール,57.5,芝2500,良,-14.0,2:31.2,1.5,100.0,11-11-13-12,30.3-35.0,35.6,438(+4),,出遅れ,ヒットザターゲット,0.0,14,26488.8,1059.552,0.632,98.4,0,13,0.5416666666666666,34.70799999999999,0.6064139941690962,7
100,100,2015/05/03,3京都4,晴,11.0,天皇賞(春)(G1),,17,1.0,1,4.6,2,1,横山典弘,58.0,芝3200,良,-18.0,3:14.7,0.0,112.0,14-14-3-4,36.1-35.3,35.0,510(+2),,出遅れ,(フェイムゲーム),15361.2,15,139776.69999999998,5824.029166666666,0.07916666666666666,105.04166666666667,0,-3,-0.125,35.15,0.8575949367088608,6
101,101,2015/05/31,2東京12,晴,12.0,目黒記念(G2),,18,2.0,4,6.7,3,9,岩田康誠,54,芝2500,良,-14.0,2:30.6,0.9,104.0,10-10-10-9,30.3-35.0,35.3,492(0),,出遅れ,ヒットザターゲット,0.0,16,9856.799999999997,448.03636363636355,0.34545454545454535,90.22727272727273,0,-4,-0.18181818181818182,34.418181818181814,0.7344398340248963,5
102,102,2014/05/04,3京都4,晴,11.0,天皇賞(春)(G1),,18,4.0,8,4.3,2,7,ウィリア,58.0,芝3200,良,-18.0,3:15.6,0.5,104.0,18-18-15-14,36.9-34.8,34.2,506(-2),,出遅れ,フェノーメノ,0.0,1,96711.49999999999,5372.86111111111,0.10555555555555556,103.16666666666667,0,-2,-0.1111111111111111,35.23888888888889,0.847457627118644,5
103,103,2014/06/07,3阪神1,曇,11.0,鳴尾記念(G3),,12.0,3.0,3,4.0,2,4,池添謙一,57.0,芝2000,良,-11.0,1:59.1,0.0,103.0,3-3-3-3,35.7-35.0,34.8,458(+2),,,エアソミュール,600.0,2,17436.4,697.456,0.28800000000000003,96.68,-1,-8,-0.32,35.092000000000006,0.7870967741935484,6
104,104,2014/05/18,2東京8,晴,11.0,ヴィクトリアマイル(G1),,18,7.0,14,28.3,11,1,内田博幸,55.0,芝1600,良,-10.0,1:32.3,-0.1,113.0,1-1,34.7-34.3,34.3,456(-4),,,(メイショウマンボ),9394.8,3,42742.9,2374.605555555556,0.28333333333333327,98.44444444444444,-1,13,0.7222222222222222,34.55,0.7579365079365079,5
105,105,2014/05/04,3京都4,晴,11.0,天皇賞(春)(G1),,18,8.0,17,206.5,16,15,北村友一,58.0,芝3200,良,-18.0,3:16.6,1.5,98.0,3-3-3-3,36.9-34.8,36.0,520(+2),,,フェノーメノ,0.0,4,25770.7,780.9303030303031,0.7878787878787877,95.51515151515152,1,30,0.9090909090909091,35.57272727272728,0.6363636363636364,6
106,106,2014/05/18,2東京8,晴,11.0,ヴィクトリアマイル(G1),,18.0,2.0,3,10.3,4,7,浜中俊,55.0,芝1600,良,-10.0,1:32.7,0.4,114.0,15-15,34.7-34.3,33.2,438(0),,出遅れ,ヴィルシーナ,0.0,5,26359.0,2635.9,0.12,97.0,-1,8,0.8,34.45,0.8881987577639752,4
107,107,2014/05/04,3京都4,晴,11.0,天皇賞(春)(G1),,18,5.0,10,91.7,11,6,北村宏司,58.0,芝3200,良,-18.0,3:15.5,0.4,105.0,12-13-11-12,36.9-34.8,34.3,452(0),,出遅れ,フェノーメノ,0.0,6,10636.0,1063.6,0.37,95.6,0,3,0.3,34.98,0.7357142857142858,4
108,108,2014/05/04,3京都4,晴,11.0,天皇賞(春)(G1),,18,6.0,12,6.5,3,2,武幸四郎,58.0,芝3200,良,-18.0,3:15.1,0.0,107.0,14-14-14-8,36.9-34.8,34.1,526(0),,,フェノーメノ,5408.0,7,55370.6,3076.144444444444,0.35000000000000003,101.72222222222223,0,2,0.1111111111111111,34.599999999999994,0.8612244897959184,6
109,109,2014/05/04,3京都4,晴,11.0,天皇賞(春)(G1),,18,3.0,6,101.5,12,3,田辺裕信,58.0,芝3200,良,-18.0,3:15.1,0.0,107.0,10-9-10-10,36.9-34.8,34.0,478(-2),,,フェノーメノ,3354.0,8,14488.300000000001,603.6791666666667,0.2416666666666666,94.41666666666667,0,20,0.8695652173913043,34.69583333333333,0.8005865102639296,6
110,110,2014/02/16,2京都6,晴,11.0,京都記念(G2),,12.0,3.0,3,1.6,1,6,福永祐一,56.0,芝2200,稍,8.0,2:16.5,0.5,104.0,3-3-2-2,38.3-34.2,34.6,478(+8),,,デスペラード,0.0,9,103075.79999999999,7928.907692307692,0.06923076923076922,99.76923076923077,3,7,0.5384615384615384,34.46153846153846,0.9365079365079365,5
111,111,2014/06/07,3阪神1,曇,11.0,鳴尾記念(G3),,12,1.0,1,8.3,4.0,8,内田博幸,57.0,芝2000,良,-11.0,1:59.6,0.5,97.0,7-6-6-7,35.7-35.0,35.0,494(+12),,,エアソミュール,0.0,10,70506.0,2611.3333333333335,0.6222222222222226,102.14814814814815,-1,12,0.4444444444444444,35.39999999999999,0.7453083109919572,8
112,112,2014/05/18,2東京8,晴,11.0,ヴィクトリアマイル(G1),,18,2.0,4,5.5,3,2,武幸四郎,55.0,芝1600,良,-10.0,1:32.4,0.1,114.0,7-7,34.7-34.3,33.5,486(+6),,,ヴィルシーナ,3712.8,11,43519.5,3626.625,0.28333333333333327,96.91666666666667,-1,11,0.9166666666666666,35.23333333333333,0.8379888268156425,4
113,113,2014/03/02,2中山2,雨,11.0,中山記念(G2),,15,1.0,1,16.7,7,5,田辺裕信,57.0,芝1800,稍,28.0,1:50.7,0.9,108.0,11-11-11-10,37.3-36.9,36.9,476(0),,,ジャスタウェイ,600.0,12,19175.6,871.6181818181817,0.7000000000000001,91.63636363636364,2,25,1.1363636363636365,35.377272727272725,0.6643835616438356,6
114,114,2013/04/28,3京都4,晴,11.0,天皇賞(春)(G1),,18,4.0,8,1.3,1,5,内田博幸,58.0,芝3200,良,-13.0,3:15.1,0.9,108.0,14-13-6-4,36.5-36.3,37.0,502(0),,出遅れ,フェノーメノ,1320.0,1,71363.29999999999,5946.941666666666,-0.04999999999999999,100.66666666666667,0,-2,-0.16666666666666666,35.25833333333333,0.9367088607594937,4
115,115,2013/06/01,3阪神1,曇,11.0,鳴尾記念(G3),,16,4.0,7,4.5,3,3,岩田康誠,57.0,芝2000,良,-16.0,1:59.1,0.2,106.0,5-5-9-5,36.4-34.7,34.5,486(+6),,,トウケイヘイロー,1008.3,2,26024.0,1301.2,0.26,102.7,-1,5,0.25,35.06,0.8143939393939394,5
116,116,2012/11/25,5東京8,晴,11.0,ジャパンC(G1),,17.0,8.0,15,6.6,3,1,岩田康誠,53.0,芝2400,良,-12.0,2:23.1,0.0,116.0,2-2-3-6,35.8-34.7,32.8,460(-14),,,(オルフェーヴル),25357.0,3,68953.8,7661.533333333334,-0.10000000000000003,96.0,-2,6,0.6666666666666666,34.2,0.9705882352941176,4
117,117,2013/04/28,3京都4,晴,11.0,天皇賞(春)(G1),,18,3.0,6,6.2,2,1,蛯名正義,58.0,芝3200,良,-13.0,3:14.2,-0.2,111.0,7-7-3-2,36.5-36.3,36.2,496(+2),,,(トーセンラー),13582.2,4,46712.8,4246.618181818182,0.02727272727272727,102.81818181818181,0,-3,-0.2727272727272727,34.3909090909091,0.8982035928143712,4
118,118,2013/04/28,3京都4,晴,11.0,天皇賞(春)(G1),,18,1.0,1,13.6,3,2,武豊,58.0,芝3200,良,-13.0,3:14.4,0.2,110.0,9-9-6-2,36.5-36.3,36.4,460(0),,,フェノーメノ,5409.2,5,27349.799999999996,1608.811764705882,0.511764705882353,100.11764705882354,0,12,0.7058823529411765,34.89411764705883,0.7511111111111111,5
119,119,2013/06/02,3東京2,晴,11.0,安田記念(G1),,18.0,5.0,9,29.6,10.0,12,柴田善臣,58.0,芝1600,良,-14.0,1:32.2,0.7,114.0,15-14,33.9-34.5,33.5,488(+4),,出遅れ,ロードカナロア,0.0,6,28768.399999999998,1438.4199999999998,0.495,100.35,-1,18,0.9,34.730000000000004,0.7971014492753623,5
120,120,2013/06/01,3阪神1,曇,10.0,三木特別(1000万下),,13,4.0,5,2.9,1,1,Ｃ．デム,57.0,芝1800,良,-16.0,1:45.7,-0.1,101.0,12-12,35.1-34.0,32.8,464(+4),,,(レインフォール),1470.8,7,5741.0,410.07142857142856,0.35000000000000003,91.28571428571429,0,0,0.0,34.65714285714286,0.8235294117647058,4
121,121,2013/06/01,3阪神1,曇,11.0,鳴尾記念(G3),,16,2.0,4,61.8,12,5,松山弘平,56.0,芝2000,良,-16.0,1:59.2,0.3,106.0,9-10-12-13,36.4-34.7,34.1,464(-6),,,トウケイヘイロー,400.0,8,25525.8,654.5076923076923,0.45641025641025623,100.41025641025641,-1,16,0.42105263157894735,34.29230769230769,0.701627486437613,8
122,122,2013/06/02,3阪神2,曇,11.0,垂水S(1600万下),,14,7.0,12,44.2,9,7,松山弘平,57.0,芝1800,良,-15.0,1:45.9,1.4,95.0,12-12,34.8-34.2,34.8,508(+2),,直線不利,カレンミロティック,0.0,9,11408.8,292.5333333333333,0.5897435897435896,93.58974358974359,0,-3,-0.07692307692307693,34.94615384615384,0.639412997903564,6
123,123,2013/06/02,3東京2,晴,11.0,安田記念(G1),,18,7.0,13,119.8,17,18,酒井学,58.0,芝1600,良,-14.0,1:32.9,1.4,103.0,1-1,33.9-34.5,35.9,510(+4),,,ロードカナロア,0.0,10,39732.8,749.6754716981133,0.5830188679245282,99.75471698113208,-1,12,0.23076923076923078,35.82641509433962,0.5909090909090909,8
124,124,2013/05/26,2東京12,晴,12.0,目黒記念(G2),,18,5.0,9,105.2,14,4,大野拓弥,57.5,芝2500,良,-15.0,2:30.0,0.4,105.0,15-15-15-14,29.5-35.2,34.3,518(-2),,,ムスカテール,830.0,11,18458.299999999996,709.9346153846152,0.6846153846153846,93.57692307692308,-1,25,0.9615384615384616,35.64615384615384,0.6814159292035398,5
125,125,2012/04/29,3京都4,晴,11.0,天皇賞(春)(G1),,18.0,8.0,18,1.3,1,11,池添謙一,58.0,芝3200,良,-20.0,3:15.6,1.8,98.0,16-16-17-14,35.9-36.5,34.0,460(-2),,,ビートブラック,0.0,1,84323.8,6486.446153846154,0.08461538461538462,98.92307692307692,0,5,0.38461538461538464,34.08461538461538,0.8651685393258427,4
126,126,2012/03/24,3中山1,曇,11.0,日経賞(G2),,14.0,8.0,13,1.4,1.0,3,福永祐一,57.0,芝2500,重,29.0,2:38.1,0.7,113.0,8-7-5-3,31.0-37.8,36.2,504(0),,,ネコパンチ,1514.4,2,34822.6,2487.328571428571,0.035714285714285705,104.57142857142857,4,19,1.3571428571428572,34.42857142857143,0.8700564971751412,5
127,127,2012/06/02,3阪神1,曇,11.0,鳴尾記念(G3),,10.0,7.0,8,2.7,1,2,浜中俊,57.0,芝2000,良,-15.0,2:00.2,0.1,93.0,9-9-6-7,37.0-33.4,32.9,494(-6),,,トゥザグローリー,1610.8,3,16694.7,1284.2076923076925,0.20769230769230768,97.07692307692308,0,6,0.46153846153846156,34.184615384615384,0.803921568627451,4
128,128,2012/04/29,3京都4,晴,11.0,天皇賞(春)(G1),,18.0,6.0,11,9.8,2,3,武豊,58.0,芝3200,良,-20.0,3:14.8,1.0,102.0,12-12-12-12,35.9-36.5,33.5,512(-2),,,ビートブラック,3355.8,4,32044.6,2464.9692307692308,0.3076923076923077,98.84615384615384,0,3,0.23076923076923078,34.39230769230769,0.8421052631578947,4
129,129,2012/05/26,3京都11,晴,10.0,白百合S(OP),,10.0,7.0,8,1.5,1,1,岩田康誠,57.0,芝1800,良,-17.0,1:47.0,-0.3,90.0,5-5,36.5-33.5,33.1,456(0),,,(ヤマニンファラオ),1928.7,5,5024.9,1256.225,-0.1,87.25,0,12,3.0,34.725,0.9791666666666666,3
130,130,2011/12/25,5中山8,晴,10.0,有馬記念(G1),,13.0,4.0,5,26.8,7,2,ルメール,57.0,芝2500,良,-8.0,2:36.1,0.1,105.0,5-5-6-5,31.2-34.0,33.6,488(-4),,,オルフェーヴル,8086.4,6,48074.6,3004.6625,0.23750000000000002,99.125,2,0,0.0,34.512499999999996,0.8119266055045872,5
131,131,2012/06/02,3阪神1,曇,11.0,鳴尾記念(G3),,10.0,1.0,1,4.2,3,5,佐藤哲三,58.0,芝2000,良,-15.0,2:00.8,0.7,88.0,8-8-9-9,37.0-33.4,33.3,536(+6),,,トゥザグローリー,400.0,7,58290.899999999994,2331.636,0.29600000000000004,104.04,0,-5,-0.2,35.404,0.8157894736842105,7
132,132,2012/06/02,3阪神1,曇,11.0,鳴尾記念(G3),,10.0,3.0,3,5.4,4.0,4,柴田善臣,56.0,芝2000,良,-15.0,2:00.5,0.4,91.0,5-6-6-6,37.0-33.4,33.3,472(-8),,,トゥザグローリー,600.0,8,16144.400000000001,1241.8769230769233,0.3153846153846154,94.6923076923077,0,22,1.6923076923076923,34.51538461538461,0.8809523809523809,4
133,133,2012/04/29,3京都4,晴,11.0,天皇賞(春)(G1),,18.0,1.0,1,159.6,14.0,1,石橋脩,58.0,芝3200,良,-20.0,3:13.8,-0.7,104.0,2-2-1-1,35.9-36.5,36.5,512(-2),,,(トーセンジョーダン),13590.6,9,30291.699999999997,1081.8464285714285,0.8035714285714285,89.32142857142857,-1,22,0.8461538461538461,36.65714285714285,0.7111716621253406,5
134,134,2012/04/01,2阪神4,曇,11.0,産経大阪杯(G2),,12.0,5.0,6,2.6,1,2,横山典弘,57.0,芝2000,稍,23.0,2:05.7,0.2,110.0,4-3-3-3,39.1-35.3,35.2,524(-4),,,ショウナンマイティ,2424.8,10,17245.5,1724.55,-0.06000000000000001,94.7,5,10,1.1111111111111112,35.029999999999994,0.9166666666666666,5
135,135,2012/05/06,1新潟2,曇,11.0,新潟大賞典(G3),,15.0,1.0,1,10.1,5,1,古川吉洋,56.0,芝2000,稍,6.0,1:59.0,-0.3,107.0,7-7,35.3-35.9,35.4,506(-2),,,(ダンツホウテイ),4056.7,11,12967.4,720.411111111111,0.5277777777777779,89.5,0,25,1.3888888888888888,35.75,0.746606334841629,4
136,136,2012/06/02,3阪神1,曇,11.0,鳴尾記念(G3),,10.0,8.0,10,3.8,2,1,福永祐一,57.0,芝2000,良,-15.0,2:00.1,-0.1,94.0,2-2-2-2,37.0-33.4,33.2,534(-2),,,(ショウナンマイティ),4037.8,12,44958.4,2247.92,0.3450000000000001,104.5,0,-7,-0.35,34.62499999999999,0.7415730337078652,5
137,137,2012/05/27,2東京12,晴,12.0,目黒記念(G2),,18.0,4.0,7,108.4,13,6,内田博幸,56.0,芝2500,良,-15.0,2:31.1,0.5,99.0,15-16-18-17,29.4-34.8,34.0,554(+6),,,スマートロビン,0.0,13,23182.3,565.4219512195122,0.6707317073170732,99.17073170731707,0,2,0.04878048780487805,35.6390243902439,0.6502732240437158,7
138,138,2012/05/13,2東京8,晴,11.0,ヴィクトリアマイル(G1),,18.0,6.0,12,7.2,4,1,横山典弘,55.0,芝1600,良,-9.0,1:32.4,-0.1,114.0,3-3,34.4-34.2,33.8,470(0),,,(ドナウブルー),9382.2,14,35491.7,2730.130769230769,0.09230769230769233,95.07692307692308,-1,8,0.6153846153846154,34.769230769230774,0.9130434782608695,4
139,139,2012/06/03,3東京2,曇,11.0,安田記念(G1),,18.0,3.0,6,91.0,18,8,丸山元気,58.0,芝1600,良,-15.0,1:32.0,0.7,115.0,18-18,33.8-35.0,33.7,490(-8),,出遅れ,ストロングリターン,0.0,15,36981.9,1056.6257142857144,0.6285714285714286,104.14285714285714,-1,-6,-0.17647058823529413,34.87714285714285,0.655893536121673,7
140,140,2012/03/24,3中山1,曇,11.0,日経賞(G2),,14.0,5.0,8,167.1,12,1,江田照男,56.0,芝2500,重,29.0,2:37.4,-0.6,114.0,1-1-1-1,31.0-37.8,37.8,480(-2),,,(ウインバリアシオン),6100.8,16,16444.4,349.8808510638298,0.9170212765957447,87.23404255319149,3,89,1.9777777777777779,36.66170212765958,0.5654545454545454,6
141,141,2011/05/28,3京都11,雨,11,金鯱賞(G2),,16,5,9,4.2,3,3,佐藤哲三,58,芝2000,不,25,2:02.9,0.5,105,2-2-2-2,36.6-36.3,36.7,536(+6),,,ルーラーシップ,1618.0,1,37872.29999999999,1993.2789473684204,0.18421052631578952,103.78947368421052,2,-7,-0.3684210526315789,35.49473684210526,0.8814814814814815,6
142,142,2011/05/15,2東京8,晴,11.0,ヴィクトリアマイル(G1),,17,7.0,13,1.5,1.0,2,岩田康誠,55.0,芝1600,良,-10.0,1:31.9,0.0,118.0,13-13,33.5-36.0,34.0,460(0),,,アパパネ,3706.8,2,105898.09999999999,6229.299999999999,-0.06470588235294117,107.41176470588235,-2,-2,-0.11764705882352941,34.182352941176475,0.9534883720930233,5
143,143,2011/05/01,3京都4,曇,11.0,天皇賞(春)(G1),,18.0,7.0,15,7.1,3,2,内田博幸,58.0,芝3200,稍,7.0,3:20.7,0.1,99.0,9-10-10-8,37.8-36.0,35.2,490(-2),,,ヒルノダムール,5410.4,3,36637.8,3053.15,0.17500000000000002,94.83333333333333,5,3,0.25,34.48333333333333,0.8364779874213837,4
144,144,2011/05/01,3京都4,曇,11,天皇賞(春)(G1),,18,2,4,4.2,2.0,11,武豊,58,芝3200,稍,7,3:22.0,1.4,90,8-8-3-3,37.8-36.0,37.1,464(-6),,,ヒルノダムール,0.0,4,60009.4,5000.783333333334,0.2333333333333333,101.0,6,-12,-1.0,34.44166666666666,0.8771929824561403,4
145,145,2011/05/28,3京都11,雨,11.0,金鯱賞(G2),,16.0,7.0,13,2.8,1.0,1,福永祐一,58.0,芝2000,不,25.0,2:02.4,-0.1,113.0,16-15-6-4,36.6-36.3,35.8,496(0),,出遅れ,(キャプテントゥーレ),6526.0,5,22909.8,2290.98,-0.08,102.0,2,12,1.2,34.17,0.889763779527559,4
146,146,2011/05/28,3東京3,雨,11,目黒記念(G2),,17,8,17,3.2,1,2,秋山真一,56,芝2500,稍,11,2:32.5,0.0,112,3-4-4-3,28.9-36.7,36.2,500(-4),,,キングトップガン,2339.2,6,8852.5,1106.5625,0.037500000000000006,98.0,1,2,0.25,35.2375,0.90625,4
147,147,2011/06/05,3東京6,曇,11,安田記念(G1),,18,7,13,5.1,2,10,ウィリア,58.0,芝1600,良,-10,1:32.5,0.5,113,17-15,33.9-35.0,34.0,512(-2),,出遅れ,リアルインパクト,0.0,7,17484.6,1165.6399999999999,0.08000000000000002,99.8,-1,6,0.4,33.913333333333334,0.8839285714285714,5
148,148,2011/05/28,3東京3,雨,11.0,目黒記念(G2),,17.0,7.0,14,7.6,4,4,安藤勝己,54.0,芝2500,稍,11.0,2:32.6,0.1,112.0,8-8-7-7,28.9-36.7,36.1,490(+2),,,キングトップガン,870.0,8,6653.2,511.7846153846154,0.4076923076923077,95.84615384615384,1,-4,-0.3076923076923077,35.276923076923076,0.6746987951807228,4
149,149,2011/01/23,1中山8,晴,11,アメリカジョッキーC(G2),,11,6,6,1.9,1.0,1,内田博幸,58.0,芝2200,良,-6,2:14.2,-0.1,110,5-5-4-3,37.9-35.1,34.7,484(-6),,,(ミヤビランベリ),6078.4,9,24452.199999999997,1880.9384615384613,0.06153846153846154,100.53846153846153,0,4,0.3076923076923077,35.14615384615384,0.8928571428571429,5
150,150,2011/04/03,2阪神4,晴,11,産経大阪杯(G2),,15,4,7,5.5,4,9,池添謙一,58,芝2000,良,-10,1:58.9,1.1,107,13-13-13-12,35.8-35.3,34.9,442(+8),,S不利,ヒルノダムール,0.0,10,84797.3,2826.576666666667,0.3600000000000001,108.8,-1,-25,-0.8333333333333334,34.45333333333333,0.750599520383693,7
151,151,2011/05/01,3京都4,曇,11,天皇賞(春)(G1),,18,1,1,20.8,9.0,7,岩田康誠,58,芝3200,稍,7,3:21.3,0.7,95,6-5-10-8,37.8-36.0,35.8,508(-2),,,ヒルノダムール,0.0,11,12674.7,633.735,0.62,85.5,6,5,0.2777777777777778,36.635,0.752895752895753,4
152,152,2010/11/28,5東京8,晴,10,ジャパンC(G1),,18,2,4,46.5,10,12,藤田伸二,57.0,芝2400,良,-4.0,2:25.8,0.6,104.0,1-1-1-1,36.4-34.4,35.3,500(+6),,,ローズキングダム,0.0,12,26390.9,1466.1611111111113,0.12777777777777777,107.05555555555556,0,-5,-0.2777777777777778,34.83888888888888,0.8031496062992126,8
153,153,2011/05/01,3京都4,曇,11,天皇賞(春)(G1),,18,5,9,3.1,1,13,四位洋文,58.0,芝3200,稍,7,3:22.3,1.7,88,1-1-3-3,37.8-36.0,37.3,524(-4),,,ヒルノダムール,0.0,13,28969.2,2228.4,0.19230769230769226,102.38461538461539,7,-3,-0.23076923076923078,34.61538461538462,0.8202247191011236,4
154,154,2011/05/01,3京都4,曇,11,天皇賞(春)(G1),,18,2,3,11.3,5.0,3.0,和田竜二,58.0,芝3200,稍,7.0,3:20.9,0.3,97.0,11-10-1-1,37.8-36.0,36.3,502(+2),,出遅れ,ヒルノダムール,3355.2,14.0,30344.7,1123.8777777777777,0.337037037037037,101.85185185185185,5,6,0.23076923076923078,35.34814814814815,0.7922077922077922,6
155,155,2011/05/28,3東京3,雨,11,目黒記念(G2),,17,6,12,28.1,10,12,三浦皇成,57.5,芝2500,稍,11,2:33.9,1.4,103,9-10-9-11,28.9-36.7,37.1,482(0),,,キングトップガン,0.0,15,23767.9,1131.804761904762,0.7190476190476192,97.71428571428571,2,1,0.05,35.67619047619048,0.6608391608391608,5
156,156,2010/03/21,1阪神8,晴,11,阪神大賞典(G2),,14,8,14,7.3,6,4,岩田康誠,58,芝3000,良,4,3:07.5,0.2,106,3-2-2-3,37.2-37.4,37.3,526(+28),,,トウカイトリック,980.0,16,51255.49999999999,2329.795454545454,0.8181818181818182,103.63636363636364,2,8,0.36363636363636365,36.10454545454545,0.6212624584717608,7
157,157,2010/04/24,2東京1,晴,11.0,メトロポリタンS(OP),,14.0,6.0,10,5.6,3.0,1,柴田善臣,56.0,芝2400,良,2.0,2:26.1,-0.3,110.0,4-4-3-3,36.1-34.5,34.3,464(+4),,,(トップカミング),2332.9,1,15729.5,1747.7222222222222,0.6222222222222222,99.77777777777777,0,7,0.7777777777777778,35.74444444444444,0.75,4
158,158,2010/05/16,2東京8,晴,11.0,ヴィクトリアマイル(G1),,18.0,6.0,11,1.5,1.0,1,横山典弘,55.0,芝1600,良,-14.0,1:32.4,0.0,111.0,13-12,33.8-34.9,33.5,448(0),,,(ヒカルアマランサス),9382.2,2,65792.3,5482.691666666667,-0.05000000000000001,104.33333333333333,-1,2,0.16666666666666666,34.11666666666667,0.9550561797752809,4
159,159,2010/05/29,4京都3,晴,10.0,金鯱賞(G2),,14.0,4.0,5,2.9,1.0,1,佐藤哲三,57.0,芝2000,良,-10.0,1:59.5,-0.2,100.0,2-2-2-2,37.0-34.2,34.0,532(+4),,,(ドリームサンデー),6502.2,3,22427.100000000002,1495.14,0.1733333333333334,102.2,0,-6,-0.4,35.39333333333333,0.8743961352657005,5
160,160,2010/04/04,2阪神4,晴,10.0,産経大阪杯(G2),,12.0,6.0,8,1.2,1.0,3,池添謙一,59.0,芝2000,良,-3.0,1:59.6,0.1,109.0,11-10-11-8,36.0-35.4,34.6,434(-4),,,テイエムアンコール,1612.6,4,80176.90000000001,3083.7269230769234,0.3153846153846155,108.57692307692308,-1,-22,-0.8461538461538461,34.36923076923076,0.7802197802197802,6
161,161,2010/03/27,3中山1,晴,11.0,日経賞(G2),,15.0,3.0,4,3.7,2.0,4,後藤浩輝,58.0,芝2500,稍,7.0,2:34.2,0.1,115.0,7-6-7-7,29.8-36.5,34.9,494(+4),,直線不利,マイネルキッツ,960.0,5,31135.199999999997,1153.1555555555553,0.7074074074074074,105.33333333333333,0,0,0.0,35.629629629629626,0.6666666666666666,7
162,162,2010/05/02,3京都4,晴,10.0,天皇賞(春)(G1),,18.0,7.0,14,13.3,5.0,10,福永祐一,56.0,芝3200,良,-11.0,3:17.7,2.0,96.0,12-12-11-11,37.2-34.2,35.4,498(+2),,4角不利,ジャガーメイル,0.0,6,19518.600000000002,722.9111111111112,0.4555555555555556,97.0,2,29,1.16,35.140740740740746,0.7336956521739131,5
163,163,2010/05/29,4京都3,晴,10.0,金鯱賞(G2),,14.0,4.0,6,9.1,4.0,3,池添謙一,57.0,芝2000,良,-10.0,2:00.1,0.6,95.0,13-13-11-10,37.0-34.2,33.8,458(+2),,出遅れ,アーネストリー,1614.6,7,18337.6,764.0666666666666,0.36666666666666664,97.54166666666667,0,19,0.8260869565217391,34.17916666666668,0.7852941176470588,5
164,164,2010/05/02,3京都4,晴,10.0,天皇賞(春)(G1),,18.0,6.0,12,5.9,2.0,1,ウィリア,58.0,芝3200,良,-11.0,3:15.7,-0.1,109.0,9-8-7-5,37.2-34.2,33.7,472(-8),,,(マイネルキッツ),13594.8,8,30708.699999999997,2047.2466666666664,0.18000000000000002,104.0,0,20,1.3333333333333333,34.980000000000004,0.8903508771929824,6
165,165,2010/05/29,4京都3,晴,10.0,金鯱賞(G2),,14.0,3.0,4,3.5,2.0,8.0,岩田康誠,57.0,芝2000,良,-10.0,2:00.3,0.8,92.0,2-2-3-3,37.0-34.2,34.6,502(+6),,,アーネストリー,0.0,9.0,18588.100000000002,929.4050000000001,0.32,100.45,0,2,0.10526315789473684,35.239999999999995,0.8083623693379791,5
166,166,2010/05/02,3京都4,晴,10.0,天皇賞(春)(G1),,18.0,2.0,3,2.6,1.0,6,内田博幸,58.0,芝3200,良,-11.0,3:17.3,1.6,101.0,11-10-8-7,37.2-34.2,35.1,484(0),,出遅れ,ジャガーメイル,0.0,10,23127.9,1651.9928571428572,0.4571428571428572,95.92857142857143,2,3,0.23076923076923078,35.22857142857143,0.819672131147541,4
167,167,2010/03/21,1阪神8,晴,11.0,阪神大賞典(G2),,14.0,1.0,1,4.5,2.0,9,川田将雅,57.0,芝3000,良,4.0,3:08.0,0.7,105.0,8-8-8-8,37.2-37.4,36.7,470(+14),,,トウカイトリック,0.0,11,12012.5,1001.0416666666666,0.5750000000000001,93.58333333333333,2,-3,-0.2727272727272727,35.18333333333334,0.75,4
168,168,2010/06/13,3東京8,曇,10.0,ジューンS(1600万下),,15.0,3.0,4,28.5,10.0,1,三浦皇成,55.0,芝2400,良,-11.0,2:25.9,0.0,99.0,13-13-14-13,36.0-35.2,34.0,530(0),,,(スリーオリオン),1812.9,12,7211.4,277.36153846153843,0.5538461538461538,90.1923076923077,0,38,1.5833333333333333,35.15769230769231,0.717948717948718,6
169,169,2010/03/27,3中山1,晴,11.0,日経賞(G2),,15.0,8.0,15,3.0,1.0,6,横山典弘,58.0,芝2500,稍,7.0,2:34.4,0.3,113.0,2-2-2-2,29.8-36.5,35.5,530(+24),,直線不利,マイネルキッツ,0.0,13,31499.100000000002,4499.871428571429,0.014285714285714303,101.57142857142857,0,13,1.8571428571428572,36.42857142857143,0.8021978021978022,4
170,170,2010/05/30,3東京4,曇,12.0,目黒記念(G2),,12.0,7.0,9,4.1,1.0,9,岩田康誠,56.0,芝2500,良,-7.0,2:35.4,0.6,81.0,12-12-12-12,30.6-34.0,33.2,454(-2),,出遅れ,コパノジングー,0.0,14,15938.700000000003,692.9869565217392,0.30434782608695654,93.91304347826087,4,9,0.391304347826087,34.7304347826087,0.7898550724637681,4
171,171,2010/05/29,4京都3,晴,10.0,金鯱賞(G2),,14.0,5.0,8,5.6,3.0,7,藤田伸二,57.0,芝2000,良,-10.0,2:00.3,0.8,93.0,6-6-5-4,37.0-34.2,34.4,526(-6),,,アーネストリー,0.0,15,19356.9,1075.3833333333334,0.23888888888888882,101.27777777777777,0,2,0.1111111111111111,35.67777777777778,0.8649789029535865,7
172,172,2010/06/13,3東京8,曇,11.0,エプソムC(G3),,18.0,1.0,2,3.6,1.0,1,福永祐一,57.0,芝1800,良,-11.0,1:46.1,0.0,103.0,5-8-6,35.1-35.2,34.6,524(0),,,(シルポート),4165.1,16,23168.5,1930.7083333333333,0.4333333333333333,101.75,0,-3,-0.25,35.46666666666666,0.8023255813953488,4
173,173,2010/05/30,3東京4,曇,12.0,目黒記念(G2),,12.0,5.0,5,158.9,12.0,12,和田竜二,54.0,芝2500,良,-7.0,2:36.5,1.7,73.0,9-8-8-8,30.6-34.0,34.8,506(0),,,コパノジングー,0.0,17,12327.8,474.1461538461538,1.0192307692307694,98.61538461538461,5,23,0.92,35.692307692307686,0.5386819484240688,8
174,174,2009/05/03,3京都4,曇,10,天皇賞(春)(G1),,18,6,12,8.6,5,3,池添謙一,58,芝3200,良,-7,3:14.7,0.3,115,12-12-11-7,36.4-35.1,34.9,426(-2),,出遅れ,マイネルキッツ,3355.8,1,42473.5,2123.675,0.3549999999999999,107.4,0,-14,-0.7,34.46,0.75177304964539,5
175,175,2009/05/30,3中京3,晴,10,金鯱賞(G2),,18,8,17,2.1,1,1,福永祐一,57.0,芝2000,良,-10.0,1:58.4,-0.2,109.0,7-7-6-4,34.6-34.5,34.0,490(-6),,,(シャドウゲイト),6537.2,2,34789.899999999994,1512.6043478260867,0.3217391304347826,109.56521739130434,-2,-3,-0.13043478260869565,34.75217391304348,0.7689969604863222,6
176,176,2009/06/07,3東京6,晴,11,安田記念(G1),,18,3,6,3.7,2,2,四位洋文,58,芝1600,良,0,1:33.6,0.1,110,10-8,33.4-36.1,35.5,524(+14),,,ウオッカ,4109.2,3,60870.7,3804.41875,0.09375,97.875,0,2,0.13333333333333333,34.7625,0.9022222222222223,4
177,177,2009/06/07,3東京6,晴,11,安田記念(G1),,18,5,9,20.6,4,4,横山典弘,58,芝1600,良,0.0,1:33.8,0.3,107.0,14-14,33.4-36.1,35.5,468(-2),,,ウオッカ,1500.0,4,45740.5,2407.3947368421054,0.42631578947368426,112.94736842105263,0,-2,-0.10526315789473684,34.726315789473674,0.7555555555555555,8
178,178,2009/05/03,3京都4,曇,10,天皇賞(春)(G1),,18,8,16,6.3,2,14,横山典弘,58,芝3200,良,-7,3:17.1,2.7,100,6-6-2-2,36.4-35.1,37.7,486(-2),,,マイネルキッツ,0.0,5,43611.100000000006,2180.5550000000003,0.5250000000000001,96.45,2,18,1.0,36.675,0.7785977859778598,5
179,179,2009/05/03,3京都4,曇,10,天皇賞(春)(G1),,18,2,4,7.5,4,2,蛯名正義,58.0,芝3200,良,-7,3:14.4,0.0,117,8-6-7-4,36.4-35.1,34.8,542(-4),,,マイネルキッツ,5411.6,6,30592.100000000002,1799.5352941176473,0.31176470588235294,103.29411764705883,0,9,0.5625,35.39411764705882,0.7837837837837838,5
180,180,2009/05/03,3京都4,曇,10,天皇賞(春)(G1),,18,1,2,46.5,12,1,松岡正海,58.0,芝3200,良,-7.0,3:14.4,0.0,117.0,10-10-4-4,36.4-35.1,34.9,494(-8),,,(アルナスライン),13590.6,7,32277.2,1195.4518518518519,0.32962962962962955,104.55555555555556,0,1,0.037037037037037035,34.98888888888889,0.8088642659279779,6
181,181,2009/05/30,3中京3,晴,10,金鯱賞(G2),,18,2,3,6.2,3,5,武豊,57,芝2000,良,-10.0,1:58.7,0.3,108.0,13-13-13-13,34.6-34.5,33.7,454(-2),,,サクラメガワンダー,640.0,8,9313.4,665.2428571428571,0.2642857142857143,92.35714285714286,-2,22,1.6923076923076923,34.49285714285714,0.8082901554404145,4
182,182,2009/05/03,3京都4,曇,10,天皇賞(春)(G1),,18,7,15,7.4,3,12,武豊,58,芝3200,良,-7.0,3:16.7,2.3,102.0,16-15-14-11,36.4-35.1,36.7,536(+2),,,マイネルキッツ,0.0,9,13135.900000000001,772.7,0.5,95.58823529411765,1,-4,-0.23529411764705882,35.49411764705883,0.7162162162162162,4
183,183,2009/05/09,1新潟3,晴,11,新潟大賞典(G3),,16,1,2,7.1,3.0,4,川田将雅,58.5,芝2000,良,0.0,1:57.6,0.7,114.0,5-5,34.9-34.3,34.5,534(-2),,,シンゲン,620.0,10,28561.399999999998,1360.0666666666666,0.6285714285714286,108.80952380952381,-1,3,0.14285714285714285,35.43333333333334,0.6842105263157895,7
184,184,2009/06/14,3東京8,曇,11,エプソムC(G3),,18,7,15,133.2,15,7,蛯名正義,56,芝1800,良,-5.0,1:46.5,1.0,104.0,13-7-7,34.8-34.7,35.3,500(-4),,,シンゲン,0.0,11,11314.8,665.5764705882352,0.6411764705882351,94.88235294117646,0,18,1.125,35.78235294117648,0.7256637168141593,6
185,185,2009/05/30,3中京3,晴,10,金鯱賞(G2),,18,2,4,16.6,6,6,佐藤哲三,57.0,芝2000,良,-10.0,1:58.9,0.5,105.0,5-5-3-4,34.6-34.5,34.7,478(+14),,,サクラメガワンダー,0.0,12,19698.999999999996,1158.7647058823527,0.9,106.52941176470588,-2,5,0.29411764705882354,35.98823529411765,0.568075117370892,7
186,186,2009/05/03,3京都4,曇,10.0,天皇賞(春)(G1),,18,7.0,14,141.1,17.0,16,幸英明,58,芝3200,良,-7.0,3:17.9,3.5,96.0,4-4-11-15,36.4-35.1,37.6,504(-10),,,マイネルキッツ,0.0,13,14378.6,798.8111111111111,1.288888888888889,107.16666666666667,2,4,0.2222222222222222,36.22777777777778,0.46530612244897956,8
187,187,2009/06/21,2福島2,曇,11,福島テレビOP(OP),,15,8,14,7.8,5,8,蛯名正義,56,芝1800,重,21.0,1:49.8,0.9,101.0,9-9-9-7,35.7-36.5,36.6,494(+10),,出脚鈍い,トーホウレーサー,0.0,14,9994.0,526.0,0.6315789473684209,94.57894736842105,1,17,0.8947368421052632,35.39473684210526,0.6197718631178707,5
188,188,2008/05/31,2中京3,小雨,11,金鯱賞(G2),,17,6,12,4.6,2,1,岩田康誠,57,芝2000,稍,-10.0,1:59.1,-0.2,107.0,1-1-2-1,35.3-35.1,35.1,496(-2),,,(マンハッタンスカイ),6530.2,1,29822.100000000006,1420.1000000000004,0.17142857142857146,105.0952380952381,-1,5,0.23809523809523808,35.004761904761914,0.8215488215488216,6
189,189,2008/05/04,3京都4,晴,11.0,天皇賞(春)(G1),,14,5.0,8,4.8,2,2,武豊,58.0,芝3200,良,-10.0,3:15.1,0.0,119.0,9-9-6-3,36.8-35.3,34.9,514(-4),,,アドマイヤジュピタ,5390.0,2,97122.2,5713.070588235294,0.21176470588235294,112.0,0,-7,-0.4375,35.141176470588235,0.8723404255319149,5
190,190,2008/05/31,2中京3,小雨,11,金鯱賞(G2),,17,4,7,7.5,4,7,佐藤哲三,58.0,芝2000,稍,-10.0,1:59.8,0.7,100.0,7-9-7-8,35.3-35.1,35.3,474(0),,,エイシンデピュティ,0.0,3,16355.800000000001,1090.3866666666668,0.9800000000000001,106.0,-1,5,0.3333333333333333,35.99333333333333,0.5355191256830601,6
191,191,2008/05/31,2中京3,小雨,11,金鯱賞(G2),,17,3,5,7.4,3,4,福永祐一,57.0,芝2000,稍,-10.0,1:59.5,0.4,102.0,3-5-5-5,35.3-35.1,35.2,480(-2),,,エイシンデピュティ,960.0,4,18479.3,1087.0176470588235,0.41176470588235287,107.76470588235294,-1,-1,-0.058823529411764705,34.67058823529412,0.7344398340248963,5
192,192,2008/05/04,3京都4,晴,11,天皇賞(春)(G1),,14,8,13,3.6,1,3,四位洋文,58,芝3200,良,-10.0,3:15.5,0.4,115.0,3-4-2-2,36.8-35.3,35.5,500(-4),,,アドマイヤジュピタ,3345.0,5,35866.49999999999,2988.8749999999995,0.6166666666666668,99.83333333333333,0,-2,-0.16666666666666666,35.733333333333334,0.7452229299363057,4
193,193,2008/05/04,3京都4,晴,11,天皇賞(春)(G1),,14,2,2,25.9,10.0,5,川田将雅,58.0,芝3200,良,-10.0,3:15.8,0.7,115.0,7-8-9-10,36.8-35.3,35.2,530(-8),,出遅れ,アドマイヤジュピタ,1320.0,6,19389.6,1491.5076923076922,0.5692307692307692,106.76923076923077,0,8,0.6153846153846154,35.253846153846155,0.7062146892655368,6
194,194,2008/06/08,3東京6,晴,11,安田記念(G1),,18,7,14,19.9,6,4,後藤浩輝,58,芝1600,良,-3.0,1:33.4,0.7,116.0,13-14,34.6-34.8,34.0,484(-10),,,ウオッカ,1500.0,7,29188.6,1716.9764705882353,0.31176470588235294,112.0,0,-1,-0.058823529411764705,34.55882352941176,0.8221343873517787,7
195,195,2008/04/19,2阪神7,晴,11,読売マイラーズC(G2),,15,2,3,2.9,1,1,横山典弘,58,芝1600,良,6.0,1:33.6,0.0,123.0,5-6,35.5-34.8,34.3,466(+6),,,(ニシノマナムスメ),6114.8,8,31190.300000000003,2599.191666666667,0.5083333333333334,113.16666666666667,0,0,0.0,34.80833333333333,0.7413793103448276,7
196,196,2008/05/04,3京都4,晴,11,天皇賞(春)(G1),,14,5,7,9.9,5,9,松岡正海,58,芝3200,良,-10.0,3:16.6,1.5,110.0,9-9-10-8,36.8-35.3,36.0,472(-4),,出遅れ,アドマイヤジュピタ,0.0,9,43908.5,2927.233333333333,0.4133333333333333,112.2,1,-2,-0.13333333333333333,34.873333333333335,0.7751196172248804,5
197,197,2008/06/01,3東京4,晴,12,目黒記念(G2),,18,8,17,2.1,1,2,和田竜二,58.0,芝2500,良,-1.0,2:32.0,0.1,112.0,7-6-6-6,30.3-36.3,35.8,544(-2),,,ホクトスルタン,2338.4,10,16513.699999999997,1651.3699999999997,0.22999999999999998,96.3,0,8,0.8888888888888888,35.39,0.8307692307692308,4
198,198,2008/06/01,3東京4,晴,12,目黒記念(G2),,18,1,2,119.0,12,4,福永祐一,54,芝2500,良,-1.0,2:32.3,0.4,109.0,6-6-7-6,30.3-36.3,36.0,506(-2),,,ホクトスルタン,870.0,11,9780.199999999999,611.2624999999999,0.54375,104.25,1,-11,-0.6875,35.487500000000004,0.6756756756756757,6
199,199,2008/06/01,3東京4,晴,12,目黒記念(G2),,18,1,1,4.1,2,3,岩田康誠,57,芝2500,良,-1.0,2:32.3,0.4,108.0,2-3-3-2,30.3-36.3,36.5,510(+2),,,ホクトスルタン,1519.2,12,18922.6,2703.2285714285713,0.08571428571428573,102.14285714285714,1,5,0.7142857142857143,35.699999999999996,0.9326923076923077,4
200,200,2008/05/31,2中京3,小雨,11,金鯱賞(G2),,17,7,14,50.2,13,10,小牧太,57.0,芝2000,稍,-10.0,2:00.1,1.0,98.0,13-13-13-13,35.3-35.1,35.3,522(-8),,,エイシンデピュティ,0.0,13,19197.199999999997,872.5999999999999,0.7818181818181821,105.18181818181819,0,7,0.3333333333333333,35.095454545454544,0.6370106761565836,10
201,201,2008/05/31,2中京3,小雨,11.0,金鯱賞(G2),,17,7.0,13,3.4,1.0,6,安藤勝己,58,芝2000,稍,-10.0,1:59.7,0.6,101.0,10-10-7-5,35.3-35.1,35.3,452(0),,,エイシンデピュティ,0.0,14,25811.0,2581.1,0.13,104.6,-1,3,0.3333333333333333,33.93,0.8947368421052632,4
202,202,2007/02/17,2京都7,雨,11.0,京都記念(G2),,14,6.0,9,4.0,2.0,1,武豊,59.0,芝2200,稍,26.0,2:17.2,0.0,110.0,6-6-6-5,38.6-35.6,35.1,482(+12),,,(ポップロック),6507.8,1,29513.200000000004,3689.1500000000005,0.14999999999999997,105.375,4,7,0.875,34.55,0.8867924528301887,4
203,203,2007/04/29,3京都4,晴,11.0,天皇賞(春)(G1),,16,3.0,6,4.5,2.0,1,石橋守,58.0,芝3200,良,-13.0,3:14.1,0.0,113.0,8-9-6-2,36.9-34.8,34.7,516(-2),,,(エリモエクスパイア),13552.8,2,66415.0,6037.727272727273,0.16363636363636364,110.54545454545455,-1,-5,-0.5,35.018181818181816,0.9060402684563759,4
204,204,2007/05/27,3東京4,晴,12.0,目黒記念(G2),,18,1.0,2,2.9,1.0,1,武豊,58.5,芝2500,良,-12.0,2:31.4,0.0,107.0,5-6-11-8,30.1-35.4,34.5,490(0),,,(ココナッツパンチ),5937.2,3,25721.5,3215.1875,-0.0625,105.875,0,11,1.8333333333333333,35.987500000000004,0.9636363636363636,6
205,205,2007/05/27,3東京4,晴,12.0,目黒記念(G2),,18,5.0,10,19.7,6.0,3,福永祐一,57.0,芝2500,良,-12.0,2:31.6,0.2,103.0,2-2-4-3,30.1-35.4,35.2,518(-8),,,ポップロック,1519.6,4,7607.799999999999,1521.56,0.86,106.6,0,1,0.2,35.660000000000004,0.6060606060606061,5
206,206,2007/04/29,3京都4,晴,11.0,天皇賞(春)(G1),,16,1.0,2,27.8,9.0,10,武幸四郎,58.0,芝3200,良,-13.0,3:15.1,1.0,108.0,11-11-10-10,36.9-34.8,35.3,470(0),,,メイショウサムソン,0.0,5,11331.699999999999,755.4466666666666,1.0066666666666666,108.8,0,9,0.6,35.57333333333334,0.6010928961748634,8
207,207,2007/05/13,2東京8,晴,11.0,ヴィクトリアマイル(G1),,18,3.0,6,2.1,1.0,10,武幸四郎,55.0,芝1600,良,-10.0,1:33.4,0.9,112.0,11-11,34.8-34.3,33.7,488(-2),,出遅れ,コイウタ,0.0,6,25567.0,3652.4285714285716,0.0,103.85714285714286,0,4,0.5714285714285714,34.98571428571429,0.8230088495575221,4
208,208,2007/05/26,2中京3,晴,11.0,金鯱賞(G2),,12,5.0,6,9.2,5.0,3,佐藤哲三,57.0,芝2000,良,-16.0,1:57.6,0.4,111.0,5-5-5-7,33.9-36.0,35.9,476(+6),,,ローゼンクロイツ,1613.8,7,5642.4,705.3,1.2375,104.125,-3,7,0.875,36.762499999999996,0.45054945054945056,5
209,209,2007/05/27,3東京4,晴,10.0,東京優駿(G1),,18,2.0,3,10.5,3.0,1,四位洋文,55.0,芝2400,良,-12.0,2:24.5,-0.5,113.0,9-11-11-8,35.8-34.4,33.0,482(-4),,,(アサクサキングス),19011.0,8,36647.0,5235.285714285715,-0.17142857142857146,106.0,-1,1,0.14285714285714285,33.84285714285714,0.978494623655914,3
210,210,2007/05/27,3東京4,晴,12.0,目黒記念(G2),,18.0,8.0,17,4.8,2.0,10,幸英明,58.0,芝2500,良,-12.0,2:32.4,1.0,100.0,9-13-12-12,30.1-35.4,35.2,436(-2),,,ポップロック,0.0,9,16917.8,1409.8166666666666,0.5833333333333333,110.83333333333333,1,3,0.25,35.716666666666676,0.7354838709677419,5
211,211,2007/05/05,3京都5,晴,10.0,烏丸S(1600万下),,11,7.0,8,12.6,5.0,1,武幸四郎,56.0,芝2400,良,-11.0,2:24.6,0.0,109.0,7-6-7-7,35.0-35.1,34.4,500(+4),,,(ホーマンアラシ),1854.5,10,5831.200000000001,485.9333333333334,0.5833333333333334,97.16666666666667,-1,-7,-0.6363636363636364,35.058333333333344,0.6496815286624203,5
212,212,2007/04/01,2阪神4,曇,11.0,産経大阪杯(G2),,11,7.0,9,5.8,3.0,8,五十嵐冬,59.0,芝2000,良,3.0,2:02.2,0.8,103.0,4-4-4-4,37.4-35.1,35.3,510(-2),,,メイショウサムソン,0.0,11,12098.6,1344.288888888889,0.7333333333333333,110.88888888888889,1,-2,-0.2222222222222222,35.58888888888889,0.6216216216216216,6
213,213,2007/06/03,3東京6,晴,11.0,安田記念(G1),,18,1.0,2,4.4,2.0,1,安藤勝己,58.0,芝1600,良,-9.0,1:32.3,0.0,116.0,4-4,34.1-34.8,34.4,532(0),,,(コンゴウリキシオー),10390.6,12,57726.600000000006,6414.0666666666675,0.30000000000000004,114.55555555555556,-1,-2,-0.2222222222222222,35.22222222222222,0.9291338582677166,6
214,214,2007/05/26,2中京3,晴,11.0,金鯱賞(G2),,12,1.0,1,4.4,3.0,2,武豊,57.0,芝2000,良,-16.0,1:57.2,0.0,116.0,9-9-10-9,33.9-36.0,35.0,476(-16),,,ローゼンクロイツ,2627.6,13,17325.1,1732.5099999999998,0.32999999999999996,110.6,-3,0,0.0,34.790000000000006,0.7301587301587301,6
215,215,2007/04/01,2阪神4,曇,11.0,産経大阪杯(G2),,11.0,8.0,10,4.7,2.0,2,安藤光彰,57.0,芝2000,良,3.0,2:01.5,0.1,106.0,1-1-1-1,37.4-35.1,35.2,492(+2),,,メイショウサムソン,2623.6,14,11554.1,1050.3727272727274,0.10909090909090911,102.0,0,6,0.5454545454545454,36.18181818181818,0.8013698630136986,5
216,216,2007/05/27,3東京4,晴,10.0,東京優駿(G1),,18,8.0,16,84.5,14.0,2,福永祐一,57.0,芝2400,良,-12.0,2:25.0,0.5,106.0,1-1-1-1,35.8-34.4,34.9,488(-6),,,ウオッカ,7146.0,15,13419.900000000001,1917.1285714285716,0.2571428571428572,96.57142857142857,0,7,1.0,35.114285714285714,0.7558139534883721,3
217,217,2007/04/29,3京都4,晴,11.0,天皇賞(春)(G1),,16,6.0,11,99.1,14.0,16,角田晃一,58.0,芝3200,良,-13.0,3:21.7,7.6,69.0,2-2-2-15,36.9-34.8,42.0,476(-6),,,メイショウサムソン,0.0,16,0.0,0.0,2.8499999999999996,93.625,6,30,3.75,37.9125,0.16981132075471697,8
218,218,2007/05/26,2中京3,晴,11.0,金鯱賞(G2),,12,8.0,11,4.2,2.0,10,福永祐一,57.0,芝2000,良,-16.0,1:58.3,1.1,106.0,2-2-2-2,33.9-36.0,36.8,504(+8),,,ローゼンクロイツ,0.0,17,21575.9,2157.59,0.09999999999999998,105.2,-2,-4,-0.4,35.86,0.7421875,4
219,219,2007/04/14,2阪神7,晴,11.0,読売マイラーズC(G2),,15,3.0,5,10.6,7.0,12,後藤浩輝,58.0,芝1600,良,-9.0,1:33.8,1.6,105.0,3-3,34.9-34.0,34.9,492(-4),,,コンゴウリキシオー,0.0,18,10412.4,867.6999999999999,0.8916666666666665,103.5,0,5,0.4166666666666667,35.324999999999996,0.5491329479768786,8
