,index,日付,開催,天気,R,レース名,映像,頭数,枠番,馬番,オッズ,人気,着順,騎手,斤量,距離,馬場,馬場指数,タイム,着差,ﾀｲﾑ指数,通過,ペース,上り,馬体重,厩舎ｺﾒﾝﾄ,備考,勝ち馬(2着馬),賞金,本番着順,合計賞金,賞金平均,着差平均,ﾀｲﾑ指数平均,平均タイム差,平均タイム差合計,平均タイム差平均,上り平均,勝率,最初コーナー,最終コーナー,最終コーナーから着順,最初コーナーから着順,最初コーナーから最終コーナー,最終コーナー平均,最初コーナー平均,最終コーナーから着順平均,最初コーナーから着順平均,最初コーナーから最終コーナー平均,本番年齢,レース評価,レース評価平均
0,0,2022/05/28,1新潟7,晴,7,3歳未勝利,,16,8,15,6.2,3,3,泉谷楓真,55,芝1600,良,-1,1:35.6,0.3,80,10-10,34.8-36.5,36.0,490(-8),,,タイゲン,130.0,1,612.0,61.2,1.0399999999999998,67.5,19,262,26.2,36.769999999999996,0.664179104477612,10.0,10.0,7.0,7.0,0.0,5.4,5.5,-0.1,0.0,0.1,3,2.0,1.2
1,1,2022/06/05,4中京2,晴,6,3歳未勝利,,16,4,7,5.4,3,2,和田竜二,56,芝1600,良,-14,1:34.2,0.1,89,2-2-2,35.0-35.7,35.6,460(-4),,,レディズビーク,210.0,2,1270.0,158.75,0.2625,80.125,3,102,12.75,35.037499999999994,0.8793103448275862,2.0,2.0,0.0,0.0,0.0,5.125,5.25,2.375,2.5,0.125,3,2.0,2.0
2,2,2022/05/28,1新潟7,晴,7,3歳未勝利,,16,4,8,5.2,2,2,菱田裕二,56,芝1600,良,-1,1:35.4,0.1,81,14-14,34.8-36.5,35.3,450(+2),,,タイゲン,210.0,3,322.0,80.5,0.625,78.5,17,79,19.75,35.225,0.6984126984126984,14.0,14.0,12.0,12.0,0.0,14.0,15.75,8.25,10.0,1.75,3,2.0,1.25
3,3,2022/05/28,1新潟7,曇,5,3歳未勝利,,16,7,14,14.8,5,4,柴山雄一,54,芝1800,稍,-1,1:49.2,0.6,73,6-6,35.0-36.1,36.4,444(+4),,,ミクソロジー,78.0,4,180.0,36.0,1.04,68.0,21,117,23.4,35.86,0.559322033898305,6.0,6.0,2.0,2.0,0.0,6.8,5.8,0.6,-0.4,-1.0,3,1.0,1.0
4,4,2022/06/05,4中京2,晴,6,3歳未勝利,,16,5,10,27.8,7,5,小沢大仁,54,芝1600,良,-14,1:34.5,0.4,86,8-9-9,35.0-35.7,35.2,482(0),,,レディズビーク,52.0,5,52.0,52.0,0.4,86.0,6,6,6.0,35.2,0.7333333333333333,8.0,9.0,4.0,3.0,-1.0,9.0,8.0,4.0,3.0,-1.0,3,1.0,1.0
5,5,2022/06/04,4中京1,晴,7,3歳以上1勝クラス,,8,7,7,25.0,5,5,今村聖奈,50,芝2000,良,-18,2:00.4,0.8,87,6-4-4-5,36.7-34.2,34.4,448(-2),,,ゼッフィーロ,77.0,6,328.0,41.0,0.9500000000000001,71.5,-5,146,18.25,35.199999999999996,0.5982142857142857,6.0,5.0,0.0,1.0,1.0,7.625,8.375,1.0,1.75,0.75,3,2.0,1.25
6,6,2022/05/22,1新潟6,曇,2,3歳未勝利,,16,7,14,8.4,4,6,川又賢治,54,芝1400,良,-4,1:23.0,0.5,74,7-7,34.3-36.2,36.2,488(-2),,,メイショウイヌワシ,0.0,7,150.0,50.0,0.7666666666666666,73.33333333333333,22,70,23.333333333333332,36.166666666666664,0.6170212765957447,7.0,7.0,1.0,1.0,0.0,4.0,4.0,-3.0,-3.0,0.0,3,1.0,1.3333333333333333
7,7,2022/06/12,4中京4,晴,4,3歳未勝利,,15,5,9,4.0,3,5,松山弘平,54,芝1600,良,-19,1:34.5,1.3,82,14-12-10,34.7-35.4,35.6,420(-2),,出遅れ,ダイシンビヨンド,52.0,8,739.0,105.57142857142857,0.5857142857142857,75.57142857142857,6,132,18.857142857142858,35.15714285714286,0.7912087912087912,14.0,10.0,5.0,9.0,4.0,6.571428571428571,8.285714285714286,2.857142857142857,4.571428571428571,1.7142857142857142,3,1.0,1.4285714285714286
8,8,2022/05/14,3中京3,曇,4,3歳未勝利,,16,7,14,15.0,7,7,岩田望来,54,芝1600,重,-12,1:35.4,0.7,79,7-5-5,35.3-36.0,36.5,440(-4),,直線不利,ピラティス,0.0,9,310.0,77.5,0.75,71.5,15,81,20.25,36.425000000000004,0.5964912280701754,7.0,5.0,-2.0,0.0,2.0,4.25,4.25,-2.5,-2.5,0.0,3,1.0,1.5
9,9,2022/04/30,1福島5,晴,5,3歳未勝利,,16,5,9,39.3,11,10,古川吉洋,56,芝1200,重,6,1:11.4,0.7,72,14-14,34.5-36.2,35.7,460(+6),,出遅れ,グラストンベリー,0.0,10,0.0,0.0,1.2999999999999998,63.0,26,67,33.5,35.35,0.23333333333333334,14.0,14.0,4.0,4.0,0.0,13.5,13.5,1.0,1.0,0.0,3,1.0,1.0
10,10,2022/05/15,2東京8,曇,3,3歳未勝利,,11,5,5,9.0,5,6,池添謙一,56,芝2000,良,-15,2:02.0,1.0,76,8-3-3,37.5-34.9,35.4,498(+6),,出遅れ,サイモンバロン,0.0,11,357.0,51.0,1.0999999999999999,71.28571428571429,17,250,35.714285714285715,37.57142857142857,0.5866666666666667,8.0,3.0,-3.0,2.0,5.0,3.7142857142857144,6.0,-1.7142857142857142,0.5714285714285714,2.2857142857142856,3,1.0,1.1428571428571428
11,11,2022/05/28,3中京7,晴,3,3歳未勝利,,18,7,13,110.7,11,7,吉田隼人,54,芝1400,良,-14,1:22.0,1.6,77,15-15,34.5-34.4,34.5,448(-12),,出遅れ,マッドクール,0.0,13,0.0,0.0,1.366666666666667,73.66666666666667,9,65,21.666666666666668,35.46666666666667,0.44680851063829785,15.0,15.0,8.0,8.0,0.0,8.0,9.666666666666666,-1.6666666666666667,0.0,1.6666666666666667,3,1.0,1.0
12,12,2022/05/29,3中京8,晴,4,3歳未勝利,,16,3,6,398.1,13,3,鷲頭虎太,53,芝1600,良,-16,1:35.1,0.0,80,11-12-5,36.3-35.0,34.4,428(-10),,出遅れ,ポーカー,130.0,14,130.0,65.0,0.7,68.5,12,61,30.5,35.05,0.5,11.0,5.0,2.0,8.0,6.0,8.5,12.0,0.0,3.5,3.5,3,2.0,1.5
13,13,2022/06/05,4中京2,晴,6,3歳未勝利,,16,7,14,77.9,10,4,長岡禎仁,56,芝1600,良,-14,1:34.4,0.3,88,13-12-11,35.0-35.7,34.9,472(+2),,出遅れ,レディズビーク,78.0,15,148.0,37.0,1.15,69.0,5,95,23.75,36.849999999999994,0.5806451612903226,13.0,11.0,7.0,9.0,2.0,11.5,12.25,4.0,4.75,0.75,3,1.0,1.0
14,14,2022/05/12,笠松,雨,8,若鮎特別,,9,3,3,40.6,7,5,丸野勝虎,54,ダ1400,稍,15,1:32.0,1.3,50,7-7-7,0.0-40.2,39.5,424(+2),,,テーオーアラジン,3.1,16,3.1,1.0333333333333334,2.766666666666667,52.333333333333336,0,141,70.5,39.93333333333334,0.5,7.0,7.0,2.0,2.0,0.0,9.0,9.333333333333334,2.0,2.3333333333333335,0.3333333333333333,3,0.0,0.6666666666666666
15,15,2022/04/23,2阪神9,晴,5,3歳未勝利,,18,4,8,585.8,17,14,国分恭介,54,芝1400,良,-18,1:23.0,2.1,68,11-14,34.1-34.6,35.8,454(-10),,出遅れ,ハギノモーリス,0.0,17,0.0,0.0,2.2,62.0,20,43,21.5,35.75,0.29411764705882354,11.0,14.0,0.0,-3.0,-3.0,13.5,12.0,0.5,-1.0,-1.5,3,1.0,1.0
16,16,2022/03/27,2中京6,晴,1,3歳未勝利,,15,6,10,276.3,14,10,太宰啓介,54,ダ1800,不,-15,1:56.0,1.8,58,13-13-12-12,36.9-40.0,40.0,410(-6),,出遅れ,ドライゼ,0.0,18,0.0,0.0,1.9000000000000001,53.0,50,172,57.333333333333336,39.53333333333333,0.35135135135135137,13.0,12.0,2.0,3.0,1.0,10.0,11.0,1.0,2.0,1.0,3,1.0,1.0
17,17,2022/06/11,4中京3,曇,5,2歳新馬,,11,7,9,35.7,7,6,幸英明,54,芝1600,良,-19,1:36.0,1.3,67,10-8-8,35.9-35.0,35.4,462(0),,出遅れ,マラキナイア,0.0,1,0.0,0.0,1.3,67.0,21,21,21.0,35.4,0.5,10.0,8.0,2.0,4.0,2.0,8.0,10.0,2.0,4.0,2.0,2,1.0,1.0
18,18,2022/06/04,4中京1,晴,5,2歳新馬,,9,1,1,19.6,6,3,和田竜二,54,芝1600,良,-18,1:35.6,0.2,73,6-5-5,36.1-34.6,34.3,440(0),,出遅れ,ダイヤモンドハンズ,180.0,2,180.0,180.0,0.2,73.0,17,17,17.0,34.3,0.75,6.0,5.0,2.0,3.0,1.0,5.0,6.0,2.0,3.0,1.0,2,2.0,2.0
19,19,2022/06/05,3東京2,晴,5,2歳新馬,,12,7,9,4.9,3,3,武豊,54,芝1600,良,-19,1:37.6,0.7,55,5-6,38.4-33.3,33.6,490(0),,出遅れ,モリアーナ,180.0,3,180.0,180.0,0.7,55.0,37,37,37.0,33.6,0.8181818181818182,5.0,6.0,3.0,2.0,-1.0,6.0,5.0,3.0,2.0,-1.0,2,2.0,2.0
20,20,2022/06/11,4中京3,曇,5,2歳新馬,,11,3,3,45.0,8,4,松本大輝,52,芝1600,良,-19,1:35.3,0.6,75,5-6-5,35.9-35.0,35.0,470(0),,出遅れ,マラキナイア,110.0,4,110.0,110.0,0.6,75.0,14,14,14.0,35.0,0.7,5.0,5.0,1.0,1.0,0.0,5.0,5.0,1.0,1.0,0.0,2,1.0,1.0
21,21,2022/06/05,4中京2,晴,5,2歳新馬,,9,2,2,16.2,5,9,斎藤新,54,芝1400,良,-14,1:25.2,2.9,38,8-9,35.5-35.3,37.2,480(0),,出遅れ,ジョウショーホープ,0.0,5,0.0,0.0,2.9,38.0,41,41,41.0,37.2,0.0,8.0,9.0,0.0,-1.0,-1.0,9.0,8.0,0.0,-1.0,-1.0,2,1.0,1.0
22,22,2022/06/11,4中京3,曇,5,2歳新馬,,11,1,1,25.0,6,9,岩田望来,54,芝1600,良,-19,1:37.2,2.5,54,4-5-5,35.9-35.0,37.0,392(0),,出遅れ,マラキナイア,0.0,6,0.0,0.0,2.5,54.0,33,33,33.0,37.0,0.2,4.0,5.0,-4.0,-5.0,-1.0,5.0,4.0,-4.0,-5.0,-1.0,2,1.0,1.0
23,23,2022/06/05,4中京2,晴,5,2歳新馬,,9,7,7,62.6,8,5,川須栄彦,54,芝1400,良,-14,1:24.1,1.8,51,8-8,35.5-35.3,36.2,450(0),,出遅れ,ジョウショーホープ,70.0,7,70.0,70.0,1.8,51.0,30,30,30.0,36.2,0.5,8.0,8.0,3.0,3.0,0.0,8.0,8.0,3.0,3.0,0.0,2,1.0,1.0
24,24,2022/06/19,3阪神2,晴,5,2歳新馬,,14,4,5,140.3,14,14,小崎綾也,54,ダ1200,良,-6,1:17.9,4.0,11,9-11,36.1-37.8,40.6,398(0),,,ナイトキャッスル,0.0,8,0.0,0.0,4.0,11.0,72,72,72.0,40.6,0.0,9.0,11.0,-3.0,-5.0,-2.0,11.0,9.0,-3.0,-5.0,-2.0,2,1.0,1.0
25,25,2022/05/29,1新潟8,晴,11,三国特別(1勝クラス),,13,8,13,2.3,1,4,松本大輝,57,芝1600,良,-4,1:34.2,0.2,88,7-7,34.5-35.4,35.2,438(-10),,,マイネルダグラス,160.0,1,2297.6,153.17333333333332,0.4333333333333333,89.0,5,171,11.4,35.5,0.7414634146341463,7.0,7.0,3.0,3.0,0.0,4.733333333333333,4.8,0.2,0.26666666666666666,0.06666666666666667,4,2.0,2.2666666666666666
26,26,2022/05/21,3中京5,曇,9,メルボルンT(1勝クラス),,16,5,10,5.7,4,6,坂井瑠星,54,芝1200,良,-11,1:09.0,0.1,88,10-11,34.3-34.6,33.5,422(+4),,,ダテボレアス,0.0,2,1219.6,174.22857142857143,0.6714285714285715,80.0,8,110,15.714285714285714,34.41428571428572,0.6341463414634146,10.0,11.0,5.0,4.0,-1.0,9.571428571428571,9.0,4.285714285714286,3.7142857142857144,-0.5714285714285714,3,2.0,2.142857142857143
27,27,2022/05/28,3中京7,晴,6,3歳1勝クラス,,9,4,4,66.3,7,6,藤懸貴志,56,芝1600,良,-14,1:35.5,1.0,75,9-9-9,34.8-36.4,35.2,426(0),,,ロールアップ,0.0,3,700.0,116.66666666666667,0.85,76.83333333333333,16,110,18.333333333333332,35.03333333333333,0.4098360655737705,9.0,9.0,3.0,3.0,0.0,7.5,7.0,0.5,0.0,-0.5,3,2.0,2.0
28,28,2022/03/27,2中京6,晴,6,4歳以上1勝クラス,,14,7,12,32.2,6,10,鮫島克駿,57,ダ1800,不,-15,1:53.2,1.9,82,8-8-9-9,37.2-37.6,38.7,500(-6),,,セブンデイズ,0.0,4,1324.5,66.225,1.14,78.0,22,410,20.5,36.730000000000004,0.5040322580645161,8.0,9.0,-1.0,-2.0,-1.0,9.1,9.0,1.95,1.85,-0.1,5,2.0,2.05
29,29,2022/02/20,2小倉4,晴,7,4歳以上1勝クラス,,16,5,10,16.3,9,9,丸山元気,54,ダ1700,重,2,1:47.8,1.3,74,2-2-2-1,30.2-37.2,38.5,456(-4),,,バライロノキセキ,0.0,5,638.0,106.33333333333333,0.7666666666666666,75.16666666666667,38,164,27.333333333333332,37.5,0.6388888888888888,2.0,1.0,-8.0,-7.0,1.0,3.1666666666666665,3.1666666666666665,-2.1666666666666665,-2.1666666666666665,0.0,4,2.0,1.5
30,30,2022/02/05,1中京11,晴,10,エルフィンS(L),,10,7,8,15.2,5,6,川田将雅,54,芝1600,良,-3,1:34.7,0.7,96,5-2-2,35.5-34.9,35.4,462(-10),,,アルーリングウェイ,0.0,6,790.0,263.3333333333333,0.39999999999999997,86.0,8,38,12.666666666666666,35.03333333333333,0.7857142857142857,5.0,2.0,-4.0,-1.0,3.0,1.6666666666666667,2.6666666666666665,-1.3333333333333333,-0.3333333333333333,1.0,3,0.0,1.3333333333333333
31,31,2022/05/22,3中京6,晴,8,4歳以上1勝クラス,,14,4,5,234.3,13,3,服部寿希,52.0,芝1600,良,-14,1:34.6,0.5,85,6-8-9,35.1-35.1,35.1,454(+6),,,マイプレシャス,190.0,7,806.0,36.63636363636363,1.2772727272727273,67.5909090909091,7,348,21.75,36.71818181818182,0.44802867383512546,6.0,9.0,6.0,3.0,-3.0,7.5,6.818181818181818,-0.5,-1.1818181818181819,-0.6818181818181818,6,3.0,1.4545454545454546
32,32,2022/04/30,2東京3,晴,8,4歳以上1勝クラス,,14,5,8,12.7,4,5,吉田豊,57,ダ1600,重,-24,1:38.6,0.7,68,10-10,36.4-35.7,35.5,478(-4),,,ナイトフローリック,77.0,8,983.0,70.21428571428571,1.3285714285714285,74.57142857142857,0,366,30.5,37.57857142857143,0.5301204819277109,10.0,10.0,5.0,5.0,0.0,8.785714285714286,9.642857142857142,2.2142857142857144,3.0714285714285716,0.8571428571428571,5,2.0,1.9285714285714286
33,33,2022/04/05,園田,晴,10,C1,,9,6,6,5.3,4,1,吉村智洋,56,ダ1700,良,-7,1:54.5,0.0,35,3-3-3-3,0.0-38.6,38.4,498(0),,,(キクノダンカーク),110.0,9,1186.5,62.44736842105263,0.7789473684210526,52.10526315789474,0,215,26.875,39.199999999999996,0.6916299559471366,3.0,3.0,2.0,2.0,0.0,2.3157894736842106,2.736842105263158,-2.3684210526315788,-1.9473684210526316,0.42105263157894735,4,0.0,0.6842105263157895
34,34,2022/05/28,3中京7,晴,6,3歳1勝クラス,,9,7,7,3.2,2,3,横山典弘,56,芝1600,良,-14,1:34.6,0.1,85,4-4-5,34.8-36.4,34.8,464(-2),,,ロールアップ,190.0,10,2096.0,232.88888888888889,0.5888888888888889,84.44444444444444,7,84,9.333333333333334,34.43333333333333,0.5795454545454546,4.0,5.0,2.0,1.0,-1.0,8.777777777777779,8.777777777777779,3.6666666666666665,3.6666666666666665,0.0,3,3.0,3.6666666666666665
35,35,2022/06/11,4中京3,曇,9,春日井特別(1勝クラス),,11,8,10,122.0,10,10,城戸義政,57,芝2200,良,-19,2:16.4,4.2,59,3-4-3-3,34.6-35.7,39.6,460(-4),,,デビットバローズ,0.0,11,249.0,31.125,1.0875,40.5,17,82,41.0,39.2875,0.6538461538461539,3.0,3.0,-7.0,-7.0,0.0,5.375,7.125,1.0,2.75,1.75,4,2.0,0.375
36,36,2022/05/07,1新潟1,晴,11,谷川岳S(L),,11,6,7,3.0,1.0,1,三浦皇成,56,芝1600,良,-8,1:33.6,0.0,94,2-2,36.2-33.4,33.0,508(-4),,,(ベレヌス),2527.3,1,10878.6,679.9125,0.5125000000000001,91.125,0,125,7.8125,35.112500000000004,0.7333333333333333,2.0,2.0,1.0,1.0,0.0,2.5625,2.25,-1.6875,-2.0,-0.3125,5,0.0,4.0625
37,37,2022/04/02,3中山3,晴,11,ダービー卿チャレンジ(G3),,16,6,11,10.4,5.0,7,横山典弘,56,芝1600,良,-14,1:32.8,0.5,105,8-6-4,34.2-35.2,35.0,454(-12),,,タイムトゥヘヴン,0.0,2,14211.2,645.9636363636364,0.44999999999999996,98.04545454545455,-15,67,3.1904761904761907,34.81818181818182,0.7440273037542662,8.0,4.0,-3.0,1.0,4.0,4.454545454545454,4.363636363636363,0.045454545454545456,-0.045454545454545456,-0.09090909090909091,6,6.0,4.2727272727272725
38,38,2022/03/27,2阪神2,晴,11,六甲S(L),,18,4,7,13.1,6.0,14,藤岡佑介,54,芝1600,稍,-9,1:35.2,1.5,82,4-7,35.0-34.7,35.5,470(-6),,,エアロロノア,0.0,3,10126.9,632.93125,0.79375,95.125,10,69,4.3125,35.025000000000006,0.6228070175438597,4.0,7.0,-7.0,-10.0,-3.0,7.4375,7.25,1.0625,0.875,-0.1875,5,0.0,3.9375
39,39,2022/03/27,2阪神2,晴,11,六甲S(L),,18,1,1,50.6,12.0,9,西村淳也,57,芝1600,稍,-9,1:34.6,0.9,89,17-17,35.0-34.7,34.0,494(-2),,,エアロロノア,0.0,4,10878.099999999999,375.1068965517241,0.5689655172413793,96.0,4,113,3.896551724137931,34.43448275862068,0.6041131105398457,17.0,17.0,8.0,8.0,0.0,10.172413793103448,10.413793103448276,3.8620689655172415,4.103448275862069,0.2413793103448276,7,0.0,2.103448275862069
40,40,2022/04/24,2阪神10,曇,11,読売マイラーズC(G2),,15,5,9,6.0,3.0,11,松山弘平,56,芝1600,稍,-5,1:34.9,1.6,90,14-14,34.6-35.8,35.6,460(-4),,出遅れ,ソウルラッシュ,0.0,5,8860.0,590.6666666666666,0.31333333333333335,95.46666666666667,7,44,2.933333333333333,33.95333333333333,0.8155339805825242,14.0,14.0,3.0,3.0,0.0,10.8,10.8,7.266666666666667,7.266666666666667,0.0,5,7.0,3.0
41,41,2022/04/17,2阪神8,晴,10,ストークS(3勝クラス),,13,2,2,5.2,3.0,1,藤岡佑介,55,芝1600,良,-20,1:33.1,0.0,95,7-7,35.4-33.7,32.9,472(+10),,,(チュウワノキセキ),1870.1,6,6286.5,698.5,0.3222222222222222,92.55555555555556,-11,36,4.0,34.8111111111111,0.8072289156626506,7.0,7.0,6.0,6.0,0.0,5.888888888888889,6.333333333333333,3.111111111111111,3.5555555555555554,0.4444444444444444,4,5.0,2.888888888888889
42,42,2022/04/23,1福島3,晴,11,福島牝馬S(G3),,16,1,1,7.2,4.0,10,鮫島克駿,54,芝1800,良,-3,1:47.9,0.9,94,8-7-9-9,35.0-36.4,36.0,436(-2),,,アナザーリリック,0.0,7,6820.0,620.0,0.3,91.36363636363636,0,12,1.0909090909090908,34.73636363636364,0.8,8.0,9.0,-1.0,-2.0,-1.0,4.363636363636363,4.363636363636363,1.0,1.0,0.0,4,6.0,3.8181818181818183
43,43,2022/05/29,3中京8,晴,10.0,安土城S(L),,18,1.0,1,13.8,6.0,1,坂井瑠星,56,芝1400,良,-16.0,1:19.4,0.0,106.0,1-1,33.9-34.3,34.3,482(0),,,(ダディーズビビッド),2539.9,8,15601.500000000002,400.0384615384616,0.5128205128205129,98.25641025641026,-17,108,2.769230769230769,34.49487179487179,0.6297640653357531,1.0,1.0,0.0,0.0,0.0,8.435897435897436,8.256410256410257,2.2051282051282053,2.0256410256410255,-0.1794871794871795,7,0.0,2.41025641025641
44,44,2022/04/02,3中山3,晴,11,ダービー卿チャレンジ(G3),,16,4,8,5.6,2.0,4,三浦皇成,56,芝1600,良,-14,1:32.5,0.2,108,5-4-3,34.2-35.2,34.9,498(-4),,,タイムトゥヘヴン,620.0,9,6070.0,674.4444444444445,0.5777777777777778,93.77777777777777,-18,19,2.111111111111111,35.199999999999996,0.6614173228346457,5.0,3.0,-1.0,1.0,2.0,4.555555555555555,4.777777777777778,-1.2222222222222223,-1.0,0.2222222222222222,4,6.0,5.111111111111111
45,45,2022/05/21,2東京9,曇,11,メイS(OP),,13,5,6,6.6,4.0,2,松岡正海,52,芝1800,稍,-14,1:46.6,0.3,95,5-8-9,36.6-34.3,34.0,474(+6),,,カレンシュトラウス,968.0,10,6505.0,650.5,0.53,90.1,-3,85,8.5,35.04,0.7716535433070866,5.0,9.0,7.0,3.0,-4.0,6.0,6.1,2.1,2.2,0.1,4,6.0,3.9
46,46,2021/04/04,2阪神4,雨,11,大阪杯(G1),,13,3,3,202.0,12.0,7,和田竜二,57,芝2000,重,20,2:03.3,1.7,98,8-8-9-8,35.6-36.8,37.7,460(+4),,,レイパパレ,0.0,11,8434.7,301.23928571428576,0.4821428571428572,87.92857142857143,27,184,6.571428571428571,34.878571428571426,0.6245733788395904,8.0,8.0,1.0,1.0,0.0,5.892857142857143,6.214285714285714,0.9642857142857143,1.2857142857142858,0.32142857142857145,6,8.0,2.642857142857143
47,47,2022/05/14,2東京7,曇,11,京王杯スプリングC(G2),,12,1,1,38.6,10.0,11,三浦皇成,56,芝1400,良,-13,1:21.0,0.8,98,3-4,34.4-34.4,34.6,476(-4),,,メイケイエール,0.0,12,15969.599999999999,499.04999999999995,0.5281250000000002,97.875,0,20,0.625,34.51250000000001,0.5986696230598669,3.0,4.0,-7.0,-8.0,-1.0,6.4375,7.34375,-0.21875,0.6875,0.90625,6,7.0,4.71875
48,48,2022/05/29,3中京8,晴,10,安土城S(L),,18,2,3,126.7,16.0,11,高倉稜,54,芝1400,良,-16,1:20.5,1.1,94,13-12,33.9-34.3,34.2,444(0),,出遅れ,エントシャイデン,0.0,13,11786.599999999999,318.5567567567567,0.662162162162162,96.08108108108108,-6,288,7.783783783783784,34.748648648648654,0.5462184873949579,13.0,12.0,1.0,2.0,1.0,10.35135135135135,11.054054054054054,3.5135135135135136,4.216216216216216,0.7027027027027027,8,0.0,2.7837837837837838
49,49,2022/05/07,1新潟1,晴,11,谷川岳S(L),,11,8,11,16.4,7.0,5,岩田康誠,56,芝1600,良,-8,1:34.1,0.5,90,11-11,36.2-33.4,32.6,482(+6),,出脚鈍い,ウインカーネリアン,250.0,14,11114.8,411.6592592592592,0.6111111111111112,90.88888888888889,4,146,5.407407407407407,35.37407407407407,0.6619718309859155,11.0,11.0,6.0,6.0,0.0,5.62962962962963,6.777777777777778,1.0740740740740742,2.2222222222222223,1.1481481481481481,7,0.0,3.074074074074074
50,50,2022/05/14,2東京7,曇,11,京王杯スプリングC(G2),,12,5,5,45.9,11.0,12,松若風馬,54,芝1400,良,-13,1:21.1,0.9,98,8-7,34.4-34.4,34.3,490(+2),,出遅れ,メイケイエール,0.0,15,9377.6,493.5578947368421,0.9,89.94736842105263,1,92,5.75,35.74736842105263,0.6170212765957447,8.0,7.0,-5.0,-4.0,1.0,4.0,4.0,-1.736842105263158,-1.736842105263158,0.0,5,7.0,4.894736842105263
51,51,2022/05/15,3中京4,曇,11,栗東S(L),,16,4,7,61.4,15.0,16,古川吉洋,56,ダ1400,稍,-16,1:25.9,2.9,66,4-4,33.7-37.4,40.0,504(-6),,,レディバグ,0.0,16,10892.4,544.62,1.2600000000000002,90.15,21,211,10.55,36.199999999999996,0.5109489051094891,4.0,4.0,-12.0,-12.0,0.0,2.05,1.8,-5.65,-5.9,-0.25,7,0.0,1.6
52,52,2022/04/02,2阪神3,晴,4,3歳未勝利,,18,8,16,6.5,3,4,和田竜二,56,芝1800,良,-15,1:47.5,0.2,83,6-4,35.8-34.4,34.3,462(-4),,,ラリベラ,78.0,1,568.0,189.33333333333334,0.10000000000000002,75.0,10,53,17.666666666666668,34.86666666666667,0.8913043478260869,6.0,4.0,0.0,2.0,2.0,5.333333333333333,6.666666666666667,2.6666666666666665,4.0,1.3333333333333333,3,1.0,1.6666666666666667
53,53,2022/04/02,2阪神3,晴,3,3歳未勝利,,16,7,14,11.8,6,9,武豊,56,ダ1200,良,-7,1:14.6,1.3,55,12-12,36.1-37.2,37.3,500(+4),,,スリードレフォン,0.0,2,0.0,0.0,1.85,62.0,39,129,32.25,36.825,0.509090909090909,12.0,12.0,3.0,3.0,0.0,9.5,8.25,1.75,0.5,-1.25,3,1.0,1.0
54,54,2022/04/17,2阪神8,晴,1,3歳未勝利,,16,4,8,24.5,6,15,国分優作,54,ダ1800,良,-6,1:59.1,3.8,37,7-6-6-6,37.1-39.5,42.7,476(0),,,ラピドゥス,0.0,3,110.0,36.666666666666664,2.6,52.0,77,170,56.666666666666664,40.06666666666667,0.3695652173913043,7.0,6.0,-9.0,-8.0,1.0,6.333333333333333,6.0,-4.333333333333333,-4.666666666666667,-0.3333333333333333,3,1.0,1.0
55,55,2022/04/09,2阪神5,晴,4,3歳未勝利,,16,2,3,7.1,3,7,川須栄彦,56,芝2000,良,-18,2:02.8,0.8,67,11-11-12-14,36.4-35.0,34.9,534(0),,,モーダルジャズ,0.0,4,0.0,0.0,1.1,69.0,22,45,22.5,35.9,0.5625,11.0,14.0,7.0,4.0,-3.0,8.0,6.5,0.0,-1.5,-1.5,3,1.0,1.0
56,56,2022/02/26,1阪神5,晴,3,3歳未勝利,,13,5,6,168.0,10,8,服部寿希,53,ダ1400,良,0,1:28.5,2.4,53,8-9,34.8-38.8,40.1,468(+4),,,アランチャータ,0.0,5,15.0,2.5,2.4999999999999996,47.666666666666664,49,252,50.4,39.65,0.30434782608695654,8.0,9.0,1.0,0.0,-1.0,7.5,6.166666666666667,-1.5,-2.8333333333333335,-1.3333333333333333,3,1.0,0.8333333333333334
57,57,2022/04/17,2阪神8,晴,3,3歳未勝利,,17,5,9,75.1,9,4,藤懸貴志,54,芝1600,良,-20,1:34.8,0.6,79,2-2,36.3-33.5,34.0,484(-2),,,ヴァモスロード,78.0,6,258.0,51.6,1.0799999999999998,74.6,6,135,27.0,36.7,0.6351351351351351,2.0,2.0,-2.0,-2.0,0.0,6.8,7.4,0.4,1.0,0.6,3,1.0,1.2
58,58,2022/04/10,2阪神6,晴,4,3歳未勝利,,18,5,9,3.8,1,5,坂井瑠星,56,芝1400,良,-19,1:21.7,0.5,82,12-12,34.1-35.2,34.9,468(+6),,,トラーパニ,52.0,7,739.0,123.16666666666667,0.4333333333333334,79.33333333333333,7,78,13.0,34.8,0.8131868131868132,12.0,12.0,7.0,7.0,0.0,10.0,11.5,6.166666666666667,7.666666666666667,1.5,3,1.0,1.5
59,59,2022/03/05,1阪神7,晴,5,3歳未勝利,,18,5,9,351.1,16,10,城戸義政,56,芝1600,良,-13,1:35.2,1.9,78,11-14,34.4-35.1,35.4,466(0),,出遅れ,サンクフィーユ,0.0,8,0.0,0.0,1.9,78.0,10,10,10.0,35.4,0.47058823529411764,11.0,14.0,4.0,1.0,-3.0,14.0,11.0,4.0,1.0,-3.0,3,1.0,1.0
60,60,2022/04/23,2阪神9,晴,2,3歳未勝利,,12,8,11,86.8,6,10,国分恭介,56,ダ1800,良,-6,1:57.3,3.6,54,4-4-3-4,38.2-37.1,40.4,482(0),,,ソクラテス,0.0,9,52.0,5.777777777777778,2.5,56.22222222222222,59,389,43.22222222222222,38.32222222222222,0.32710280373831774,4.0,4.0,-6.0,-6.0,0.0,5.555555555555555,5.0,-3.4444444444444446,-4.0,-0.5555555555555556,3,1.0,1.1111111111111112
61,61,2022/04/16,2阪神7,晴,1,3歳未勝利,,16,6,12,13.7,4,12,福永祐一,54,ダ1400,稍,-2,1:28.2,2.9,54,12-13,34.9-38.6,39.8,454(+4),,,ビーストアタック,0.0,10,161.0,40.25,1.325,69.25,46,96,24.0,36.55,0.576271186440678,12.0,13.0,1.0,0.0,-1.0,10.25,11.0,3.0,3.75,0.75,3,1.0,1.0
62,62,2021/12/19,6中京6,曇,5,2歳新馬,,18,7,13,38.4,7,17,斎藤新,55,芝1400,良,-3,1:26.2,2.9,36,16-17,35.7-35.4,35.9,442(0),,出遅れ,モズゴールドバレル,0.0,11,0.0,0.0,2.9,36.0,51,51,51.0,35.9,0.058823529411764705,16.0,17.0,0.0,-1.0,-1.0,17.0,16.0,0.0,-1.0,-1.0,3,1.0,1.0
63,63,2022/02/26,2小倉5,晴,5,3歳未勝利,,16,3,6,7.7,3,14,菱田裕二,54,芝1800,良,-4,1:53.7,3.9,34,14-14-13-13,37.6-35.0,37.5,432(+4),,,ゴールドエクリプス,0.0,12,457.0,91.4,1.2,66.2,63,160,32.0,35.88,0.5,14.0,13.0,-1.0,0.0,1.0,8.8,9.0,2.0,2.2,0.2,3,1.0,1.4
64,64,2022/03/27,2阪神2,晴,6,3歳未勝利,,17,7,14,116.5,10,13,富田暁,54,芝1600,稍,-9,1:37.0,1.8,63,3-3,35.5-35.2,36.8,446(0),,,ムーンリットナイト,0.0,13,52.0,10.4,1.44,66.4,28,127,25.4,36.67999999999999,0.4126984126984127,3.0,3.0,-10.0,-10.0,0.0,4.8,5.2,-3.6,-3.2,0.4,3,1.0,1.0
65,65,2022/04/02,2阪神3,晴,4,3歳未勝利,,18,7,13,65.4,10.0,17,角田大河,51,芝1800,良,-15,1:50.9,3.6,52,2-6,35.8-34.4,37.4,496(0),,,ラリベラ,0.0,14,280.0,93.33333333333333,2.6333333333333333,48.666666666666664,44,136,45.333333333333336,39.166666666666664,0.3541666666666667,2.0,6.0,-11.0,-15.0,-4.0,5.0,2.0,-6.333333333333333,-9.333333333333334,-3.0,3,1.0,1.3333333333333333
66,66,2022/01/23,1中京8,曇,6,3歳新馬,,16,7,13,313.6,16,16,酒井学,54,芝1600,良,-2,1:39.7,2.3,47,15-14-14,36.5-35.1,36.5,424(0),,出遅れ,キタサンシュガー,0.0,15,0.0,0.0,2.3,47.0,58,58,58.0,36.5,0.0,15.0,14.0,-2.0,-1.0,1.0,14.0,15.0,-2.0,-1.0,1.0,3,1.0,1.0
67,67,2022/04/17,2阪神8,晴,3,3歳未勝利,,17,1,1,320.8,15,7,酒井学,54,芝1600,良,-20,1:35.4,1.2,72,7-8,36.3-33.5,34.1,436(-2),,,ヴァモスロード,0.0,16,0.0,0.0,1.2,60.5,12,42,21.0,34.7,0.3939393939393939,7.0,8.0,1.0,0.0,-1.0,9.5,10.0,-1.5,-1.0,0.5,3,1.0,1.0
68,68,2021/09/11,5中京1,曇,4,2歳新馬,,10,8,9,125.3,8,8,松若風馬,54,芝1600,良,-15,1:40.6,1.6,36,8-7-7,39.4-33.4,34.4,418(0),,出遅れ,ナミュール,0.0,17,0.0,0.0,1.6,36.0,67,67,67.0,34.4,0.2222222222222222,8.0,7.0,-1.0,0.0,1.0,7.0,8.0,-1.0,0.0,1.0,3,1.0,1.0
69,69,2022/02/13,1阪神2,小雨,5,3歳未勝利,,13,7,11,4.0,2,5,藤岡康太,54,芝1600,良,-13,1:36.0,0.6,74,7-7,36.9-33.2,33.4,456(+2),,,ディオ,52.0,1,542.0,180.66666666666666,0.43333333333333335,80.66666666666667,18,38,12.666666666666666,33.833333333333336,0.8461538461538461,7.0,7.0,2.0,2.0,0.0,10.0,9.666666666666666,7.0,6.666666666666667,-0.3333333333333333,3,1.0,1.6666666666666667
70,70,2022/04/03,2阪神4,曇,2,3歳未勝利,,16,7,14,7.0,4,3,横山典弘,54,ダ1400,良,-4,1:27.4,0.6,62,3-3,36.0-37.9,38.2,440(-4),,,ワックスリリカル,130.0,2,130.0,43.333333333333336,0.9333333333333332,68.33333333333333,38,98,32.666666666666664,36.900000000000006,0.6410256410256411,3.0,3.0,0.0,0.0,0.0,5.666666666666667,5.666666666666667,0.0,0.0,0.0,3,2.0,1.3333333333333333
71,71,2022/02/26,1阪神5,晴,4,3歳未勝利,,18,1,2,3.4,2,2,古川奈穂,50,芝1600,良,-13,1:34.6,0.3,85,13-9,34.5-35.8,35.3,450(+6),,S不利,プルサティーラ,210.0,3,1122.0,160.28571428571428,0.2857142857142857,79.42857142857143,4,137,19.571428571428573,35.342857142857135,0.8494623655913979,13.0,9.0,7.0,11.0,4.0,7.285714285714286,7.571428571428571,4.285714285714286,4.571428571428571,0.2857142857142857,3,2.0,1.7142857142857142
72,72,2022/01/15,1中京5,曇,5,3歳未勝利,,18,8,16,14.6,5,12,団野大成,54,芝1400,良,-6,1:23.2,1.6,70,12-12,33.9-35.9,36.4,438(-10),,出遅れ,ショウナンハクラク,0.0,4,110.0,55.0,0.9500000000000001,76.5,21,29,14.5,35.65,0.5625,12.0,12.0,0.0,0.0,0.0,6.5,6.5,-1.5,-1.5,0.0,3,1.0,1.0
73,73,2022/01/22,1小倉3,晴,6,3歳未勝利,,14,5,8,9.8,5,11,坂井瑠星,54,芝2000,良,-10,2:02.6,2.2,66,6-9-7-9,35.5-35.7,37.2,438(-2),,,サクセスドレーク,0.0,6,70.0,35.0,1.4500000000000002,71.5,26,42,21.0,35.75,0.5172413793103449,6.0,9.0,-2.0,-5.0,-3.0,9.5,7.0,1.5,-1.0,-2.5,3,1.0,1.0
74,74,2022/02/06,1中京12,曇,6,3歳新馬,,16,2,3,29.2,9,14,小崎綾也,54,芝1600,稍,-1,1:39.5,2.7,51,12-14-14,37.5-35.0,36.5,484(0),,出遅れ,ゼッフィーロ,0.0,7,0.0,0.0,2.7,51.0,56,56,56.0,36.5,0.13333333333333333,12.0,14.0,0.0,-2.0,-2.0,14.0,12.0,0.0,-2.0,-2.0,3,1.0,1.0
75,75,2022/03/27,2阪神2,晴,6,3歳未勝利,,17,4,7,27.2,5,4,松若風馬,54,芝1600,稍,-9,1:35.7,0.5,77,6-5,35.5-35.2,35.4,444(0),,,ムーンリットナイト,78.0,8,156.0,39.0,0.475,68.5,15,111,27.75,34.55,0.6949152542372882,6.0,5.0,1.0,2.0,1.0,9.25,8.0,3.75,2.5,-1.25,3,1.0,1.0
76,76,2022/03/12,2中京1,晴,5,3歳未勝利,,14,5,7,2.7,1,5,吉田隼人,54,芝2200,良,-14,2:15.5,1.2,74,6-6-6-4,35.7-35.0,35.8,438(0),,,レッドバリエンテ,52.0,9,202.0,101.0,0.65,72.0,8,32,16.0,35.3,0.7692307692307693,6.0,4.0,-1.0,1.0,2.0,7.0,8.0,3.0,4.0,1.0,3,1.0,1.5
77,77,2021/12/11,6阪神3,晴,7,2歳新馬,,10,2,2,3.6,2,5,幸英明,54,ダ1400,良,-1,1:29.3,1.8,42,4-5,35.7-39.1,40.5,436(0),,,ピジョンブラッド,70.0,10,70.0,70.0,1.8,42.0,57,57,57.0,40.5,0.5555555555555556,4.0,5.0,0.0,-1.0,-1.0,5.0,4.0,0.0,-1.0,-1.0,3,1.0,1.0
78,78,2022/01/30,1小倉6,曇,5,3歳新馬,,18,8,18,15.8,7,12,浜中俊,54,芝1200,良,-9,1:11.1,1.1,51,11-11,34.9-35.1,35.5,446(0),,,サンダビューク,0.0,11,0.0,0.0,1.1,51.0,29,29,29.0,35.5,0.35294117647058826,11.0,11.0,-1.0,-1.0,0.0,11.0,11.0,-1.0,-1.0,0.0,3,1.0,1.0
79,79,2022/03/26,2中京5,小雨,4,3歳未勝利,,18,4,7,29.7,7,5,西村淳也,54,芝1400,良,-13,1:21.8,0.8,80,3-3,34.5-34.9,35.4,428(+8),,,サトノレギオン,52.0,12,332.0,110.66666666666667,0.6333333333333334,74.0,7,59,19.666666666666668,34.9,0.7317073170731707,3.0,3.0,-2.0,-2.0,0.0,5.333333333333333,4.0,0.6666666666666666,-0.6666666666666666,-1.3333333333333333,3,1.0,1.3333333333333333
80,80,2022/02/20,1阪神4,晴,2,3歳未勝利,,15,8,15,87.4,12,14,藤岡佑介,54,ダ1400,稍,7,1:31.6,4.8,23,10-12,34.5-39.9,43.7,432(-2),,,クレスケンスルーナ,0.0,15,0.0,0.0,3.3,45.5,80,103,51.5,39.35,0.1724137931034483,10.0,12.0,-2.0,-4.0,-2.0,13.5,12.0,0.5,-1.0,-1.5,3,1.0,1.0
81,81,2022/03/06,1阪神8,晴,1,3歳未勝利,,16,5,10,118.4,11,11,藤井勘一,54,ダ1400,良,1,1:29.2,2.6,46,11-11,35.5-38.7,39.6,452(0),,出遅れ,デルマセドナ,0.0,16,0.0,0.0,2.6,46.0,56,56,56.0,39.6,0.3333333333333333,11.0,11.0,0.0,0.0,0.0,11.0,11.0,0.0,0.0,0.0,3,1.0,1.0
82,82,2022/02/19,1阪神3,小雨,8,4歳以上1勝クラス,,12,4,4,13.4,6,8,太宰啓介,57,芝1600,良,-10,1:35.1,0.3,85,7-8,36.8-34.1,33.9,468(+2),,,ショウナンアレス,0.0,1,1400.0,140.0,0.43999999999999995,87.6,9,60,6.0,34.529999999999994,0.7226890756302521,7.0,8.0,0.0,-1.0,-1.0,6.9,6.9,2.6,2.6,0.0,4,2.0,1.9
83,83,2022/03/06,1阪神8,晴,7,4歳以上1勝クラス,,16,4,7,8.5,6,4,大久保友,52,芝1600,良,-16,1:34.0,0.7,88,10-11,34.5-35.3,34.9,424(-6),,出遅れ,ジュノー,120.0,2,1910.7,173.70000000000002,0.30000000000000004,89.9090909090909,-1,76,6.909090909090909,34.92727272727273,0.7987012987012987,10.0,11.0,7.0,6.0,-1.0,8.090909090909092,8.272727272727273,4.2727272727272725,4.454545454545454,0.18181818181818182,5,2.0,2.272727272727273
84,84,2022/04/02,2阪神3,晴,6,4歳以上1勝クラス,,17,2,3,8.1,3,2,和田竜二,55,芝1400,良,-15,1:21.4,0.4,91,5-6,34.5-35.0,34.9,456(+6),,出遅れ,メイショウホシアイ,310.0,3,1086.0,155.14285714285714,0.7000000000000001,85.85714285714286,4,65,9.285714285714286,34.82857142857142,0.6136363636363636,5.0,6.0,4.0,3.0,-1.0,4.428571428571429,3.5714285714285716,-1.4285714285714286,-2.2857142857142856,-0.8571428571428571,4,3.0,2.857142857142857
85,85,2022/04/02,2阪神3,晴,6,4歳以上1勝クラス,,17,5,9,43.3,8,10,角田大河,52,芝1400,良,-15,1:22.0,1.0,83,14-13,34.5-35.0,34.8,470(+2),,,メイショウホシアイ,0.0,4,1518.0,69.0,0.9227272727272726,82.36363636363636,10,394,17.90909090909091,35.80454545454546,0.6190476190476191,14.0,13.0,3.0,4.0,1.0,6.818181818181818,6.818181818181818,0.36363636363636365,0.36363636363636365,0.0,6,2.0,1.7272727272727273
86,86,2021/07/10,3小倉3,曇,8,3歳以上1勝クラス,,14,7,12,3.1,1,4,岩田望来,52,ダ1700,重,-26,1:43.1,0.3,90,12-11-10-8,29.8-36.8,36.4,496(+2),,出遅れ,スマートパルフェ,110.0,5,810.0,202.5,0.425,82.75,-9,49,12.25,37.125,0.8103448275862069,12.0,8.0,4.0,8.0,4.0,6.5,14.0,2.75,10.25,7.5,4,2.0,2.0
87,87,2021/12/14,園田,晴,3,C3一,,10,7,8,2.9,2,1,吉村智洋,56,ダ1400,良,2,1:34.0,0.0,29,2-2-1-1,0.0-41.8,41.7,496(-6),,,(ロジプリン),50.0,6,254.8,15.925,0.86875,39.4375,0,55,18.333333333333332,39.893750000000004,0.625,2.0,1.0,0.0,1.0,1.0,4.0625,4.6875,-0.875,-0.25,0.625,5,0.0,0.1875
88,88,2022/02/06,1小倉8,晴,9,波佐見特別(1勝クラス),,16,4,7,38.2,9,15,荻野極,56,芝1800,良,5,1:49.0,1.2,85,14-11-11-12,35.5-36.5,35.9,492(-2),,出遅れ,イザニコス,0.0,7,542.0,90.33333333333333,0.9333333333333332,74.0,16,34,5.666666666666667,36.13333333333333,0.4857142857142857,14.0,12.0,-3.0,-1.0,2.0,5.166666666666667,6.5,-1.8333333333333333,-0.5,1.3333333333333333,4,2.0,1.6666666666666667
89,89,2021/10/23,4阪神5,晴,8,3歳以上1勝クラス,,15,3,5,19.4,8,12,酒井学,55,芝1600,良,-13,1:35.8,0.9,83,5-4,37.1-33.6,34.2,456(+2),,,サマートゥリスト,0.0,8,810.0,135.0,0.7166666666666668,88.66666666666667,16,48,8.0,34.51666666666667,0.4084507042253521,5.0,4.0,-8.0,-7.0,1.0,7.166666666666667,7.166666666666667,-0.8333333333333334,-0.8333333333333334,0.0,4,2.0,2.6666666666666665
90,90,2022/04/02,2阪神3,晴,6,4歳以上1勝クラス,,17,5,10,269.2,16,16,富田暁,57,芝1400,良,-15,1:22.9,1.9,72,2-2,34.5-35.0,36.8,500(+8),,,メイショウホシアイ,0.0,9,1144.6,81.75714285714285,2.192857142857143,64.71428571428571,19,521,37.214285714285715,37.67142857142858,0.41420118343195267,2.0,2.0,-14.0,-14.0,0.0,5.0,4.0,-3.0714285714285716,-4.071428571428571,-1.0,5,2.0,1.7857142857142858
91,91,2022/04/02,2阪神3,晴,6,4歳以上1勝クラス,,17,4,8,184.9,14,8,服部寿希,52.0,芝1400,良,-15,1:21.8,0.8,85,10-10,34.5-35.0,34.8,444(+6),,,メイショウホシアイ,0.0,10,616.0,30.8,1.295,66.25,8,321,22.928571428571427,36.839999999999996,0.43478260869565216,10.0,10.0,2.0,2.0,0.0,7.3,6.85,-0.85,-1.3,-0.45,6,2.0,1.35
92,92,2022/03/21,2中京4,晴,7,4歳以上1勝クラス,,16,6,11,241.3,13,8,泉谷楓真,54,芝1600,良,-5,1:35.9,0.5,81,11-12-12,36.1-35.1,34.4,464(+6),,,ヴィアルークス,0.0,11,1892.0,54.05714285714286,1.057142857142857,77.6,20,768,21.942857142857143,36.93142857142856,0.5246252676659529,11.0,12.0,4.0,3.0,-1.0,7.628571428571429,7.428571428571429,0.2857142857142857,0.08571428571428572,-0.2,6,2.0,1.8285714285714285
93,93,2022/04/02,2阪神3,晴,6,4歳以上1勝クラス,,17,2,4,5.3,2,3,鮫島克駿,57,芝1400,良,-15,1:21.4,0.4,91,7-7,34.5-35.0,34.7,480(-2),,出遅れ,メイショウホシアイ,190.0,12,1845.0,141.92307692307693,0.4923076923076923,87.0,4,101,7.769230769230769,35.223076923076924,0.66875,7.0,7.0,4.0,4.0,0.0,4.076923076923077,4.0,-1.0,-1.0769230769230769,-0.07692307692307693,4,3.0,2.5384615384615383
94,94,2022/04/02,2阪神3,晴,6,4歳以上1勝クラス,,17,1,1,25.2,7,4,小沢大仁,55,芝1400,良,-15,1:21.5,0.5,90,7-8,34.5-35.0,34.8,494(+6),,出遅れ,メイショウホシアイ,120.0,13,1233.0,61.65,0.9700000000000001,81.0,5,308,15.4,35.519999999999996,0.5068493150684932,7.0,8.0,4.0,3.0,-1.0,6.5,6.35,-1.7,-1.85,-0.15,5,2.0,2.55
95,95,2022/02/06,1小倉8,晴,9,波佐見特別(1勝クラス),,16,3,6,20.7,8.0,12,藤岡康太,56,芝1800,良,5,1:48.6,0.8,89,15-15-11-11,35.5-36.5,35.5,500(0),,直線不利,イザニコス,0.0,14,1190.0,99.16666666666667,0.6416666666666666,83.33333333333333,12,158,13.166666666666666,35.391666666666666,0.61875,15.0,11.0,-1.0,3.0,4.0,6.5,7.333333333333333,0.4166666666666667,1.25,0.8333333333333334,4,2.0,1.8333333333333333
96,96,2022/03/27,3中山2,曇,10,春興S(3勝クラス),,16,4,8,2.2,1,1,浜中俊,56,芝1600,重,-1,1:34.1,0.0,104,5-3-2,34.9-36.1,35.8,500(+6),,,(ウインシャーロット),1875.7,1,5130.7,570.0777777777778,0.39999999999999997,90.77777777777777,-1,39,4.875,35.544444444444444,0.8018018018018018,5.0,2.0,1.0,4.0,3.0,5.444444444444445,5.333333333333333,2.0,1.8888888888888888,-0.1111111111111111,4,5.0,2.6666666666666665
97,97,2022/02/06,1東京4,曇,11,東京新聞杯(G3),,15,7,13,4.9,3,12,坂井瑠星,57,芝1600,良,-12,1:33.8,1.5,95,5-5,34.7-34.3,35.3,510(-2),,,イルーシヴパンサー,0.0,2,13327.8,1211.6181818181817,0.43636363636363645,97.63636363636364,0,11,1.0,34.9,0.75,5.0,5.0,-7.0,-7.0,0.0,2.727272727272727,2.8181818181818183,-1.5454545454545454,-1.4545454545454546,0.09090909090909091,4,6.0,6.454545454545454
98,98,2022/03/27,2阪神2,晴,11,六甲S(L),,18,5,10,5.4,2,2,吉田隼人,57,芝1600,稍,-9,1:33.9,0.2,96,4-5,35.0-34.7,34.5,470(0),,,エアロロノア,1011.6,3,13342.999999999998,833.9374999999999,0.3375,93.3125,-3,38,2.375,35.0,0.8153846153846154,4.0,5.0,3.0,2.0,-1.0,3.8125,5.625,0.5625,2.375,1.8125,5,0.0,3.5625
99,99,2022/02/12,1阪神1,晴,11,洛陽S(L),,17,7,13,34.0,10,16,酒井学,56,芝1600,良,-19.0,1:34.0,2.1,85.0,3-3,35.1-34.1,36.0,530(+4),,,エアファンディタ,0.0,4,21407.8,403.9207547169811,0.6490566037735851,94.86792452830188,-1,212,4.0,34.97735849056604,0.5366218236173393,3.0,3.0,-13.0,-13.0,0.0,4.886792452830188,4.226415094339623,-1.9622641509433962,-2.6226415094339623,-0.660377358490566,10,0.0,2.7169811320754715
100,100,2022/03/27,2阪神2,晴,11,六甲S(L),,18,6,12,6.7,4,1,幸英明,57,芝1600,稍,-9,1:33.7,0.0,98,10-7,35.0-34.7,34.0,500(-6),,,(ファルコニア),2540.6,5,11225.8,701.6125,0.2125,96.75,-5,22,1.375,34.237500000000004,0.8518518518518519,10.0,7.0,6.0,9.0,3.0,6.6875,7.25,3.6875,4.25,0.5625,5,0.0,2.5625
101,101,2022/03/27,2阪神2,晴,11,六甲S(L),,18,8,16,5.9,3,7,中井裕二,56,芝1600,稍,-9,1:34.4,0.7,91,3-3,35.0-34.7,35.2,492(+14),,,エアロロノア,0.0,6,6437.200000000001,1072.8666666666668,0.3833333333333333,96.5,2,-2,-0.3333333333333333,35.333333333333336,0.8,3.0,3.0,-4.0,-4.0,0.0,4.166666666666667,5.0,0.5,1.3333333333333333,0.8333333333333334,4,0.0,4.833333333333333
102,102,2022/02/27,2中山2,晴,11,中山記念(G2),,16,6,11,6.7,4,2,菅原明良,56,芝1800,良,-6,1:46.8,0.4,108,11-11-10-9,35.2-37.3,36.0,534(0),,,パンサラッサ,2732.4,7,17111.7,590.0586206896552,1.006896551724138,83.55172413793103,-17,467,16.678571428571427,36.16206896551724,0.5549738219895288,11.0,9.0,7.0,9.0,2.0,6.620689655172414,6.068965517241379,-0.2413793103448276,-0.7931034482758621,-0.5517241379310345,6,8.0,3.1379310344827585
103,103,2022/04/03,2阪神4,曇,10,心斎橋S(3勝クラス),,15,7,12,21.4,10,1,松田大作,57,芝1400,良,-10,1:20.3,0.0,109,15-14,34.1-35.0,33.3,446(+12),,出遅れ,(ソウルトレイン),1872.2,8,5140.6,571.1777777777778,0.7888888888888889,92.11111111111111,-7,77,8.555555555555555,35.233333333333334,0.5984848484848485,15.0,14.0,13.0,14.0,1.0,7.555555555555555,8.0,0.6666666666666666,1.1111111111111112,0.4444444444444444,4,5.0,5.888888888888889
104,104,2022/02/20,2小倉4,晴,11,小倉大賞典(G3),,16,7,13,45.0,12,10,荻野極,57.0,芝1800,稍,23,1:50.1,0.9,92,9-9-8-8,37.1-36.2,36.3,494(+14),,アオル,アリーヴォ,0.0,9,21837.6,808.8,0.4962962962962962,101.0,27,191,7.346153846153846,35.0,0.6821917808219178,9.0,8.0,-2.0,-1.0,1.0,8.481481481481481,9.037037037037036,3.185185185185185,3.740740740740741,0.5555555555555556,8,6.0,4.962962962962963
105,105,2022/01/30,1中京10,曇,11,シルクロードS(G3),,18,6,11,113.2,14,12,藤井勘一,53.0,芝1200,良,-10,1:08.9,0.8,90,18-17,33.6-34.5,33.7,470(+2),,,メイケイエール,0.0,10,15701.4,280.38214285714287,0.5107142857142858,97.75,7,236,4.290909090909091,34.28214285714285,0.6316489361702128,18.0,17.0,5.0,6.0,1.0,8.803571428571429,8.946428571428571,2.857142857142857,3.0,0.14285714285714285,9,6.0,1.5357142857142858
106,106,2022/02/12,1阪神1,晴,11,洛陽S(L),,17,3,6,4.6,2.0,1,福永祐一,55,芝1600,良,-19,1:31.9,0.0,107,11-10,35.1-34.1,33.3,464(+8),,,(ダーリントンホール),2537.1,11,8860.0,632.8571428571429,0.22142857142857145,95.85714285714286,-23,37,2.642857142857143,33.83571428571428,0.8541666666666666,11.0,10.0,9.0,10.0,1.0,10.571428571428571,10.571428571428571,7.571428571428571,7.571428571428571,0.0,5,0.0,2.7142857142857144
107,107,2022/01/05,1中京1,晴,11,スポニチ賞京都金杯(G3),,16,3,6,7.8,4,10,武豊,57,芝1600,良,-10,1:33.6,0.7,101,16-15-15,34.1-35.1,34.7,518(0),,出遅れ,ザダル,0.0,12,10789.699999999999,899.1416666666665,0.2833333333333333,98.75,-3,49,4.083333333333333,34.75,0.7839506172839507,16.0,15.0,5.0,6.0,1.0,5.416666666666667,5.75,1.5,1.8333333333333333,0.3333333333333333,6,6.0,3.4166666666666665
108,108,2022/02/20,1東京8,小雨,11,フェブラリーS(G1),,16,1,2,42.8,13,15,三浦皇成,57.0,ダ1600,重,-21,1:35.7,1.9,99,5-6,34.5-34.6,36.0,504(+4),,,カフェファラオ,0.0,13,29113.6,856.2823529411764,0.5911764705882351,102.23529411764706,0,-108,-3.375,34.84411764705882,0.6135371179039302,5.0,6.0,-9.0,-10.0,-1.0,4.411764705882353,3.7941176470588234,-1.7941176470588236,-2.411764705882353,-0.6176470588235294,8,8.0,5.647058823529412
109,109,2022/01/05,1中山1,晴,11,日刊スポ賞中山金杯(G3),,17,3,6,4.2,3,13,池添謙一,56,芝2000,良,-5,2:01.3,1.2,93,5-6-8-6,37.6-35.9,36.3,482(+8),,S接触,レッドガラン,0.0,14,8260.0,1032.5,0.8750000000000001,92.625,1,69,8.625,35.574999999999996,0.5727272727272728,5.0,6.0,-7.0,-8.0,-1.0,6.875,6.875,0.0,0.0,0.0,4,6.0,6.75
110,110,2022/02/06,1東京4,曇,11,東京新聞杯(G3),,15,4,7,66.5,13,13,石橋脩,59,芝1600,良,-12,1:34.1,1.8,92,2-2,34.7-34.3,36.0,478(0),,,イルーシヴパンサー,0.0,15,21952.100000000002,997.8227272727273,0.7045454545454545,97.4090909090909,2,44,2.0,34.21363636363637,0.5364238410596026,2.0,2.0,-11.0,-11.0,0.0,8.954545454545455,9.136363636363637,1.5909090909090908,1.7727272727272727,0.18181818181818182,6,6.0,5.363636363636363
111,111,2022/02/13,2小倉2,曇,10,太宰府特別(2勝クラス),,13,7,10,5.2,3,2,富田暁,54,芝1800,稍,9,1:49.5,0.2,84,5-7-9-10,36.5-36.4,35.8,490(0),,,ソニックベガ,608.8,1,2749.8,274.98,0.51,85.4,21,88,8.8,35.60000000000001,0.8057553956834532,5.0,10.0,8.0,3.0,-5.0,5.1,4.5,1.4,0.8,-0.6,4,4.0,2.4
112,112,2022/02/05,1東京3,曇,10,テレビ山梨杯(2勝クラス),,16,7,14,20.2,7,9,大野拓弥,55,芝1400,良,-15,1:21.5,1.0,91,13-12,33.8-35.5,33.8,478(-4),,出遅れ,ウインシャーロット,0.0,2,2781.0,213.92307692307693,0.6384615384615385,91.46153846153847,5,118,9.076923076923077,34.776923076923076,0.5986842105263158,13.0,12.0,3.0,4.0,1.0,7.923076923076923,11.0,2.230769230769231,5.3076923076923075,3.076923076923077,6,3.0,3.4615384615384617
113,113,2021/06/19,3阪神1,小雨,9,皆生特別(2勝クラス),,7,5,5,6.9,4.0,4,浜中俊,57,芝1600,重,8,1:36.3,0.4,87,2-2,36.1-35.8,36.0,518(-4),,,スカーフェイス,230.0,3,3717.3,142.97307692307692,1.473076923076923,81.5,21,463,17.807692307692307,36.51538461538461,0.4831081081081081,2.0,2.0,-2.0,-2.0,0.0,3.423076923076923,2.8461538461538463,-3.4615384615384617,-4.038461538461538,-0.5769230769230769,7,3.0,2.3846153846153846
114,114,2022/04/03,3中山4,曇,10,両国特別(2勝クラス),,10,3,3,88.0,10,8,黛弘人,57,芝1600,稍,0,1:36.7,1.1,79,4-5-4,36.6-35.1,35.7,486(+8),,,ヴィルヘルム,0.0,4,1926.6,74.1,1.4038461538461535,77.84615384615384,24,513,19.73076923076923,36.11153846153846,0.38977635782747605,4.0,4.0,-4.0,-4.0,0.0,7.230769230769231,6.730769230769231,-1.1153846153846154,-1.6153846153846154,-0.5,5,3.0,2.423076923076923
115,115,2022/04/10,2阪神6,晴,7,4歳以上2勝クラス,,10,4,4,24.2,5,6,角田大河,52,芝1600,良,-19,1:34.0,0.5,85,3-7,35.1-34.7,34.4,486(+10),,,ヴィアルークス,0.0,5,2667.0,140.3684210526316,0.5631578947368421,85.36842105263158,-1,215,11.31578947368421,36.084210526315786,0.6718146718146718,3.0,7.0,1.0,-3.0,-4.0,8.736842105263158,8.526315789473685,3.263157894736842,3.0526315789473686,-0.21052631578947367,5,3.0,2.526315789473684
116,116,2022/04/03,2阪神4,曇,7,4歳以上2勝クラス,,16,8,15,16.3,6,6,岩田望来,55,ダ1400,良,-4,1:25.8,1.4,81,2-2,35.6-36.5,37.8,510(-2),,,エイシンギアアップ,0.0,6,1797.0,149.75,0.8083333333333335,81.75,22,226,18.833333333333332,36.475,0.5634920634920635,2.0,2.0,-4.0,-4.0,0.0,3.6666666666666665,4.083333333333333,-1.9166666666666667,-1.5,0.4166666666666667,4,3.0,2.6666666666666665
117,117,2022/04/10,2阪神6,晴,7,4歳以上2勝クラス,,10,3,3,50.5,9,4,松若風馬,55,芝1600,良,-19,1:33.8,0.3,87,2-2,35.1-34.7,34.6,470(-8),,,ヴィアルークス,170.0,7,1500.0,136.36363636363637,0.9636363636363637,82.27272727272727,-4,155,14.090909090909092,35.67272727272727,0.4180327868852459,2.0,2.0,-2.0,-2.0,0.0,4.181818181818182,3.8181818181818183,-3.272727272727273,-3.6363636363636362,-0.36363636363636365,4,3.0,2.727272727272727
118,118,2022/04/02,2阪神3,晴,6,4歳以上1勝クラス,,17,7,13,57.2,9.0,7,松本大輝,53,芝1400,良,-15,1:21.7,0.7,87,10-10,34.5-35.0,34.8,454(-2),,出遅れ,メイショウホシアイ,0.0,8,2375.0,95.0,0.8280000000000001,81.84,7,418,16.72,35.912000000000006,0.6101190476190477,10.0,10.0,3.0,3.0,0.0,8.08,8.4,1.84,2.16,0.32,5,2.0,2.12
119,119,2022/03/27,2阪神2,晴,6,3歳未勝利,,17,6,11,5.0,2,3,幸英明,56,芝1600,稍,-9,1:35.5,0.3,79,2-2,35.5-35.2,35.5,522(0),,,ムーンリットナイト,130.0,1,130.0,130.0,0.3,79.0,13,13,13.0,35.5,0.875,2.0,2.0,-1.0,-1.0,0.0,2.0,2.0,-1.0,-1.0,0.0,3,2.0,2.0
120,120,2022/03/19,2中京3,晴,5,3歳未勝利,,16,3,6,7.3,4,2,横山和生,54,芝1600,重,-3,1:35.7,0.2,84,4-7-6,35.5-36.7,35.9,438(0),,,シタン,210.0,2,210.0,210.0,0.2,84.0,18,18,18.0,35.9,0.9333333333333333,4.0,6.0,4.0,2.0,-2.0,6.0,4.0,4.0,2.0,-2.0,3,2.0,2.0
121,121,2022/03/19,2中京3,晴,5,3歳未勝利,,16,8,16,3.8,2,3,武豊,56,芝1600,重,-3,1:35.9,0.4,82,8-8-8,35.5-36.7,35.8,466(-2),,,シタン,130.0,3,800.0,160.0,0.24000000000000005,77.6,20,88,17.6,35.1,0.88,8.0,8.0,5.0,5.0,0.0,6.8,7.0,4.0,4.2,0.2,3,2.0,2.0
122,122,2022/03/06,1阪神8,曇,5,3歳未勝利,,15,6,10,25.4,10,10,酒井学,54,芝2200,良,-12,2:15.4,0.8,78,5-5-6-4,35.4-36.5,37.1,486(+2),,出遅れ,クワイエットホーク,0.0,4,180.0,45.0,1.2,73.5,22,129,32.25,37.375,0.5862068965517241,5.0,4.0,-6.0,-5.0,1.0,8.0,8.75,1.0,1.75,0.75,3,1.0,1.25
123,123,2022/03/27,2中京6,晴,5,3歳未勝利,,17,7,13,11.0,6,3,横山武史,56,芝2000,重,4,2:04.3,0.5,76,6-5-6-4,37.1-36.1,36.1,438(+4),,,セントカメリア,130.0,5,220.0,110.0,0.45,75.0,34,67,33.5,35.5,0.8387096774193549,6.0,4.0,1.0,3.0,2.0,5.5,5.0,2.0,1.5,-0.5,3,2.0,1.5
124,124,2022/01/30,1小倉6,曇,5,3歳新馬,,18,3,6,33.5,12,15,丹内祐次,54,芝1200,良,-9,1:11.2,1.2,49,13-11,34.9-35.1,35.3,438(0),,出遅れ,サンダビューク,0.0,7,0.0,0.0,1.2,49.0,30,30,30.0,35.3,0.17647058823529413,13.0,11.0,-4.0,-2.0,2.0,11.0,13.0,-4.0,-2.0,2.0,3,1.0,1.0
125,125,2022/02/05,1中京11,晴,5,3歳未勝利,,13,6,9,5.7,3,2,団野大成,56,芝1600,良,-3,1:36.0,0.1,84,3-2-2,36.0-35.1,35.0,474(+4),,直線不利,サブライムアンセム,210.0,8,450.0,225.0,0.1,81.5,21,42,21.0,35.35,0.9259259259259259,3.0,2.0,0.0,1.0,1.0,2.0,2.0,0.0,0.0,0.0,3,2.0,2.0
126,126,2022/02/06,1中京12,曇,6,3歳新馬,,16,6,12,6.8,4,7,池添謙一,56,芝1600,稍,-1,1:37.5,0.7,72,7-7-7,37.5-35.0,35.1,488(0),,出遅れ,ゼッフィーロ,0.0,9,0.0,0.0,0.7,72.0,36,36,36.0,35.1,0.6,7.0,7.0,0.0,0.0,0.0,7.0,7.0,0.0,0.0,0.0,3,1.0,1.0
127,127,2022/02/12,1阪神1,晴,5,3歳未勝利,,13,8,13,63.2,10,9,秋山真一,54,芝1800,良,-19,1:47.5,0.9,79,10-10,35.5-34.4,34.6,412(-8),,出遅れ,マイシンフォニー,0.0,10,70.0,23.333333333333332,0.9333333333333332,75.66666666666667,10,55,18.333333333333332,34.93333333333333,0.5869565217391305,10.0,10.0,1.0,1.0,0.0,15.0,15.0,7.666666666666667,7.666666666666667,0.0,3,1.0,1.0
128,128,2022/02/05,1東京3,晴,6,3歳新馬,,16,4,8,158.7,12,8,柴田大知,54,芝1800,良,-15,1:50.6,1.5,58,10-10-10,36.8-34.6,35.0,420(0),,,ブラックノワール,0.0,11,0.0,0.0,1.5,58.0,37,37,37.0,35.0,0.5333333333333333,10.0,10.0,2.0,2.0,0.0,10.0,10.0,2.0,2.0,0.0,3,1.0,1.0
129,129,2022/03/20,1阪神12,晴,5,3歳未勝利,,18,6,11,128.9,14,3,和田竜二,56,芝1800,稍,-12,1:48.5,0.1,76,11-11,35.7-34.9,34.3,454(-6),,,ロマンシングブルー,130.0,12,251.0,41.833333333333336,0.85,69.66666666666667,20,134,22.333333333333332,35.4,0.6629213483146067,11.0,11.0,8.0,8.0,0.0,8.666666666666666,8.833333333333334,2.6666666666666665,2.8333333333333335,0.16666666666666666,3,2.0,1.1666666666666667
130,130,2022/04/02,2阪神3,晴,4,3歳未勝利,,18,4,7,3.5,2,5,藤岡康太,56,芝1800,良,-15,1:48.0,0.7,80,12-10,35.8-34.4,34.2,512(0),,出遅れ,ラリベラ,52.0,14,52.0,52.0,0.7,80.0,15,15,15.0,34.2,0.7647058823529411,12.0,10.0,5.0,7.0,2.0,10.0,12.0,5.0,7.0,2.0,3,1.0,1.0
131,131,2021/12/26,6阪神8,曇,10,サンタクロースS(3勝クラス),,10,4,4,1.9,1,6,坂井瑠星,56,芝2000,良,-4,2:02.5,1.2,81,6-8-8-6,38.4-35.7,36.0,462(0),,,エヒト,0.0,1,4416.4,552.05,0.3625,92.25,19,47,5.875,35.05,0.7746478873239436,6.0,6.0,0.0,0.0,0.0,5.75,6.25,2.75,3.25,0.5,4,4.0,2.625
132,132,2022/04/03,2阪神4,曇,10,心斎橋S(3勝クラス),,15,1,1,7.4,4,4,川田将雅,57,芝1400,良,-10,1:20.6,0.3,106,7-8,34.1-35.0,34.5,490(+18),,出遅れ,ロードマックス,280.0,2,6319.7,351.09444444444443,0.41666666666666663,95.22222222222223,-4,106,5.888888888888889,34.75555555555556,0.7393617021276596,7.0,8.0,4.0,3.0,-1.0,6.166666666666667,6.722222222222222,2.4444444444444446,3.0,0.5555555555555556,5,4.0,3.4444444444444446
133,133,2022/01/22,1中京7,晴,11,長篠S(3勝クラス),,7,1,1,5.2,4,3,団野大成,52,芝1600,良,-8,1:35.0,0.2,88,4-3-3,35.6-34.8,34.7,454(-6),,,ワールドバローズ,462.3,3,4415.2,630.7428571428571,0.29999999999999993,90.42857142857143,11,42,6.0,34.51428571428571,0.8494623655913979,4.0,3.0,0.0,1.0,1.0,8.714285714285714,8.428571428571429,5.714285714285714,5.428571428571429,-0.2857142857142857,4,5.0,3.5714285714285716
134,134,2022/02/20,1阪神4,曇,10,武庫川S(3勝クラス),,9,2,2,7.8,4,2,坂井瑠星,55,芝1600,稍,-6,1:35.5,0.2,85,2-2,37.3-33.8,34.0,496(+4),,,シャーレイポピー,745.8,4,5757.2,479.76666666666665,0.525,86.83333333333333,13,146,12.166666666666666,34.98333333333333,0.7398373983739838,2.0,2.0,0.0,0.0,0.0,5.166666666666667,5.5,1.5,1.8333333333333333,0.3333333333333333,4,5.0,3.5833333333333335
135,135,2022/03/27,3中山2,曇,10,春興S(3勝クラス),,16,7,13,20.4,6,7,大野拓弥,55,芝1600,重,-1,1:35.3,1.2,93,16-16-15,34.9-36.1,35.5,482(-12),,出遅れ,ソウルラッシュ,0.0,5,8109.400000000001,324.37600000000003,0.3960000000000001,95.76,10,123,4.92,34.29600000000001,0.7244582043343654,16.0,15.0,8.0,9.0,1.0,9.2,9.92,4.64,5.36,0.72,6,4.0,3.76
136,136,2022/02/06,1中京12,晴,9,トリトンS(3勝クラス),,10,8,10,5.2,3,9,横山典弘,57,芝1400,稍,-1,1:21.6,0.4,94,8-8,34.5-35.3,34.4,444(-2),,,ビップウインク,0.0,6,3749.3999999999996,374.93999999999994,0.25,90.4,5,34,3.4,35.470000000000006,0.7846153846153846,8.0,8.0,-1.0,-1.0,0.0,3.0,3.3,-0.8,-0.5,0.3,4,4.0,2.9
137,137,2022/03/27,3中山2,曇,10,春興S(3勝クラス),,16,8,15,56.6,11,10,菱田裕二,54,芝1600,重,-1,1:35.5,1.4,89,8-8-7,34.9-36.1,36.6,478(-2),,,ソウルラッシュ,0.0,7,4691.7,223.4142857142857,0.8142857142857142,85.76190476190476,12,298,14.19047619047619,35.890476190476186,0.5603448275862069,8.0,7.0,-3.0,-2.0,1.0,3.380952380952381,3.142857142857143,-2.4761904761904763,-2.7142857142857144,-0.23809523809523808,6,4.0,2.619047619047619
138,138,2022/03/19,2中京3,曇,10,豊橋S(3勝クラス),,16,7,14,83.9,13,15,小沢大仁,55,芝1600,稍,-5,1:35.4,1.1,85,6-7-7,35.2-36.0,36.1,454(+6),,,ディヴィーナ,0.0,8,3090.0,220.71428571428572,0.5,87.78571428571429,15,123,8.785714285714286,35.26428571428571,0.6457142857142857,6.0,7.0,-8.0,-9.0,-1.0,3.9285714285714284,4.0,-1.5,-1.4285714285714286,0.07142857142857142,5,4.0,2.4285714285714284
139,139,2022/03/06,2中山4,晴,9,湾岸S(3勝クラス),,16,3,5,154.0,12,13,横山典弘,57,芝2200,良,-7,2:14.0,1.6,94,6-6-8-14,36.5-37.0,36.9,460(0),,,キングオブドラゴン,0.0,9,6592.5,199.77272727272728,0.6,88.18181818181819,2,447,13.96875,35.403030303030306,0.6520618556701031,6.0,14.0,1.0,-7.0,-8.0,7.757575757575758,9.0,2.6666666666666665,3.909090909090909,1.2424242424242424,6,4.0,2.8181818181818183
140,140,2022/03/19,2中京3,曇,10,豊橋S(3勝クラス),,16,7,13,4.5,2,10,横山武史,55,芝1600,稍,-5,1:34.9,0.6,91,1-1-1,35.2-36.0,36.6,462(+6),,,ディヴィーナ,0.0,10,3429.6,263.81538461538463,0.46923076923076923,89.07692307692308,10,176,13.538461538461538,35.5076923076923,0.6878612716763006,1.0,1.0,-9.0,-9.0,0.0,4.153846153846154,4.230769230769231,-1.0,-0.9230769230769231,0.07692307692307693,5,4.0,2.6153846153846154
141,141,2022/02/20,1阪神4,晴,12,4歳以上2勝クラス,,14,5,7,2.4,1,1,鮫島克駿,57,芝1600,稍,-6,1:34.6,0.0,91,9-10,35.6-35.2,33.9,470(+4),,,(シャンブル),1110.0,11,3211.0,401.375,0.23750000000000002,92.5,4,54,6.75,34.475,0.8907563025210085,9.0,10.0,9.0,8.0,-1.0,7.875,8.0,5.25,5.375,0.125,4,4.0,2.875
142,142,2022/03/12,1阪神9,晴,10,飛鳥S(3勝クラス),,16,1,1,73.6,11,8,岩田望来,55,芝1800,良,-13,1:46.7,0.9,91,14-12,34.7-34.6,34.4,478(-2),,出遅れ,ヤマニンサンパ,0.0,12,8943.5,229.32051282051282,0.4692307692307692,92.92307692307692,2,302,7.743589743589744,34.658974358974355,0.6726907630522089,14.0,12.0,4.0,6.0,2.0,9.153846153846153,10.487179487179487,3.9743589743589745,5.3076923076923075,1.3333333333333333,8,4.0,2.128205128205128
143,143,2022/03/27,3中山2,曇,10,春興S(3勝クラス),,16,3,5,25.1,8,9,木幡巧也,53,芝1600,重,-1,1:35.5,1.4,89,2-2-2,34.9-36.1,37.4,480(-6),,,ソウルラッシュ,0.0,13,4319.4,287.96,0.8933333333333333,87.2,12,209,16.076923076923077,36.60666666666667,0.5958549222797928,2.0,2.0,-7.0,-7.0,0.0,4.266666666666667,3.7333333333333334,-1.9333333333333333,-2.466666666666667,-0.5333333333333333,5,4.0,4.466666666666667
144,144,2022/02/13,1東京6,雨,11,共同通信杯(G3),,11,8,11,5.3,4,7,川田将雅,56,芝1800,稍,5,1:48.8,0.9,95,8-8-7,36.1-34.3,34.3,458(0),,,ダノンベルーガ,0.0,1,4229.1,1057.275,0.275,85.75,19,79,19.75,34.1,0.7714285714285715,8.0,7.0,0.0,1.0,1.0,6.25,6.0,3.25,3.0,-0.25,3,6.0,4.25
145,145,2022/03/19,2中京3,曇,11,中スポ賞ファルコンS(G3),,18,2,3,55.1,13,2,松若風馬,56,芝1400,稍,-6,1:21.2,0.3,95,9-9,33.1-36.5,36.1,514(+2),,直線不利,プルパレイ,1618.2,2,2658.2,332.275,0.6000000000000001,77.75,1,179,22.375,36.0875,0.7303370786516854,9.0,9.0,7.0,7.0,0.0,3.125,4.0,-0.875,0.0,0.875,3,7.0,3.0
146,146,2021/11/06,5東京1,晴,11,京王杯2歳S(G2),,14,3,3,16.4,8,1,坂井瑠星,55,芝1400,良,-10,1:21.3,0.0,99,2-2,35.1-34.1,34.1,492(+18),,,(トウシンマカオ),3850.4,3,4710.4,1570.1333333333332,0.26666666666666666,89.33333333333333,3,9,3.0,34.50000000000001,0.8666666666666667,2.0,2.0,1.0,1.0,0.0,3.0,3.6666666666666665,0.6666666666666666,1.3333333333333333,0.6666666666666666,3,8.0,5.0
147,147,2022/03/06,1阪神8,晴,9,アルメリア賞(1勝クラス),,7,1,1,1.4,1,2,吉田隼人,56,芝1800,良,-16,1:46.4,0.1,91,3-3,35.1-34.9,34.7,472(-2),,,ピースオブエイト,414.6,4,1804.6,451.15,0.22499999999999998,90.75,0,36,9.0,34.525,0.8863636363636364,3.0,3.0,1.0,1.0,0.0,3.0,2.5,0.75,0.25,-0.5,3,3.0,3.25
148,148,2022/03/20,2中山7,曇,11,フジTVスプリングS(G2),,13,5,7,18.3,7,5,戸崎圭太,56,芝1800,稍,-5,1:48.7,0.3,92,6-6-4-4,36.7-35.3,35.1,478(-8),,,ビーアストニッシド,540.0,5,1500.0,300.0,0.24,84.6,2,37,7.4,34.8,0.855072463768116,6.0,4.0,-1.0,1.0,2.0,4.2,4.6,1.2,1.6,0.4,3,7.0,2.8
149,149,2022/03/12,1阪神9,晴,6,3歳1勝クラス,,9,4,4,2.9,2,1,福永祐一,56,芝1600,良,-13,1:33.8,0.0,93,2-2,35.3-34.8,34.2,476(0),,出遅れ,(ヒルノショパン),750.0,6,1440.0,288.0,0.78,83.0,-4,39,7.8,35.38,0.6612903225806451,2.0,2.0,1.0,1.0,0.0,2.8,2.2,-2.4,-3.0,-0.6,3,3.0,3.2
150,150,2022/03/19,1阪神11,小雨,11,若葉S(L),,10,8,10,42.7,8,9,藤岡康太,56,芝2000,稍,-5,2:01.4,1.2,90,9-9-10-10,36.5-35.3,35.3,462(-2),,出遅れ,デシエルト,0.0,7,1606.0,267.6666666666667,0.6666666666666666,81.0,8,98,16.333333333333332,34.61666666666667,0.5185185185185185,9.0,10.0,1.0,0.0,-1.0,8.333333333333334,8.666666666666666,3.0,3.3333333333333335,0.3333333333333333,3,0.0,4.0
151,151,2022/03/21,2中山8,晴,6,3歳1勝クラス,,13,7,10,9.6,4,4,内田博幸,56,芝1600,稍,-7,1:35.1,0.5,89,9-6-6,34.4-35.9,35.2,522(0),,出遅れ,サーマルウインド,110.0,8,815.0,163.0,0.48,76.2,8,100,20.0,35.88000000000001,0.7538461538461538,9.0,6.0,2.0,5.0,3.0,6.8,7.2,2.6,3.0,0.4,3,2.0,1.6
152,152,2022/03/21,2中山8,晴,6,3歳1勝クラス,,13,7,11,2.2,1,2,川田将雅,56,芝1600,稍,-7,1:34.7,0.1,92,5-5-4,34.4-35.9,34.9,436(-2),,,サーマルウインド,300.0,9,820.0,273.3333333333333,1.1666666666666667,75.66666666666667,4,60,20.0,36.8,0.7073170731707317,5.0,4.0,2.0,3.0,1.0,5.0,5.0,0.0,0.0,0.0,3,3.0,2.0
153,153,2022/04/03,2阪神4,曇,5,3歳1勝クラス,,13,5,6,11.7,4,6,横山典弘,56,芝1600,良,-10,1:35.1,0.2,83,1-2,35.9-34.9,34.9,456(-2),,,メモリーレゾン,0.0,10,1010.0,112.22222222222223,0.7000000000000001,75.88888888888889,9,129,14.333333333333334,35.98888888888889,0.51,1.0,2.0,-4.0,-5.0,-1.0,5.555555555555555,5.555555555555555,-0.8888888888888888,-0.8888888888888888,0.0,3,2.0,2.0
154,154,2022/01/29,1中京9,曇,9,白梅賞(1勝クラス),,11,7,9,11.2,5,1,松山弘平,56,芝1600,良,-5,1:36.0,0.0,82,2-2-2,37.0-34.6,34.4,432(0),,,(タガノエスコート),1055.2,11,3582.1000000000004,511.72857142857146,0.4428571428571429,79.85714285714286,21,116,16.571428571428573,34.91428571428572,0.703125,2.0,2.0,1.0,1.0,0.0,5.857142857142857,5.714285714285714,2.142857142857143,2.0,-0.14285714285714285,3,3.0,5.142857142857143
155,155,2022/03/13,1阪神10,曇,5,3歳1勝クラス,,13,4,5,2.5,1,1,池添謙一,56,ダ1400,良,-4,1:24.6,0.0,95,1-1,34.4-38.2,38.2,576(-4),,,(テーオーステルス),750.0,12,1591.0,318.2,0.3,86.0,10,73,14.6,36.720000000000006,0.8428571428571429,1.0,1.0,0.0,0.0,0.0,4.8,5.0,1.6,1.8,0.2,3,3.0,2.0
156,156,2022/01/29,1中京9,曇,9,白梅賞(1勝クラス),,11,6,6,20.7,7,3,古川吉洋,56,芝1600,良,-5,1:36.1,0.1,81,1-1-1,37.0-34.6,34.7,434(-2),,,カワキタレブリー,263.6,13,963.6,240.9,0.55,83.25,22,62,15.5,35.224999999999994,0.6538461538461539,1.0,1.0,-2.0,-2.0,0.0,2.75,3.25,-2.75,-2.25,0.5,3,3.0,4.5
157,157,2022/03/19,1阪神11,小雨,11,若葉S(L),,10,5,5,12.8,5,6,浜中俊,56,芝2000,稍,-5,2:01.1,0.9,92,2-2-2-2,36.5-35.3,36.0,482(+2),,,デシエルト,0.0,14,1190.0,297.5,0.42500000000000004,89.0,5,37,9.25,35.55,0.7368421052631579,2.0,2.0,-4.0,-4.0,0.0,2.25,2.75,-1.25,-0.75,0.5,3,0.0,2.5
158,158,2022/03/27,2阪神2,晴,6,3歳未勝利,,17,8,17,9.0,4,1,和田竜二,56,芝1600,稍,-9,1:35.2,0.0,82,7-7,35.5-35.2,34.8,488(+4),,,(ハギノモーリス),520.0,15,797.0,113.85714285714286,0.6428571428571429,78.14285714285714,10,103,14.714285714285714,34.77142857142857,0.7037037037037037,7.0,7.0,6.0,6.0,0.0,10.714285714285714,9.857142857142858,5.142857142857143,4.285714285714286,-0.8571428571428571,3,2.0,1.2857142857142858
159,159,2022/03/26,2阪神1,小雨,6,3歳1勝クラス,,9,1,1,2.9,2,5,福永祐一,56,芝1400,稍,2,1:23.0,0.6,90,3-4,35.9-34.5,34.8,470(-4),,出遅れ,ケイアイオメガ,75.0,16,1075.0,215.0,0.45999999999999996,80.8,20,111,22.2,35.94,0.76,3.0,4.0,-1.0,-2.0,-1.0,2.0,2.0,-1.4,-1.4,0.0,3,2.0,1.8
160,160,2022/03/19,2中京3,曇,11,中スポ賞ファルコンS(G3),,18,8,17,25.9,9.0,17,武豊,56,芝1400,稍,-6,1:23.6,2.7,64,4-5,33.1-36.5,38.8,492(+10),,,プルパレイ,0.0,17,2164.2,360.7,0.8166666666666668,78.33333333333333,25,104,17.333333333333332,36.449999999999996,0.5901639344262295,4.0,5.0,-12.0,-13.0,-1.0,3.3333333333333335,3.0,-1.8333333333333333,-2.1666666666666665,-0.3333333333333333,3,6.0,4.0
161,161,2022/03/26,3中山1,小雨,5,3歳1勝クラス,,13,2,2,4.2,3,1,武豊,56,芝1200,良,-7,1:09.1,0.0,92,1-1,34.1-35.0,35.0,480(-4),,S接触,(アラクレ),750.0,18,2255.1,451.02,0.44000000000000006,79.2,6,72,14.4,35.28,0.7272727272727273,1.0,1.0,0.0,0.0,0.0,2.0,2.0,-2.0,-2.0,0.0,3,3.0,4.8
162,162,2022/03/21,2中京4,晴,7,4歳以上1勝クラス,,16,7,14,2.3,1,1,岩田望来,57,芝1600,良,-5,1:35.4,0.0,86,7-7-7,36.1-35.1,34.1,502(-6),,,(ディープリッチ),770.0,1,2207.2,245.2444444444444,0.28888888888888886,88.44444444444444,15,94,10.444444444444445,34.87777777777777,0.7757009345794392,7.0,7.0,6.0,6.0,0.0,3.6666666666666665,4.0,0.0,0.3333333333333333,0.3333333333333333,4,3.0,2.2222222222222223
163,163,2022/03/21,2中京4,晴,7,4歳以上1勝クラス,,16,8,15,12.3,4,3,横山典弘,57,芝1600,良,-5,1:35.4,0.0,86,11-9-9,36.1-35.1,34.0,522(+4),,,ヴィアルークス,190.0,2,980.0,140.0,1.3571428571428572,80.14285714285714,15,153,21.857142857142858,35.628571428571426,0.59,11.0,9.0,6.0,8.0,2.0,9.857142857142858,9.142857142857142,3.0,2.2857142857142856,-0.7142857142857143,4,3.0,2.857142857142857
164,164,2022/03/21,2中山8,晴,9,隅田川特別(2勝クラス),,10,8,10,89.0,9,5,北村宏司,55,芝1600,良,-7,1:35.0,0.5,90,10-10-9,35.2-35.9,35.2,472(-4),,出遅れ,ユキノファラオ,151.0,3,8144.800000000001,177.06086956521742,0.7326086956521741,89.73913043478261,7,573,12.456521739130435,34.99130434782608,0.4732334047109208,10.0,9.0,4.0,5.0,1.0,7.826086956521739,8.065217391304348,1.4782608695652173,1.7173913043478262,0.2391304347826087,8,3.0,2.891304347826087
165,165,2022/03/13,1阪神10,曇,12,4歳以上2勝クラス,,15,6,10,24.5,9,8,松若風馬,55,ダ1400,良,-4,1:25.6,0.7,83,3-3,34.5-38.1,38.5,478(+2),,,ゴダイリキ,0.0,4,1330.0,133.0,1.03,81.8,20,159,15.9,35.78,0.39823008849557523,3.0,3.0,-5.0,-5.0,0.0,4.4,4.0,-3.4,-3.8,-0.4,4,3.0,2.7
166,166,2022/03/21,2中京4,晴,10,熱田特別(2勝クラス),,12,3,3,28.9,7,6,和田竜二,55,芝1400,良,-5,1:21.6,0.8,90,5-5,34.2-35.0,35.0,444(+12),,,タイニーロマンス,0.0,5,1811.0,150.91666666666666,0.65,83.66666666666667,5,160,13.333333333333334,35.2,0.6706586826347305,5.0,5.0,-1.0,-1.0,0.0,5.5,5.083333333333333,-0.08333333333333333,-0.5,-0.4166666666666667,4,3.0,2.25
167,167,2022/03/19,1阪神11,小雨,12,4歳以上2勝クラス,,16,1,1,13.3,6,10,角田大河,52,ダ1200,重,-23,1:11.9,0.5,77,12-13,34.8-36.6,35.8,476(-14),,,タマモヒメギミ,0.0,6,2667.0,148.16666666666666,0.5666666666666667,85.38888888888889,12,216,12.0,36.17777777777778,0.68,12.0,13.0,3.0,2.0,-1.0,8.833333333333334,8.833333333333334,3.388888888888889,3.388888888888889,0.0,5,3.0,2.5
168,168,2022/03/26,2阪神1,小雨,10,天神橋特別(2勝クラス),,10,7,8,4.6,3,2,横山典弘,55,芝1600,稍,4,1:35.8,0.1,93,7-7,37.2-33.8,33.4,478(-2),,出遅れ,メモリーエフェクト,606.8,7,2381.2,264.5777777777778,1.1555555555555557,81.66666666666667,16,123,13.666666666666666,37.07777777777778,0.625,7.0,7.0,5.0,5.0,0.0,4.666666666666667,6.0,-0.6666666666666666,0.6666666666666666,1.3333333333333333,4,4.0,2.3333333333333335
169,169,2022/03/13,2中京2,曇,9,岡崎特別(2勝クラス),,10,2,2,4.9,3,3,福永祐一,57,芝1400,良,-17,1:20.1,0.1,97,5-5,34.3-34.2,33.4,516(-10),,,ショウナンアレス,383.8,8,2991.8,249.3166666666667,0.8166666666666668,87.91666666666667,-10,92,7.666666666666667,35.00833333333333,0.6304347826086957,5.0,5.0,2.0,2.0,0.0,5.666666666666667,6.416666666666667,0.4166666666666667,1.1666666666666667,0.75,5,4.0,3.4166666666666665
170,170,2022/03/13,2中京2,曇,9,岡崎特別(2勝クラス),,10,4,4,38.8,8,6,藤岡康太,57,芝1400,良,-17.0,1:20.5,0.5,92.0,7-7,34.3-34.2,33.5,462(-10),,,ショウナンアレス,0.0,9,3288.2,182.67777777777778,0.6388888888888888,88.72222222222223,-6,153,8.5,34.43333333333334,0.5844748858447488,7.0,7.0,1.0,1.0,0.0,10.444444444444445,11.166666666666666,4.388888888888889,5.111111111111111,0.7222222222222222,4,3.0,3.3333333333333335
171,171,2022/01/23,1中京8,小雨,10,賢島特別(2勝クラス),,12,6,8,20.5,8,4,酒井学,54,芝1400,良,-2,1:21.3,0.1,97,8-8,34.4-35.1,34.3,450(-4),,,エグレムニ,230.0,10,4243.700000000001,157.1740740740741,0.5629629629629629,85.48148148148148,2,318,11.777777777777779,35.044444444444444,0.6430769230769231,8.0,8.0,4.0,4.0,0.0,6.62962962962963,6.666666666666667,1.3333333333333333,1.3703703703703705,0.037037037037037035,5,3.0,2.814814814814815
172,172,2022/02/12,1東京5,晴,11,デイリー杯クイーンC(G3),,16,5,9,3.4,1,2,横山武史,54,芝1600,良,-14,1:34.2,0.1,91,5-3,35.3-34.4,34.2,474(0),,,プレサージュリフト,1516.2,1,4075.9000000000005,815.1800000000001,0.15999999999999998,83.0,3,63,12.6,33.92,0.9137931034482759,5.0,3.0,1.0,3.0,2.0,4.8,5.2,2.8,3.2,0.4,3,7.0,4.2
173,173,2022/03/05,1阪神7,晴,11,チューリップ賞(G2),,15,5,9,5.6,3,5,武豊,54,芝1600,良,-13,1:33.6,0.4,94,4-5,34.3-34.7,34.5,478(+8),,,ナミュール,520.0,2,6803.0,1360.6,0.12000000000000002,89.6,-6,28,5.6,34.42,0.8983050847457628,4.0,5.0,0.0,-1.0,-1.0,2.6,2.4,0.4,0.2,-0.2,3,7.0,5.6
174,174,2022/03/13,1阪神10,曇,11,フィリーズレビュー(G2),,15,2,2,1.7,1,2,浜中俊,54,芝1400,良,-18,1:19.9,0.0,105,9-9,33.5-35.0,34.4,466(+12),,出遅れ,サブライムアンセム,2130.8,3,8930.3,1488.3833333333332,0.21666666666666665,91.16666666666667,-11,39,6.5,34.63333333333333,0.8918918918918919,9.0,9.0,7.0,7.0,0.0,6.166666666666667,6.0,3.8333333333333335,3.6666666666666665,-0.16666666666666666,3,8.0,6.333333333333333
175,175,2022/03/05,1阪神7,晴,11,チューリップ賞(G2),,15,2,3,3.3,2,3,Ｍ．デム,54,芝1600,良,-13,1:33.4,0.2,97,4-4,34.3-34.7,34.5,476(-2),,,ナミュール,1315.2,4,11572.5,2314.5,0.27999999999999997,87.4,-8,15,3.0,34.56,0.9420289855072463,4.0,4.0,1.0,1.0,0.0,6.0,9.0,4.2,7.2,3.0,3,8.0,5.6
176,176,2022/03/05,1阪神7,晴,11,チューリップ賞(G2),,15,1,1,229.8,13,2,高倉稜,54,芝1600,良,-13,1:33.4,0.2,98,10-8,34.3-34.7,34.1,414(-6),,出遅れ,ナミュール,2130.4,5,2830.4,1415.2,0.1,85.5,-8,12,6.0,34.55,0.9629629629629629,10.0,8.0,6.0,8.0,2.0,9.5,10.5,8.0,9.0,1.0,3,8.0,5.0
177,177,2022/03/21,2中山8,晴,11,フラワーC(G3),,12,2,2,5.6,3,6,藤岡康太,54,芝1800,良,-7,1:49.2,0.7,87,9-7-8-5,36.9-35.4,35.3,464(+2),,出遅れ,スタニングローズ,0.0,6,1186.6,197.76666666666665,0.8999999999999999,79.16666666666667,7,86,14.333333333333334,34.833333333333336,0.6231884057971014,9.0,5.0,-1.0,3.0,4.0,4.166666666666667,5.5,-1.1666666666666667,0.16666666666666666,1.3333333333333333,3,6.0,3.6666666666666665
178,178,2022/02/12,1東京5,晴,11,デイリー杯クイーンC(G3),,16,1,2,3.7,3,3,松山弘平,54,芝1600,良,-14,1:34.3,0.2,90,13-16,35.3-34.4,33.4,464(-2),,,プレサージュリフト,938.1,7,2939.1,587.8199999999999,0.2,84.8,4,39,7.8,34.04,0.859375,13.0,16.0,13.0,10.0,-3.0,7.4,8.2,4.6,5.4,0.8,3,7.0,5.2
179,179,2022/02/05,1中京11,晴,10,エルフィンS(L),,10,6,6,4.9,4,1,藤岡佑介,54,芝1600,良,-3,1:34.0,0.0,103,2-2-2,35.5-34.9,34.8,454(-4),,,(ママコチャ),2024.5,8,3131.7,1043.8999999999999,0.0,93.66666666666667,1,22,7.333333333333333,34.7,0.96875,2.0,2.0,1.0,1.0,0.0,2.3333333333333335,2.6666666666666665,1.0,1.3333333333333333,0.3333333333333333,3,0.0,1.6666666666666667
180,180,2022/03/13,1阪神10,曇,11,フィリーズレビュー(G2),,15,3,4,7.9,2,1,池添謙一,54,芝1400,良,-18,1:19.9,0.0,105,11-11,33.5-35.0,34.2,476(-2),,出遅れ,(ナムラクレア),5307.8,9,6547.8,935.4,0.4,83.0,-11,111,15.857142857142858,35.214285714285715,0.8431372549019608,11.0,11.0,10.0,10.0,0.0,7.571428571428571,7.142857142857143,4.285714285714286,3.857142857142857,-0.42857142857142855,3,8.0,2.5714285714285716
181,181,2022/03/05,1阪神7,晴,11,チューリップ賞(G2),,15,4,6,2.2,1,1,横山武史,54,芝1600,良,-13,1:33.2,0.0,99,7-8,34.3-34.7,33.9,430(0),,,(ピンハイ),5306.4,10,8019.5,2004.875,0.05,86.5,-10,40,10.0,33.45,0.9375,7.0,8.0,7.0,6.0,-1.0,8.0,6.75,6.25,5.0,-1.25,3,8.0,5.25
182,182,2022/02/12,1東京5,晴,11,デイリー杯クイーンC(G3),,16,7,13,3.7,2,1,戸崎圭太,54,芝1600,良,-14,1:34.1,0.0,93,13-11,35.3-34.4,33.5,464(+12),,出遅れ,(スターズオンアース),3756.7,11,4456.7,2228.35,0.0,85.0,2,30,15.0,33.4,1.0,13.0,11.0,10.0,12.0,2.0,11.0,13.0,10.0,12.0,2.0,3,7.0,4.5
183,183,2022/03/19,1阪神11,曇,6,3歳1勝クラス,,16,4,8,7.2,3,6,古川吉洋,54,ダ1400,重,-23,1:24.4,1.1,78,1-1,34.3-37.1,38.2,450(0),,,レオノーレ,0.0,12,1140.0,190.0,0.46666666666666673,75.66666666666667,8,131,21.833333333333332,37.85,0.7432432432432432,1.0,1.0,-5.0,-5.0,0.0,2.0,2.6666666666666665,-2.1666666666666665,-1.5,0.6666666666666666,3,2.0,2.0
184,184,2022/03/13,2中山6,晴,11,アネモネS(L),,14,6,9,39.8,8,1,武藤雅,54,芝1600,良,-12,1:34.4,0.0,92,2-2-2,35.4-34.6,34.5,470(+2),,,(ラズベリームース),2031.5,13,2921.5,730.375,0.07500000000000001,75.5,1,76,19.0,35.05,0.9411764705882353,2.0,2.0,1.0,1.0,0.0,2.0,2.0,0.25,0.25,0.0,3,0.0,1.5
185,185,2022/01/15,1中京5,晴,10,紅梅S(L),,9,1,1,2.0,1,1,ルメール,54,芝1400,良,-6,1:21.8,0.0,88,7-7,34.9-35.3,34.7,440(+2),,出遅れ,(ダークペイジ),2021.7,14,3011.7,1003.9,0.16666666666666666,82.66666666666667,7,26,8.666666666666666,33.96666666666667,0.8823529411764706,7.0,7.0,6.0,6.0,0.0,6.333333333333333,7.333333333333333,4.0,5.0,1.0,3,0.0,2.6666666666666665
186,186,2022/03/13,1阪神10,曇,11,フィリーズレビュー(G2),,15,4,6,11.4,4,3,酒井学,54,芝1400,良,-18,1:20.2,0.3,102,3-3,33.5-35.0,35.0,438(-6),,,サブライムアンセム,1315.4,15,3950.7,564.3857142857142,0.4,87.28571428571429,-8,63,9.0,35.671428571428564,0.7764705882352941,3.0,3.0,0.0,0.0,0.0,4.428571428571429,4.285714285714286,0.7142857142857143,0.5714285714285714,-0.14285714285714285,3,8.0,5.142857142857143
187,187,2022/01/10,1中山4,曇,11,フェアリーS(G3),,16,4,8,7.1,5,1,Ｍ．デム,54,芝1600,良,-5,1:35.2,0.0,91,16-9-10,35.5-35.3,34.7,420(-4),,出遅れ,(スターズオンアース),3757.4,16,4457.4,1485.8,0.39999999999999997,77.66666666666667,9,80,26.666666666666668,35.03333333333333,0.8292682926829268,16.0,10.0,9.0,15.0,6.0,5.0,8.333333333333334,1.6666666666666667,5.0,3.3333333333333335,3,7.0,5.0
188,188,2022/03/13,2中山6,晴,11,アネモネS(L),,14,2,2,5.7,3,2,津村明秀,54,芝1600,良,-12,1:34.6,0.2,90,5-5-6,35.4-34.6,34.3,500(+16),,,クロスマジェスティ,809.0,17,1589.0,397.25,0.175,83.5,3,41,10.25,34.375,0.8983050847457628,5.0,6.0,4.0,3.0,-1.0,6.25,6.25,3.75,3.75,0.0,3,0.0,1.25
189,189,2021/12/12,6阪神4,晴,11,阪神ジュベナイルF(G1),,18,6,11,51.2,8,2,団野大成,54,芝1600,良,-8,1:33.9,0.1,97,6-6,34.1-34.8,34.2,428(-10),,,サークルオブライフ,2636.8,18,5917.1,1479.275,0.1,91.0,-3,5,1.25,34.724999999999994,0.9387755102040817,6.0,6.0,4.0,4.0,0.0,3.5,3.75,1.75,2.0,0.25,3,9.0,6.25
190,190,2022/02/13,2小倉2,曇,11,北九州短距離S(OP),,18,6,12,7.5,3,13,田中健,54,芝1200,稍,9,1:09.3,0.6,95,9-11,33.6-35.1,35.1,456(0),,出遅れ,ビオグラフィー,0.0,1,7694.5,307.78,0.5439999999999999,87.04,11,302,12.08,35.36399999999999,0.6712328767123288,9.0,11.0,-2.0,-4.0,-2.0,4.6,4.84,-1.2,-0.96,0.24,5,5.0,3.08
191,191,2022/01/15,1中京5,晴,11,愛知杯(G3),,16,3,6,2.9,1,11,松山弘平,55,芝2000,良,-6,2:01.6,0.6,90,5-5-6-5,36.9-34.8,35.1,448(+16),,,ルビーカサブランカ,0.0,2,10265.3,1283.1625,0.2125,95.875,7,6,0.75,34.675000000000004,0.8728813559322034,5.0,5.0,-6.0,-6.0,0.0,4.125,3.875,1.25,1.0,-0.25,4,6.0,4.375
192,192,2022/01/15,1中京5,晴,11,愛知杯(G3),,16,6,12,10.7,6,3,川田将雅,55.5,芝2000,良,-6,2:01.0,0.0,95,11-12-11-9,36.9-34.8,34.2,488(+4),,,ルビーカサブランカ,958.2,3,12194.199999999999,1108.5636363636363,0.3727272727272727,99.54545454545455,1,-19,-1.7272727272727273,34.1,0.7325581395348837,11.0,9.0,6.0,8.0,2.0,10.636363636363637,10.454545454545455,5.454545454545454,5.2727272727272725,-0.18181818181818182,5,7.0,5.909090909090909
193,193,2022/03/19,2中京3,曇,10,豊橋S(3勝クラス),,16,8,16,21.3,9,7,武豊,55,芝1600,稍,-5,1:34.7,0.4,94,16-16-15,35.2-36.0,34.8,454(+4),,出遅れ,ディヴィーナ,0.0,4,6706.4,335.32,0.41500000000000004,91.95,8,251,13.210526315789474,35.18999999999999,0.7733812949640287,16.0,15.0,8.0,9.0,1.0,9.75,10.45,5.6,6.3,0.7,5,4.0,4.0
194,194,2022/01/15,1中京5,晴,11,愛知杯(G3),,16,1,2,7.6,4,9,ルメール,56,芝2000,良,-6,2:01.6,0.6,90,13-13-13-13,36.9-34.8,34.5,452(+8),,,ルビーカサブランカ,0.0,5,19433.1,1388.0785714285714,0.3642857142857143,98.35714285714286,7,-6,-0.42857142857142855,34.65,0.7669902912621359,13.0,13.0,4.0,4.0,0.0,9.428571428571429,9.428571428571429,5.0,5.0,0.0,5,6.0,6.714285714285714
195,195,2022/02/13,1阪神2,小雨,11,京都記念(G2),,13,6,9,7.5,4,4,福永祐一,53,芝2200,稍,-9,2:12.2,0.3,107,11-11-12-11,36.0-34.5,33.6,454(+6),,,アフリカンゴールド,930.0,6,6908.9,628.0818181818181,0.5636363636363636,91.72727272727273,-10,58,5.2727272727272725,34.61818181818182,0.7669172932330827,11.0,11.0,7.0,7.0,0.0,7.909090909090909,9.0,4.090909090909091,5.181818181818182,1.0909090909090908,4,7.0,3.727272727272727
196,196,2022/02/19,1阪神3,小雨,11,京都牝馬S(G3),,18,7,13,12.1,7,15,武豊,55,芝1400,良,-11,1:21.9,2.2,88,17-14,34.3-33.9,35.2,494(+7),,出遅れ,ロータスランド,0.0,7,9377.6,551.6235294117647,0.9235294117647058,89.47058823529412,9,100,7.142857142857143,35.864705882352936,0.6588785046728972,17.0,14.0,-1.0,2.0,3.0,4.0,3.9411764705882355,-1.2941176470588236,-1.3529411764705883,-0.058823529411764705,5,6.0,4.647058823529412
197,197,2022/03/27,2阪神2,晴,11,六甲S(L),,18,6,11,33.5,9,5,酒井学,54,芝1600,稍,-9,1:34.2,0.5,93,13-14,35.0-34.7,34.0,482(+2),,,エアロロノア,250.0,8,6451.0,379.47058823529414,0.4235294117647058,89.41176470588235,0,172,10.117647058823529,35.05882352941177,0.7647058823529411,13.0,14.0,9.0,8.0,-1.0,4.294117647058823,4.411764705882353,0.0,0.11764705882352941,0.11764705882352941,5,0.0,3.1176470588235294
198,198,2022/03/19,2中京3,曇,10,豊橋S(3勝クラス),,16,5,10,45.0,11,3,石橋脩,55,芝1600,稍,-5,1:34.4,0.1,96,4-5-6,35.2-36.0,35.3,480(-10),,,ディヴィーナ,465.0,9,4089.9,408.99,0.38999999999999996,92.2,5,106,10.6,35.68,0.75,4.0,6.0,3.0,1.0,-2.0,2.9,2.7,-1.0,-1.2,-0.2,4,5.0,3.1
199,199,2022/02/13,2小倉2,曇,11,北九州短距離S(OP),,18,8,18,13.5,7.0,17,川又賢治,54,芝1200,稍,9.0,1:09.7,1.0,89.0,6-8,33.6-35.1,35.7,442(-4),,直線不利,ビオグラフィー,0.0,10,4734.6,263.03333333333336,0.8222222222222223,59.333333333333336,15,99,12.375,37.477777777777774,0.7004608294930875,6.0,8.0,-9.0,-11.0,-2.0,5.111111111111111,5.166666666666667,0.5,0.5555555555555556,0.05555555555555555,5,5.0,1.5
200,200,2022/03/02,川崎,晴,11,エンプレス杯(G2),,13,5,6,10.3,5,4,福永祐一,55,ダ2100,良,-7,2:16.6,0.9,91,2-2-2-3,31.5-38.7,39.4,449(-1),,,ショウナンナデシコ,350.0,11,8745.3,312.33214285714286,0.7857142857142856,89.67857142857143,0,317,11.74074074074074,37.23214285714285,0.61,2.0,3.0,-1.0,-2.0,-1.0,3.857142857142857,3.892857142857143,-2.7142857142857144,-2.6785714285714284,0.03571428571428571,7,7.0,3.0
201,201,2022/03/21,2中京4,晴,9,フローラルウォーク賞(1勝クラス),,10,7,8,5.8,3,4,古川吉洋,54,芝1600,良,-5,1:35.6,0.5,86,7-7-7,35.8-34.4,34.1,448(-2),,,エンペザー,150.0,1,910.0,303.3333333333333,0.16666666666666666,84.0,17,35,11.666666666666666,34.0,0.9024390243902439,7.0,7.0,3.0,3.0,0.0,10.666666666666666,11.0,8.333333333333334,8.666666666666666,0.3333333333333333,3,2.0,2.0
202,202,2022/03/13,2中山6,晴,7,3歳1勝クラス,,16,8,15,36.2,10,6,丸山元気,56,芝1200,良,-15,1:09.0,0.5,85,16-15,33.2-35.3,34.1,488(+10),,出遅れ,シゲルファンノユメ,0.0,2,700.0,175.0,0.625,81.0,5,39,9.75,34.475,0.47619047619047616,16.0,15.0,9.0,10.0,1.0,7.25,8.0,0.75,1.5,0.75,3,2.0,3.0
203,203,2022/02/20,1東京8,曇,5,3歳1勝クラス,,15,5,9,3.3,2,2,川田将雅,56,芝1600,重,-3,1:34.7,0.3,95,5-6,34.2-36.0,35.8,488(+6),,,ラスール,300.0,3,990.0,330.0,0.19999999999999998,82.0,8,60,20.0,35.23333333333333,0.9285714285714286,5.0,6.0,4.0,3.0,-1.0,3.3333333333333335,3.0,1.3333333333333333,1.0,-0.3333333333333333,3,3.0,2.3333333333333335
204,204,2022/03/13,1阪神10,曇,5,3歳1勝クラス,,13,5,7,9.9,4,3,富田暁,56,ダ1400,良,-4,1:25.4,0.8,85,12-10,34.4-38.2,37.4,466(+6),,出遅れ,ドンフランキー,190.0,4,1394.6,278.91999999999996,0.36000000000000004,82.2,18,75,15.0,35.12,0.7884615384615384,12.0,10.0,7.0,9.0,2.0,7.0,8.0,3.8,4.8,1.0,3,3.0,2.4
205,205,2022/03/13,1阪神10,曇,11,フィリーズレビュー(G2),,15,5,9,53.2,12,6,富田暁,54,芝1400,良,-18,1:20.4,0.5,99,6-8,33.5-35.0,35.0,462(-2),,,サブライムアンセム,0.0,5,2116.6,235.17777777777778,0.4222222222222222,81.55555555555556,-6,50,7.142857142857143,36.277777777777786,0.7450980392156863,6.0,8.0,2.0,0.0,-2.0,4.888888888888889,5.111111111111111,1.0,1.2222222222222223,0.2222222222222222,3,7.0,3.4444444444444446
206,206,2022/03/12,1阪神9,晴,6,3歳1勝クラス,,9,8,9,58.3,6,2,横山典弘,56,芝1600,良,-13,1:33.9,0.1,92,1-1,35.3-34.8,34.9,458(0),,,トゥードジボン,300.0,6,1010.0,126.25,0.7625,75.0,-3,120,15.0,36.125,0.5,1.0,1.0,-1.0,-1.0,0.0,6.0,6.125,-0.5,-0.375,0.125,3,3.0,2.0
207,207,2022/03/21,2中京4,晴,9,フローラルウォーク賞(1勝クラス),,10,4,4,20.2,6,2,岩田望来,56,芝1600,良,-5,1:35.3,0.2,90,3-3-3,35.8-34.4,34.3,466(-4),,,エンペザー,417.8,7,927.8,231.95,0.575,75.75,14,110,27.5,35.475,0.625,3.0,3.0,1.0,1.0,0.0,2.25,2.75,-2.5,-2.0,0.5,3,3.0,3.0
208,208,2022/01/09,1中京3,晴,11,日刊スポシンザン記念(G3),,15,3,5,353.7,15,10,団野大成,56,芝1600,良,-11,1:35.2,1.1,82,12-11-9,35.2-35.1,35.5,476(+12),,,マテンロウオリオン,0.0,8,510.0,127.5,0.9750000000000001,71.0,13,64,16.0,35.525,0.45454545454545453,12.0,9.0,-1.0,2.0,3.0,9.75,10.75,2.75,3.75,1.0,3,6.0,3.5
209,209,2022/03/12,1阪神9,晴,6,3歳1勝クラス,,9,2,2,196.6,7,7,藤懸貴志,56,芝1600,良,-13,1:35.0,1.2,81,8-9,35.3-34.8,34.3,432(-2),,出遅れ,トゥードジボン,0.0,9,700.0,175.0,0.9,76.75,8,82,20.5,35.15,0.43902439024390244,8.0,9.0,2.0,1.0,-1.0,6.25,5.75,-0.5,-1.0,-0.5,3,2.0,2.0
210,210,2022/03/12,1阪神9,晴,6,3歳1勝クラス,,9,8,8,1.4,1,3,川田将雅,56,芝1600,良,-13,1:34.0,0.2,91,4-4,35.3-34.8,34.0,522(+10),,出遅れ,トゥードジボン,190.0,10,2278.0,569.5,0.375,87.25,-1,21,5.25,34.575,0.813953488372093,4.0,4.0,1.0,1.0,0.0,5.75,5.0,2.75,2.0,-0.75,3,3.0,4.75
211,211,2022/03/19,2中京3,曇,11,中スポ賞ファルコンS(G3),,18,6,11,225.8,18,14,川又賢治,56,芝1400,稍,-6,1:22.8,1.9,74,13-13,33.1-36.5,37.3,474(-8),,,プルパレイ,0.0,11,792.0,99.0,0.9500000000000001,74.375,17,130,18.571428571428573,35.637499999999996,0.5368421052631579,13.0,13.0,-1.0,-1.0,0.0,4.5,4.25,-2.0,-2.25,-0.25,3,6.0,2.875
212,212,2022/01/29,1中京9,曇,9,白梅賞(1勝クラス),,11,4,4,17.6,6,8,幸英明,54,芝1600,良,-5,1:36.6,0.6,76,4-3-4,37.0-34.6,34.8,418(-2),,,カワキタレブリー,0.0,12,820.0,205.0,0.3,75.75,27,96,24.0,34.3,0.7317073170731707,4.0,4.0,-4.0,-4.0,0.0,3.5,3.75,-0.25,0.0,0.25,3,2.0,1.75
213,213,2022/02/05,1中京11,晴,10,エルフィンS(L),,10,8,10,92.9,10,10,国分恭介,54,芝1600,良,-3,1:36.0,2.0,82,1-1-1,35.5-34.9,36.9,452(0),,,アルーリングウェイ,0.0,13,700.0,233.33333333333334,1.2666666666666666,80.66666666666667,21,48,16.0,35.800000000000004,0.425,1.0,1.0,-9.0,-9.0,0.0,5.666666666666667,6.0,-3.0,-2.6666666666666665,0.3333333333333333,3,0.0,3.3333333333333335
214,214,2022/03/05,1阪神7,晴,5,3歳未勝利,,18,1,1,21.7,7,3,和田竜二,56,芝1600,良,-13,1:33.9,0.6,91,6-7,34.4-35.1,35.0,484(+16),,,サンクフィーユ,130.0,1,277.0,46.166666666666664,0.75,77.5,-3,93,15.5,34.766666666666666,0.6521739130434783,6.0,7.0,4.0,3.0,-1.0,11.333333333333334,10.333333333333334,5.0,4.0,-1.0,3,2.0,1.1666666666666667
215,215,2022/03/05,1阪神7,晴,5,3歳未勝利,,18,2,3,1.8,1,2,池添謙一,56,芝1600,良,-13,1:33.6,0.3,94,4-4,34.4-35.1,34.9,476(-6),,,サンクフィーユ,210.0,2,620.0,206.66666666666666,0.13333333333333333,85.0,-6,27,9.0,35.199999999999996,0.9130434782608695,4.0,4.0,2.0,2.0,0.0,2.3333333333333335,2.3333333333333335,0.0,0.0,0.0,3,2.0,2.0
216,216,2022/02/26,2小倉5,晴,5,3歳未勝利,,16,1,2,7.8,4,4,鮫島克駿,54,芝1800,良,-4,1:50.4,0.6,65,6-7-10-8,37.6-35.0,34.8,444(-6),,,ゴールドエクリプス,78.0,4,78.0,26.0,0.4666666666666666,65.66666666666667,30,96,32.0,34.26666666666667,0.6511627906976745,6.0,8.0,4.0,2.0,-2.0,10.666666666666666,8.666666666666666,4.666666666666667,2.6666666666666665,-2.0,3,1.0,1.0
217,217,2021/11/14,5阪神4,晴,5,2歳新馬,,14,3,4,31.2,6,3,角田大和,52,芝1600,良,-1,1:37.1,0.0,72,4-3,36.9-35.0,34.8,460(0),,,カレンマックナイト,180.0,5,180.0,180.0,0.0,72.0,29,29,29.0,34.8,0.8461538461538461,4.0,3.0,0.0,1.0,1.0,3.0,4.0,0.0,1.0,1.0,3,2.0,2.0
218,218,2022/01/05,1中京1,晴,1,3歳未勝利,,14,6,9,11.3,4,8,武豊,56,ダ1800,良,-3,1:57.7,2.9,57,13-13-11-11,38.2-37.2,39.1,462(-12),,出遅れ,ロードジャスティス,0.0,7,328.0,54.666666666666664,1.3166666666666667,64.33333333333333,67,233,38.833333333333336,37.349999999999994,0.6111111111111112,13.0,11.0,3.0,5.0,2.0,7.5,8.833333333333334,1.8333333333333333,3.1666666666666665,1.3333333333333333,3,1.0,1.1666666666666667
219,219,2021/12/11,6阪神3,晴,2,2歳未勝利,,16,8,15,499.0,15,11,永島まな,50,芝1400,良,-12,1:23.6,1.7,66,14-14,34.6-35.5,36.1,418(-2),,,マコトダイトウレン,0.0,11,0.0,0.0,2.35,49.75,26,154,38.5,37.6,0.23404255319148937,14.0,14.0,3.0,3.0,0.0,9.5,8.25,-0.5,-1.75,-1.25,3,1.0,1.0
220,220,2022/03/13,1阪神10,曇,4,3歳未勝利,,18,5,10,93.8,13,5,富田暁,54,芝1600,良,-13,1:35.7,0.8,72,8-7,34.5-36.0,36.1,446(0),,,メトセラ,52.0,13,52.0,13.0,1.3499999999999999,67.25,15,99,24.75,36.650000000000006,0.46808510638297873,8.0,7.0,2.0,3.0,1.0,5.25,5.75,-2.0,-1.5,0.5,3,1.0,1.0
221,221,2021/12/18,6阪神5,晴,3,2歳未勝利,,16,4,7,162.6,12,16,秋山真一,55,ダ1400,重,-18,1:28.0,4.7,41,16-16,34.4-36.9,39.4,474(-10),,,ドンフランキー,0.0,14,0.0,0.0,2.7199999999999998,48.0,44,215,43.0,38.3,0.1875,16.0,16.0,0.0,0.0,0.0,8.2,7.6,-3.2,-3.8,-0.6,3,1.0,1.0
222,222,2021/12/18,6阪神5,晴,5,2歳新馬,,18,4,8,6.3,2,5,松田大作,54,芝1400,稍,-7,1:23.6,0.6,71,6-7,34.8-36.4,36.5,434(0),,,パンドレア,70.0,16,70.0,70.0,0.6,71.0,26,26,26.0,36.5,0.7647058823529411,6.0,7.0,2.0,1.0,-1.0,7.0,6.0,2.0,1.0,-1.0,3,1.0,1.0
223,223,2022/01/05,1中京1,晴,11,スポニチ賞京都金杯(G3),,16,6,12,3.5,1,6,岩田望来,56,芝1600,良,-10,1:33.3,0.4,103,10-9-9,34.1-35.1,34.7,506(0),,,ザダル,0.0,1,8685.2,579.0133333333334,0.22666666666666666,96.66666666666667,-6,27,1.8,34.25333333333334,0.8391959798994975,10.0,9.0,3.0,4.0,1.0,6.666666666666667,7.066666666666666,3.533333333333333,3.933333333333333,0.4,5,6.0,2.7333333333333334
224,224,2022/02/12,1阪神1,晴,11,洛陽S(L),,17,6,12,4.0,1,3,川田将雅,56,芝1600,良,-19,1:32.1,0.2,105,4-4,35.1-34.1,34.0,470(+4),,,エアファンディタ,635.3,2,12331.4,822.0933333333334,0.3466666666666667,93.13333333333334,-21,41,2.7333333333333334,35.03333333333333,0.8033707865168539,4.0,4.0,1.0,1.0,0.0,3.7333333333333334,5.733333333333333,0.4,2.4,2.0,5,0.0,3.8
225,225,2022/03/06,1阪神8,晴,11,大阪城S(L),,12,8,12,2.8,1,2,津村明秀,55,芝1800,良,-16,1:44.9,0.1,104,9-9,35.5-34.8,33.8,518(-4),,,アルサトワ,1007.6,3,7826.5,652.2083333333334,0.26666666666666666,97.25,-16,-32,-2.6666666666666665,34.43333333333333,0.8589743589743589,9.0,9.0,7.0,7.0,0.0,7.416666666666667,7.5,4.583333333333333,4.666666666666667,0.08333333333333333,5,0.0,3.3333333333333335
226,226,2022/03/13,2中山6,晴,10,東風S(L),,14,8,13,4.1,2,3,戸崎圭太,54,芝1600,良,-12,1:34.3,0.2,92,4-6-6,35.5-34.6,33.9,478(-2),,,ボンセルヴィーソ,634.5,4,9534.1,560.8294117647059,0.3411764705882353,96.11764705882354,0,107,6.294117647058823,34.864705882352936,0.8,4.0,6.0,3.0,1.0,-2.0,5.294117647058823,5.176470588235294,1.6470588235294117,1.5294117647058822,-0.11764705882352941,5,0.0,2.9411764705882355
227,227,2022/01/15,1中京5,晴,11,愛知杯(G3),,16,8,16,37.0,11,10,池添謙一,52,芝2000,良,-6,2:01.6,0.6,90,4-4-3-2,36.9-34.8,35.3,480(+10),,,ルビーカサブランカ,0.0,5,6201.0,387.5625,0.41874999999999996,89.1875,7,172,10.75,35.125,0.7647058823529411,4.0,2.0,-8.0,-6.0,2.0,3.6875,3.875,-0.5625,-0.375,0.1875,5,6.0,3.3125
228,228,2021/02/27,2中山1,晴,11,幕張S(3勝クラス),,16,1,1,4.2,3.0,1,三浦皇成,57,芝1600,良,-18,1:31.8,0.0,109,2-2-2,34.3-34.8,34.5,496(-6),,,(エイムアンドエンド),1855.0,6,8351.3,596.5214285714285,0.5428571428571429,90.85714285714286,-25,124,8.857142857142858,35.25,0.7202380952380952,2.0,2.0,1.0,1.0,0.0,2.7142857142857144,2.357142857142857,-1.6428571428571428,-2.0,-0.35714285714285715,5,5.0,4.642857142857143
229,229,2021/04/18,3中山8,晴,11,皐月賞(G1),,16,8,16,18.8,9,8,福永祐一,57,芝2000,稍,2,2:01.8,1.2,95,6-4-2-2,36.3-37.0,38.1,478(+2),,出遅れ,エフフォーリア,0.0,7,6437.200000000001,1287.44,0.32,97.6,6,-4,-0.8,35.36,0.8412698412698413,6.0,2.0,-6.0,-2.0,4.0,4.4,5.4,1.4,2.4,1.0,4,8.0,5.8
230,230,2021/11/27,5東京7,晴,11,キャピタルS(L),,17,6,12,53.8,12,10,横山和生,54,芝1600,良,-11,1:33.9,0.9,95,17-17,34.4-34.7,34.0,456(-4),,出脚鈍い,プリンスリターン,0.0,8,7573.2,344.23636363636365,0.4227272727272727,97.63636363636364,0,52,2.3636363636363638,34.32272727272727,0.6577181208053692,17.0,17.0,7.0,7.0,0.0,8.636363636363637,8.636363636363637,3.0,3.0,0.0,6,0.0,3.272727272727273
231,231,2022/03/06,1阪神8,晴,11,大阪城S(L),,12,7,9,24.3,7,8,藤岡佑介,55,芝1800,良,-16,1:46.0,1.2,93,12-11,35.5-34.8,34.6,496(0),,,アルサトワ,0.0,9,10878.099999999999,388.5035714285714,0.5571428571428572,96.25,-5,109,3.892857142857143,34.449999999999996,0.6075268817204301,12.0,11.0,3.0,4.0,1.0,9.928571428571429,10.178571428571429,3.7142857142857144,3.9642857142857144,0.25,7,0.0,2.1785714285714284
232,232,2021/02/07,1東京4,晴,11,東京新聞杯(G3),,16,6,12,4.6,2,7,ルメール,56,芝1600,良,-14,1:32.9,0.5,103,2-2,34.9-34.3,34.7,506(+2),,,カラテ,0.0,10,6622.7,602.0636363636363,0.4,94.45454545454545,-10,57,5.181818181818182,35.07272727272727,0.7465753424657534,2.0,2.0,-5.0,-5.0,0.0,6.0,6.181818181818182,1.6363636363636365,1.8181818181818181,0.18181818181818182,5,6.0,5.454545454545454
233,233,2022/01/29,1東京1,晴,11,白富士S(L),,14,5,7,46.1,8,8,戸崎圭太,56,芝2000,良,-23,1:58.1,0.7,98,12-12-12,35.9-34.7,34.2,448(+2),,,ジャックドール,0.0,11,10393.7,451.90000000000003,0.5695652173913043,97.43478260869566,-22,19,0.8260869565217391,34.63913043478261,0.6348122866894198,12.0,12.0,4.0,4.0,0.0,8.73913043478261,9.73913043478261,3.0869565217391304,4.086956521739131,1.0,7,0.0,2.130434782608696
234,234,2022/02/27,2中山2,晴,11,中山記念(G2),,16,3,6,93.8,12,9,木幡育也,56,芝1800,良,-6.0,1:47.9,1.5,98.0,6-7-8-9,35.2-37.3,37.3,436(0),,,パンサラッサ,0.0,12,6368.6,353.81111111111113,0.5277777777777778,95.55555555555556,-6,97,5.388888888888889,35.477777777777774,0.6595744680851063,6.0,9.0,0.0,-3.0,-3.0,6.777777777777778,6.944444444444445,1.3333333333333333,1.5,0.16666666666666666,6,7.0,3.3333333333333335
235,235,2021/12/18,6阪神5,晴,11,タンザナイトS(OP),,15,8,15,4.0,1,4,松山弘平,54,芝1200,良,-9,1:08.6,0.1,99,10-10,33.8-34.7,33.8,460(+4),,出遅れ,ナランフレグ,350.0,13,10988.8,646.4,1.3647058823529412,82.41176470588235,3,322,18.941176470588236,34.83529411764705,0.6975806451612904,10.0,10.0,6.0,6.0,0.0,11.411764705882353,11.705882352941176,6.0,6.294117647058823,0.29411764705882354,6,5.0,3.8823529411764706
236,236,2022/02/12,1阪神1,晴,11,洛陽S(L),,17,2,4,4.7,3.0,8,藤岡佑介,53,芝1600,良,-19,1:32.9,1.0,97,8-6,35.1-34.1,34.6,476(+6),,,エアファンディタ,0.0,14,10126.9,675.1266666666667,0.7466666666666667,96.0,-13,59,3.933333333333333,34.99333333333334,0.6540284360189573,8.0,6.0,-2.0,0.0,2.0,7.466666666666667,7.466666666666667,1.6,1.6,0.0,5,0.0,4.2
237,237,2022/02/12,1阪神1,晴,11,洛陽S(L),,17,5,9,126.1,15,14,川須栄彦,55,芝1600,良,-19,1:33.8,1.9,87,17-15,35.1-34.1,34.9,550(0),,,エアファンディタ,0.0,15,10711.4,261.25365853658536,0.6902439024390242,92.63414634146342,-4,248,6.048780487804878,34.83170731707317,0.5108514190317195,17.0,15.0,1.0,3.0,2.0,7.439024390243903,7.682926829268292,-0.7073170731707317,-0.4634146341463415,0.24390243902439024,7,0.0,2.1707317073170733
238,238,2022/02/12,1阪神1,晴,11,洛陽S(L),,17,1,1,34.3,11,5,松田大作,55,芝1600,良,-19,1:32.5,0.6,101,8-6,35.1-34.1,34.2,508(-6),,,エアファンディタ,250.0,16,4078.5,509.8125,0.775,90.0,-17,40,5.0,35.2875,0.6,8.0,6.0,1.0,3.0,2.0,6.5,6.375,-0.5,-0.625,-0.125,4,0.0,4.125
239,239,2022/01/15,1中山5,晴,11,カーバンクルS(OP),,16,6,12,51.0,11,11,江田照男,54,芝1200,良,-2,1:09.5,0.8,91,13-12,33.1-35.6,35.2,470(+8),,,サンライズオネスト,0.0,17,6438.4,338.86315789473684,0.6157894736842104,90.10526315789474,10,239,12.578947368421053,34.92105263157894,0.5958904109589042,13.0,12.0,1.0,2.0,1.0,7.7368421052631575,7.842105263157895,0.5263157894736842,0.631578947368421,0.10526315789473684,6,5.0,3.789473684210526
240,240,2021/12/18,6阪神5,晴,11,タンザナイトS(OP),,15,1,1,16.1,7,15,藤懸貴志,54,芝1200,良,-9,1:10.1,1.6,77,1-1,33.8-34.7,36.3,506(+8),,,ナランフレグ,0.0,18,8846.0,327.6296296296296,0.5851851851851853,87.88888888888889,18,298,11.037037037037036,35.1,0.6309226932668329,1.0,1.0,-14.0,-14.0,0.0,3.5555555555555554,3.3703703703703702,-2.925925925925926,-3.111111111111111,-0.18518518518518517,6,5.0,2.7037037037037037
241,241,2022/01/30,1中京10,曇,9,刈谷特別(2勝クラス),,10,5,5,2.5,1,2,富田暁,56,芝1600,良,-10,1:34.6,0.1,89,5-5-6,35.8-35.2,34.1,470(0),,,フラーズダルム,606.2,1,3701.9,336.53636363636366,0.2818181818181818,90.45454545454545,7,142,12.909090909090908,35.00909090909091,0.8098591549295775,5.0,6.0,4.0,3.0,-1.0,4.636363636363637,4.454545454545454,1.1818181818181819,1.0,-0.18181818181818182,4,4.0,2.727272727272727
242,242,2022/03/13,1阪神10,曇,9,小豆島特別(2勝クラス),,12,6,8,13.2,6,3,松田大作,57,芝1600,良,-16,1:34.1,0.6,87,6-6,34.7-34.7,34.7,480(-4),,,ジャスティンカフェ,384.4,2,1774.4,221.8,1.2874999999999999,80.25,0,107,13.375,37.5375,0.6,6.0,6.0,3.0,3.0,0.0,4.375,5.875,-1.375,0.125,1.5,4,4.0,2.125
243,243,2022/03/06,1阪神8,晴,7,4歳以上1勝クラス,,16,4,8,3.9,1,1,松山弘平,57,芝1600,良,-16,1:33.3,0.0,95,6-5,34.5-35.3,34.7,526(-6),,,(リュクスフレンド),770.0,3,2048.5,157.57692307692307,0.6692307692307693,83.15384615384616,-9,109,8.384615384615385,35.36153846153846,0.7301587301587301,6.0,5.0,4.0,5.0,1.0,6.076923076923077,6.3076923076923075,1.1538461538461537,1.3846153846153846,0.23076923076923078,4,3.0,1.6923076923076923
244,244,2022/03/21,2中京4,晴,10,熱田特別(2勝クラス),,12,7,9,182.4,12,7,国分恭介,55,芝1400,良,-5,1:21.7,0.9,89,3-3,34.2-35.0,35.3,438(+2),,,タイニーロマンス,0.0,4,2556.5,65.55128205128206,0.8794871794871794,82.17948717948718,6,713,18.763157894736842,35.95384615384615,0.5,3.0,3.0,-4.0,-4.0,0.0,6.3076923076923075,6.435897435897436,-1.0,-0.8717948717948718,0.1282051282051282,6,3.0,2.3076923076923075
245,245,2022/03/05,1阪神7,晴,9,和田岬特別(2勝クラス),,9,8,8,17.8,6,3,松山弘平,57,芝2000,良,-9,2:00.7,0.1,91,6-7-7-6,36.6-35.4,34.9,452(-2),,,オールザワールド,383.0,5,3188.0,132.83333333333334,0.6833333333333335,77.625,1,528,22.0,36.512499999999996,0.6925675675675675,6.0,6.0,3.0,3.0,0.0,9.0,9.041666666666666,4.208333333333333,4.25,0.041666666666666664,4,4.0,2.0
246,246,2022/03/13,1阪神10,曇,9,小豆島特別(2勝クラス),,12,3,3,266.1,12,7,酒井学,57,芝1600,良,-16,1:34.5,1.0,83,9-10,34.7-34.7,34.8,474(-2),,,ジャスティンカフェ,0.0,6,7069.799999999999,160.6772727272727,0.8522727272727271,87.43181818181819,3,93,2.2142857142857144,35.67045454545455,0.5464601769911505,9.0,10.0,3.0,2.0,-1.0,4.681818181818182,4.386363636363637,-0.9772727272727273,-1.2727272727272727,-0.29545454545454547,8,3.0,1.5454545454545454
247,247,2022/02/19,1東京7,曇,12,4歳以上2勝クラス,,15,4,7,17.0,7,7,石橋脩,56,芝1800,良,-8,1:47.5,0.3,93,12-15-15,35.7-34.5,33.3,448(-4),,,キタノインパクト,0.0,7,2169.0,180.75,0.49166666666666653,84.75,6,136,11.333333333333334,34.43333333333334,0.7613636363636364,12.0,15.0,8.0,5.0,-3.0,9.833333333333334,10.583333333333334,5.333333333333333,6.083333333333333,0.75,4,3.0,1.9166666666666667
248,248,2022/02/26,2中山1,晴,10,富里特別(2勝クラス),,12,3,3,4.3,2.0,7,横山武史,56,芝1800,良,-7,1:48.6,0.7,93,12-12-12-10,36.8-34.7,34.1,486(+2),,出遅れ,レインカルナティオ,0.0,8,5671.8,354.4875,0.49374999999999997,89.8125,1,161,10.0625,34.96875,0.6848484848484848,12.0,10.0,3.0,5.0,2.0,7.1875,8.8125,2.9375,4.5625,1.625,4,3.0,3.6875
249,249,2022/03/20,1阪神12,曇,9,摂津特別(2勝クラス),,9,4,4,61.2,7,9,古川吉洋,57,芝1400,良,-12,1:21.7,0.6,92,9-9,35.7-34.0,33.8,504(-4),,出遅れ,メイショウシンタケ,0.0,9,1357.0,71.42105263157895,0.9473684210526315,80.0,7,342,20.11764705882353,35.652631578947364,0.5555555555555556,9.0,9.0,0.0,0.0,0.0,9.631578947368421,11.105263157894736,2.526315789473684,4.0,1.4736842105263157,5,3.0,1.7894736842105263
250,250,2022/02/26,1阪神5,晴,8,4歳以上2勝クラス,,9,1,1,236.5,9,8,松田大作,55,芝2400,良,-10,2:30.3,1.5,72,3-4-4-5,38.7-34.0,35.1,518(-2),,,ナムラカミカゼ,0.0,10,1257.5,54.67391304347826,1.2086956521739132,55.91304347826087,-64,182,22.75,38.77391304347826,0.6171003717472119,3.0,5.0,-3.0,-5.0,-2.0,5.086956521739131,4.956521739130435,-0.391304347826087,-0.5217391304347826,-0.13043478260869565,5,3.0,0.5652173913043478
