,index,日付,開催,天気,R,レース名,映像,頭数,枠番,馬番,オッズ,人気,着順,騎手,斤量,距離,馬場,馬場指数,タイム,着差,ﾀｲﾑ指数,通過,ペース,上り,馬体重,厩舎ｺﾒﾝﾄ,備考,勝ち馬(2着馬),賞金,本番着順,予想タイム差,着差平均_condision,勝率_condision,上り差平均,着差平均_speed,勝率_speed,着差平均,上り平均,着順平均,タイム計算平均,種牡馬成績,母父成績
0,0,2023/02/12,1東京6,晴,11,共同通信杯(G3),,12,6,8,4.1,3,1,ルメール,56,芝1800,良,**,1:47.0,-0.2,**,3-2-2,35.3-34.1,34.0,502(0),,,(タッチウッド),4042.7,1,-0.44943767384909705,-0.016666666666666663,0.9117647058823529,1.1183999999999987,-0.016666666666666663,0.9117647058823529,-0.09999999999999999,34.0,2.0,,,
1,1,2023/02/12,1東京6,晴,11,共同通信杯(G3),,12,5,5,9.2,5,2,バシュロ,56,芝1800,良,**,1:47.2,0.2,**,5-1-1,35.3-34.1,34.3,528(+4),,,ファントムシーフ,1612.2,2,,-0.5,1.0,,-0.5,1.0,-1.0,34.0,1.0,,,
2,2,2023/02/12,1東京6,晴,11,共同通信杯(G3),,12,1,1,3.6,1,3,川田将雅,56,芝1800,良,**,1:47.2,0.2,**,5-6-6,35.3-34.1,33.6,502(+2),,,ファントムシーフ,1006.1,3,-0.5983550446886648,0.0,0.9444444444444444,0.6002666666666675,0.0,0.9444444444444444,-0.06666666666666668,33.800000000000004,1.6666666666666667,,,
3,3,2023/02/12,1東京6,晴,11,共同通信杯(G3),,12,5,6,3.7,2,4,福永祐一,56,芝1800,良,**,1:47.2,0.2,**,3-5-5,35.3-34.1,33.7,486(+2),,,ファントムシーフ,600.0,4,-1.6649331352149965,-0.3,1.0,0.8292000000000002,-0.3,1.0,-0.6,33.5,1.0,,,
4,4,2023/02/12,1東京6,晴,11,共同通信杯(G3),,12,8,11,69.2,10,5,横山和生,56,芝1800,良,**,1:47.5,0.5,**,12-9-8,35.3-34.1,33.6,474(+8),,,ファントムシーフ,400.0,5,2.034801136364006,0.11666666666666668,0.8148148148148148,1.6139999999999972,-0.024999999999999994,0.9444444444444444,0.06666666666666668,32.93333333333334,2.6666666666666665,,,
5,5,2023/02/12,1東京6,晴,11,共同通信杯(G3),,12,4,4,101.5,11,6,吉田隼人,56,芝1800,良,**,1:47.5,0.5,**,2-3-3,35.3-34.1,34.2,500(+6),,,ファントムシーフ,,6,1.9348011363640119,0.3666666666666667,0.75,1.137400000000003,0.4,0.8,0.3666666666666667,33.699999999999996,3.0,,,
6,6,2023/02/12,1東京6,晴,11,共同通信杯(G3),,12,2,2,39.6,8,7,松山弘平,56,芝1800,良,**,1:47.6,0.6,**,5-6-8,35.3-34.1,33.7,472(0),,,ファントムシーフ,,7,-0.2296794054454967,0.09999999999999999,0.9375,0.22346666666666457,0.09999999999999999,0.9375,0.033333333333333326,34.333333333333336,1.6666666666666667,,,
7,7,2023/02/12,1東京6,晴,11,共同通信杯(G3),,12,6,7,284.7,12,8,吉田豊,56,芝1800,良,**,1:47.8,0.8,**,11-9-11,35.3-34.1,33.7,468(-6),,,ファントムシーフ,,8,0.1937807357408099,0.7142857142857143,0.6875,-0.4889999999999996,0.5666666666666667,0.7101449275362319,0.7142857142857143,35.24285714285714,4.571428571428571,,,
8,8,2023/02/12,1東京6,晴,11,共同通信杯(G3),,12,7,9,4.7,4,9,Ｍ．デム,56,芝1800,良,**,1:48.1,1.1,**,9-9-8,35.3-34.1,34.2,472(+2),,,ファントムシーフ,,9,-1.0057600391734474,-0.09999999999999999,0.9375,-0.09580000000000055,-0.09999999999999999,0.9375,-0.25,34.45,2.0,,,
9,9,2023/02/12,1東京6,晴,11,共同通信杯(G3),,12,8,12,18.1,6,10,田辺裕信,56,芝1800,良,**,1:48.2,1.2,**,9-12-11,35.3-34.1,34.1,452(+12),,,ファントムシーフ,,10,-1.8518830953987226,0.2333333333333333,0.7941176470588235,0.9603999999999999,0.35,0.6818181818181818,0.2333333333333333,33.56666666666667,3.3333333333333335,,,
10,10,2023/02/12,1東京6,晴,11,共同通信杯(G3),,12,3,3,59.5,9,11,三浦皇成,56,芝1800,良,**,1:48.6,1.6,**,1-3-3,35.3-34.1,35.2,470(+6),,,ファントムシーフ,,11,-1.467461934141302,0.3,0.8125,-0.316399999999998,0.35,0.7916666666666666,0.13333333333333333,35.46666666666667,2.6666666666666665,,,
11,11,2023/02/12,1東京6,晴,11,共同通信杯(G3),,12,7,10,39.3,7,12,戸崎圭太,56,芝1800,良,**,1:48.9,1.9,**,8-6-6,35.3-34.1,35.2,440(-6),,,ファントムシーフ,,12,-0.16493313521499875,0.15,0.8235294117647058,0.4166666666666667,0.15,0.8235294117647058,0.06666666666666667,34.4,3.0,,,70.8
12,12,2022/06/12,3東京4,晴,11,エプソムC(G3),,12,5,6,7.3,4,1,岩田康誠,56,芝1800,重,**,1:46.7,0.0,**,3-3-3,36.2-35.1,34.6,492(-4),,,(ガロアクリーク),4342.0,1,-0.3460964476363376,0.2583333333333333,0.8088235294117647,-0.48279999999999923,0.5437500000000001,0.6530612244897959,0.4625,35.475,5.25,,,
13,13,2022/06/12,3東京4,晴,11,エプソムC(G3),,12,6,8,26.9,8.0,2,石橋脩,56,芝1800,重,**,1:46.7,0.0,**,7-7-5,36.2-35.1,34.2,510(-2),,,ノースブリッジ,1712.0,2,-1.762598864051868,0.7625000000000001,0.6826923076923077,-0.4837499999999979,0.5222222222222223,0.7327586206896551,0.7916666666666669,35.69166666666667,,,,
14,14,2022/06/12,3東京4,晴,11,エプソムC(G3),,12,5,5,3.7,2,3,ルメール,56.0,芝1800,重,**,1:46.8,0.1,**,4-5-5,36.2-35.1,34.4,536(-8),,,ノースブリッジ,1106.0,3,-2.689431157683972,0.5700000000000001,0.7121212121212122,0.26668571428571497,0.43333333333333335,0.7377049180327869,0.6363636363636364,35.10909090909091,5.545454545454546,,,
15,15,2022/06/12,3東京4,晴,11,エプソムC(G3),,12,8,11,3.2,1,4,横山典弘,56,芝1800,重,**,1:46.8,0.1,**,12-12-12,36.2-35.1,33.5,490(0),,,ノースブリッジ,650.0,4,0.7055743243240137,0.16111111111111112,0.8425925925925926,1.395478260869563,0.16875,0.8431372549019608,0.08888888888888889,33.85555555555556,2.888888888888889,,,
16,16,2022/06/12,3東京4,晴,11,エプソムC(G3),,12,2,2,9.4,5,5,戸崎圭太,56,芝1800,重,**,1:46.9,0.2,**,10-10-10,36.2-35.1,33.9,484(+6),,,ノースブリッジ,430.0,5,-1.8316673979291669,0.4333333333333334,0.7345679012345679,0.24300000000000033,0.6357142857142858,0.6216216216216216,0.5000000000000001,34.74,5.666666666666667,,,
17,17,2022/06/12,3東京4,晴,11,エプソムC(G3),,12,8,12,6.7,3.0,6,レーン,58.0,芝1800,重,**,1:46.9,0.2,**,7-9-7,36.2-35.1,34.2,504(0),,,ノースブリッジ,,6,-2.9252934957258194,0.27083333333333337,0.7604790419161677,0.6666944444444424,0.28076923076923077,0.7717391304347826,0.3785714285714286,34.67857142857143,,,,
18,18,2022/06/12,3東京4,晴,11,エプソムC(G3),,12,4,4,12.0,7,7,川田将雅,56,芝1800,重,**,1:47.2,0.5,**,4-5-7,36.2-35.1,34.6,472(0),,,ノースブリッジ,,7,-2.3770110440677477,0.3833333333333333,0.8257575757575758,0.3193500000000018,0.3833333333333333,0.8257575757575758,0.3222222222222222,34.54444444444445,3.5555555555555554,,100.0,
19,19,2022/06/12,3東京4,晴,11,エプソムC(G3),,12,1,1,10.2,6,8,坂井瑠星,56,芝1800,重,**,1:47.2,0.5,**,7-8-7,36.2-35.1,34.6,486(+4),,,ノースブリッジ,,8,-2.861599011904688,0.5499999999999999,0.6870748299319728,0.7730736842105264,0.49999999999999994,0.6818181818181818,0.6518518518518518,34.69629629629629,6.0,,,
20,20,2022/06/12,3東京4,晴,11,エプソムC(G3),,12,3,3,74.1,11,9,三浦皇成,56,芝1800,重,**,1:47.4,0.7,**,2-2-2,36.2-35.1,35.4,464(+6),,,ノースブリッジ,,9,-1.6715855769161378,0.4666666666666666,0.7575757575757576,0.10328842105264044,0.7000000000000001,0.6736842105263158,0.6875,35.300000000000004,4.875,,,
21,21,2022/06/12,3東京4,晴,11,エプソムC(G3),,12,7,9,195.1,12,10,長岡禎仁,56,芝1800,重,**,1:47.5,0.8,**,10-10-10,36.2-35.1,34.5,448(-2),,,ノースブリッジ,,10,-1.899973659785791,1.1500000000000001,0.3626943005181347,0.2013263157894742,0.67,0.5,0.9714285714285713,34.989285714285714,8.25,,,70.8
22,22,2022/06/12,3東京4,晴,11,エプソムC(G3),,12,7,10,38.4,9,11,原優介,58.0,芝1800,重,**,1:47.7,1.0,**,1-1-1,36.2-35.1,36.1,464(-4),,,ノースブリッジ,,11,-1.1776957125213117,0.8926470588235293,0.5233644859813084,-0.7874451612903222,0.6981481481481482,0.5555555555555556,0.9750000000000002,36.15555555555555,7.222222222222222,,,
23,23,2022/06/12,3東京4,晴,11,エプソムC(G3),,12,6,7,44.2,10,12,田辺裕信,56,芝1800,重,**,1:48.0,1.3,**,4-3-3,36.2-35.1,35.8,442(-6),,,ノースブリッジ,,12,-1.8149611895080269,0.2833333333333333,0.8282828282828283,0.057599999999999575,0.26785714285714285,0.8415300546448088,0.2733333333333334,34.96,3.2666666666666666,,100.0,
24,24,2022/02/13,1東京6,雨,11.0,共同通信杯(G3),,11,8.0,10,3.9,3,1,松山弘平,56,芝1800,稍,**,1:47.9,-0.2,**,6-6-5,36.1-34.3,33.7,502(+4),,,(ジオグリフ),4041.3,1,-0.8026827094475042,-0.15,1.0,1.3323999999999998,-0.15,1.0,-0.3,33.1,1.0,,,
25,25,2022/02/13,1東京6,雨,11.0,共同通信杯(G3),,11,5.0,5,3.4,1,2,ルメール,57,芝1800,稍,**,1:48.1,0.2,**,2-4-5,36.1-34.3,34.0,498(+2),,,ダノンベルーガ,1611.8,2,-0.630233557898995,0.016666666666666673,0.8709677419354839,0.20400000000000063,0.016666666666666673,0.8709677419354839,-0.13333333333333333,34.63333333333333,2.3333333333333335,,,
26,26,2022/02/13,1東京6,雨,11.0,共同通信杯(G3),,11,7.0,8,29.8,8,3,岩田康誠,56,芝1800,稍,**,1:48.3,0.4,**,1-1-1,36.1-34.3,34.7,470(+4),,,ダノンベルーガ,1005.9,3,-0.2983687163084417,0.125,0.8695652173913043,0.0004000000000008441,0.125,0.8695652173913043,0.1,34.875,2.5,,,
27,27,2022/02/13,1東京6,雨,11.0,共同通信杯(G3),,11,7.0,9,20.2,6,4,武豊,56,芝1800,稍,**,1:48.5,0.6,**,2-4-3,36.1-34.3,34.5,474(+18),,,ダノンベルーガ,600.0,4,-0.8026827094474971,0.07500000000000001,0.9642857142857143,-0.01759999999999806,0.07500000000000001,0.9642857142857143,0.05,34.45,1.5,,,
28,28,2022/02/13,1東京6,雨,11.0,共同通信杯(G3),,11,2.0,2,3.5,2,5,田辺裕信,56,芝1800,稍,**,1:48.7,0.8,**,11-11-11,36.1-34.3,33.8,510(+12),,,ダノンベルーガ,400.0,5,-1.4036478058153368,0.175,0.925,0.9655999999999997,0.175,0.925,0.15000000000000002,33.775,1.75,,,
29,29,2022/02/13,1東京6,雨,11.0,共同通信杯(G3),,11,6.0,7,22.9,7,6,戸崎圭太,56,芝1800,稍,**,1:48.7,0.8,**,2-2-2,36.1-34.3,34.8,490(-4),,,ダノンベルーガ,,6,-0.4810771470160116,-0.05,0.95,0.639599999999998,-0.05,0.95,-0.1,34.650000000000006,1.5,,,70.8
30,30,2022/02/13,1東京6,雨,11.0,共同通信杯(G3),,11,8.0,11,5.3,4,7,川田将雅,56.0,芝1800,稍,**,1:48.8,0.9,**,8-8-7,36.1-34.3,34.3,458(0),,,ダノンベルーガ,,7,-0.29442567567599626,0.06666666666666667,0.92,0.5330000000000013,0.06666666666666667,0.92,0.06666666666666667,34.03333333333333,1.6666666666666667,,,
31,31,2022/02/13,1東京6,雨,11.0,共同通信杯(G3),,11,3.0,3,41.4,9,8,横山武史,56,芝1800,稍,**,1:49.1,1.2,**,2-2-3,36.1-34.3,35.1,464(-2),,,ダノンベルーガ,,8,-0.7176822671790197,0.16666666666666666,0.8333333333333334,0.5473333333333343,0.16666666666666666,0.8333333333333334,0.13333333333333333,34.03333333333333,2.6666666666666665,,,70.8
32,32,2022/02/13,1東京6,雨,11.0,共同通信杯(G3),,11,6.0,6,16.2,5,9,柴田大知,56,芝1800,稍,**,1:49.2,1.3,**,10-10-9,36.1-34.3,34.5,454(0),,,ダノンベルーガ,,9,4.4350668647849885,0.21666666666666665,0.6842105263157895,0.7294666666666648,0.21666666666666665,0.6842105263157895,0.16666666666666666,34.1,5.0,,,
33,33,2022/02/13,1東京6,雨,11.0,共同通信杯(G3),,11,1.0,1,55.1,10,10,松岡正海,56,芝1800,稍,**,1:49.3,1.4,**,9-9-9,36.1-34.3,34.6,464(+6),,,ダノンベルーガ,,10,-0.664933135214995,0.2125,0.8260869565217391,0.23439999999999847,0.2125,0.8260869565217391,0.175,35.075,3.0,,,
34,34,2021/06/13,3東京4,曇,11,エプソムC(G3),,18,7,15,6.8,3.0,1,石橋脩,56.0,芝1800,良,**,1:45.1,-0.1,**,10-9-8,35.3-34.9,34.4,504(+12),,,(サトノフラッグ),4163.0,1,-2.8293887079725706,0.14999999999999997,0.8522727272727273,0.9780476190476151,0.18124999999999997,0.8571428571428571,0.3555555555555555,34.74444444444444,,,,
35,35,2021/06/13,3東京4,曇,11,エプソムC(G3),,18,7,13,11.8,6.0,2,戸崎圭太,56.0,芝1800,良,**,1:45.2,0.1,**,14-15-12,35.3-34.9,34.3,496(-2),,,ザダル,1618.0,2,-4.46615471254302,0.39166666666666666,0.7916666666666666,0.19417793880836717,0.50625,0.7962962962962963,0.5399999999999999,35.92999999999999,,,100.0,
36,36,2021/06/13,3東京4,曇,11,エプソムC(G3),,18,4,7,6.5,2.0,3,川田将雅,56.0,芝1800,良,**,1:45.4,0.3,**,13-10-7,35.3-34.9,34.8,460(+4),,,ザダル,1009.0,3,-1.7566949357793127,0.10625,0.9240506329113924,,0.14375,0.9,0.26,35.12,3.3,,100.0,
37,37,2021/06/13,3東京4,曇,11,エプソムC(G3),,18,2,3,14.3,8.0,4,浜中俊,57.0,芝1800,良,**,1:45.4,0.3,**,8-10-8,35.3-34.9,34.7,494(-4),,,ザダル,620.0,4,-0.9979099310059716,0.10625000000000002,0.8469387755102041,,0.24090909090909093,0.825503355704698,0.2846153846153846,34.86923076923077,3.6923076923076925,,,
38,38,2021/06/13,3東京4,曇,11,エプソムC(G3),,18,8,18,49.7,13.0,5,武藤雅,56.0,芝1800,良,**,1:45.5,0.4,**,2-2-2,35.3-34.9,35.3,480(-2),,,ザダル,410.0,5,-2.315091037940764,0.4157894736842106,0.7074235807860262,0.06841754385964811,0.34374999999999994,0.7329842931937173,0.425,35.32,4.8,,,
39,39,2021/06/13,3東京4,曇,11,エプソムC(G3),,18,3,6,31.6,11.0,6,吉田豊,56.0,芝1800,良,**,1:45.6,0.5,**,10-16-16,35.3-34.9,34.4,462(-12),,,ザダル,,6,-1.7837528485497427,1.1833333333333333,0.5,-1.4474999999999998,0.4000000000000001,0.8472222222222222,1.0055555555555555,37.288888888888884,,,,
40,40,2021/06/13,3東京4,曇,11,エプソムC(G3),,18,8,17,13.2,7.0,7,岩田望来,56.0,芝1800,良,**,1:45.6,0.5,**,10-10-12,35.3-34.9,34.7,440(+12),,,ザダル,,7,-1.4857718022142632,0.5625000000000001,0.8333333333333334,,0.01,0.953125,0.5142857142857142,35.6,3.857142857142857,,100.0,
41,41,2021/06/13,3東京4,曇,11,エプソムC(G3),,18,5,10,128.5,17.0,8,田辺裕信,56.0,芝1800,良,**,1:45.7,0.6,**,17-16-16,35.3-34.9,34.5,504(+4),,,ザダル,,8,-1.9760797876392053,0.40624999999999994,0.6721311475409836,0.9642370977659352,0.3906249999999999,0.6621621621621622,0.39411764705882346,34.526470588235306,4.823529411764706,,,
42,42,2021/06/13,3東京4,曇,11,エプソムC(G3),,18,5,9,11.3,5.0,9,木幡巧也,56.0,芝1800,良,**,1:45.8,0.7,**,3-4-3,35.3-34.9,35.3,508(+2),,,ザダル,,9,-1.7823527506232093,0.34615384615384615,0.8726114649681529,0.30456000000000144,0.2833333333333334,0.875,0.3285714285714286,35.24285714285714,2.5714285714285716,,,
43,43,2021/06/13,3東京4,曇,11,エプソムC(G3),,18,4,8,3.9,1.0,10,ルメール,56.0,芝1800,良,**,1:46.4,1.3,**,6-5-3,35.3-34.9,36.0,462(-4),,,ザダル,,10,-1.6304255968125623,0.21666666666666665,0.82,1.3391999999999995,0.5000000000000001,0.6119402985074627,0.48571428571428577,34.15714285714285,,,100.0,
44,44,2021/06/13,3東京4,曇,11.0,エプソムC(G3),,18,1.0,2,25.1,10.0,11,武豊,56.0,芝1800,良,**,1:46.5,1.4,**,8-10-8,35.3-34.9,35.8,510(+2),,,ザダル,,11,-3.0587998818228512,0.27142857142857146,0.7183098591549296,,0.3750000000000001,0.6818181818181818,0.9111111111111109,35.455555555555556,6.0,,,
45,45,2021/06/13,3東京4,曇,11,エプソムC(G3),,18,7,14,34.7,12.0,12,野中悠太,56.0,芝1800,良,**,1:46.5,1.4,**,6-5-8,35.3-34.9,35.8,510(+10),,,ザダル,,12,-0.33726029983217354,0.72,0.7878787878787878,-0.2895999999999977,0.36666666666666653,0.8461538461538461,0.7777777777777777,35.75555555555556,,,,
46,46,2021/06/13,3東京4,曇,11,エプソムC(G3),,18,1,1,170.3,18.0,13,柴田善臣,56.0,芝1800,良,**,1:46.6,1.5,**,18-18-16,35.3-34.9,35.4,442(+6),,,ザダル,,13,-1.720612956123853,0.4673076923076923,0.7159090909090909,0.44693514431239495,0.45833333333333337,0.6727272727272727,0.5705882352941177,35.279411764705884,5.147058823529412,,100.0,
47,47,2021/06/13,3東京4,曇,11,エプソムC(G3),,18,8,16,7.6,4.0,14,Ｍ．デム,57.0,芝1800,良,**,1:46.7,1.6,**,15-5-12,35.3-34.9,35.8,518(+4),,,ザダル,,14,-0.9263266193134558,0.059999999999999984,0.9,0.20498319783197713,0.059999999999999984,0.9,0.01,34.65,,,,
48,48,2021/06/13,3東京4,曇,11,エプソムC(G3),,18,6,12,56.4,15.0,15,菊沢一樹,56.0,芝1800,良,**,1:46.7,1.6,**,15-10-15,35.3-34.9,35.6,554(-2),,,ザダル,,15,-2.0347928655097847,0.41500000000000004,0.7923076923076923,-0.20236363636363758,0.4,0.7638888888888888,0.3761904761904762,34.833333333333336,4.238095238095238,,,
49,49,2021/06/13,3東京4,曇,11,エプソムC(G3),,18,3,5,54.0,14.0,16,三浦皇成,58.0,芝1800,良,**,1:46.9,1.8,**,1-1-1,35.3-34.9,36.7,488(+6),,,ザダル,,16,-2.3497219464686805,0.20500000000000002,0.7833333333333333,0.7821454545454553,0.2852941176470588,0.7663551401869159,0.29,35.095,4.1,,,
50,50,2021/06/13,3東京4,曇,11,エプソムC(G3),,18,2,4,14.5,9.0,17,石川裕紀,56.0,芝1800,良,**,1:47.0,1.9,**,3-5-3,35.3-34.9,36.6,518(0),,,ザダル,,17,-3.391602748864004,0.27499999999999997,0.8589743589743589,0.7045599999999993,0.32142857142857145,0.8602150537634409,0.24999999999999994,35.5,2.625,,,
51,51,2021/06/13,3東京4,曇,11,エプソムC(G3),,18,6,11,92.9,16.0,18,江田照男,56.0,芝1800,良,**,1:47.0,1.9,**,3-2-3,35.3-34.9,36.6,486(0),,,ザダル,,18,-1.620274166483561,0.7636363636363637,0.5474452554744526,-0.18887878787879037,0.6,0.6231884057971014,0.84375,36.0375,7.25,,,
52,52,2021/02/14,1東京6,晴,11,共同通信杯(G3),,12,6,7,6.8,4,1,横山武史,56,芝1800,良,**,1:47.6,-0.4,**,2-4-3,37.4-33.8,33.4,514(+4),,,(ヴィクティファルス),3842.7,1,0.2773062496038959,-0.07500000000000001,1.0,0.7397999999999989,-0.07500000000000001,1.0,-0.15000000000000002,34.55,,,,
53,53,2021/02/14,1東京6,晴,11,共同通信杯(G3),,12,7,9,41.9,7,2,松山弘平,56,芝1800,良,**,1:48.0,0.4,**,7-5-5,37.4-33.8,33.6,478(-6),,,エフフォーリア,1512.2,2,0.5055743243240014,-0.05,1.0,0.27840000000000487,-0.05,1.0,-0.1,34.4,1.0,,,
54,54,2021/02/14,1東京6,晴,11.0,共同通信杯(G3),,12,8.0,11,4.9,2,3,福永祐一,56.0,芝1800,良,**,1:48.0,0.4,**,7-8-8,37.4-33.8,33.4,448(-2),,,エフフォーリア,956.1,3,0.3101515151520002,0.0,1.0,0.5031999999999996,0.0,1.0,0.0,34.6,1.0,,100.0,
55,55,2021/02/14,1東京6,晴,11,共同通信杯(G3),,12,2,2,10.4,6,4,ルメール,56,芝1800,良,**,1:48.0,0.4,**,11-8-10,37.4-33.8,33.3,496(+8),,,エフフォーリア,570.0,4,2.5044660194170083,0.3666666666666667,0.8260869565217391,0.7079999999999984,0.0,1.0,0.3666666666666667,35.53333333333333,2.3333333333333335,,,
56,56,2021/02/14,1東京6,晴,11.0,共同通信杯(G3),,12,3.0,3,2.3,1,5,横山典弘,57.0,芝1800,良,**,1:48.1,0.5,**,6-5-6,37.4-33.8,33.6,500(-2),,,エフフォーリア,380.0,5,-3.4808615331491772,-0.049999999999999996,0.972972972972973,0.9876000000000005,0.05,0.9642857142857143,-0.13333333333333333,35.333333333333336,1.3333333333333333,,,70.8
57,57,2021/02/14,1東京6,晴,11,共同通信杯(G3),,12,8,12,42.7,8,6,坂井瑠星,56,芝1800,良,**,1:48.3,0.7,**,11-12-12,37.4-33.8,33.4,462(+2),,,エフフォーリア,,6,-6.876837084614725,0.8,0.5,0.2382666666666656,0.4,0.7540983606557377,0.38,34.94,4.0,,,
58,58,2021/02/14,1東京6,晴,11,共同通信杯(G3),,12,4,4,46.1,9,7,田辺裕信,56,芝1800,良,**,1:48.3,0.7,**,9-8-10,37.4-33.8,33.6,470(-4),,,エフフォーリア,,7,0.2697664421010068,0.525,0.7435897435897436,0.9170666666666657,0.525,0.7435897435897436,0.525,34.55,3.5,,,
59,59,2021/02/14,1東京6,晴,11,共同通信杯(G3),,12,5,5,327.7,12,8,北村宏司,56,芝1800,良,**,1:48.4,0.8,**,1-3-3,37.4-33.8,34.2,498(-8),,,エフフォーリア,,8,-0.1649331352149943,0.9833333333333334,0.6285714285714286,-0.7708000000000013,0.9833333333333334,0.6285714285714286,0.9666666666666667,35.56666666666667,5.333333333333333,,,
60,60,2021/02/14,1東京6,晴,11,共同通信杯(G3),,12,6,8,5.6,3,9,戸崎圭太,54,芝1800,良,**,1:48.5,0.9,**,9-8-8,37.4-33.8,33.9,422(+4),,,エフフォーリア,,9,-1.7869085451977167,-0.3,1.0,0.8207999999999984,-0.3,1.0,-0.6,33.4,1.0,,100.0,
61,61,2021/02/14,1東京6,晴,11,共同通信杯(G3),,12,7,10,303.9,11,10,大野拓弥,56,芝1800,良,**,1:48.5,0.9,**,4-1-1,37.4-33.8,34.7,432(-4),,,エフフォーリア,,10,-2.3540727902950005,0.3125,0.6363636363636364,0.36979545454545004,0.3125,0.6363636363636364,0.25,35.575,4.0,,,
62,62,2021/02/14,1東京6,晴,11,共同通信杯(G3),,12,1,1,8.9,5,11,石橋脩,56,芝1800,良,**,1:48.6,1.0,**,4-5-6,37.4-33.8,34.1,462(-4),,,エフフォーリア,,11,-0.3810771470160005,-0.05,1.0,0.33840000000000003,-0.05,1.0,-0.1,35.1,1.0,,,
63,63,2021/02/14,1東京6,晴,11,共同通信杯(G3),,12,5,6,79.3,10,12,丸山元気,56,芝1800,良,**,1:48.8,1.2,**,2-2-2,37.4-33.8,34.9,500(+2),,,エフフォーリア,,12,1.4042445551188807,0.42500000000000004,0.7368421052631579,0.25760000000000005,0.42500000000000004,0.7368421052631579,0.30000000000000004,35.45,3.5,,,
64,64,2020/11/23,5東京7,曇,11.0,東京スポーツ杯2歳S(G3),,10,3.0,3,1.7,1,1,川田将雅,55,芝1800,良,**,1:47.5,-0.2,**,3-3-3,35.8-34.3,33.5,520(+24),,,(タイトルホルダー),3335.0,1,,-0.25,1.0,,-0.25,1.0,-0.5,34.7,1.0,,,
65,65,2020/11/23,5東京7,曇,11.0,東京スポーツ杯2歳S(G3),,10,2.0,2,16.6,5,2,戸崎圭太,55.0,芝1800,良,**,1:47.7,0.2,**,1-2-2,35.8-34.3,33.9,470(-2),,,ダノンザキッド,1310.0,2,0.6189228529839993,-0.1,1.0,-0.4615999999999971,-0.1,1.0,-0.2,35.9,,,,
66,66,2020/11/23,5東京7,曇,11.0,東京スポーツ杯2歳S(G3),,10,8.0,10,8.8,3,3,武豊,55,芝1800,良,**,1:47.8,0.3,**,6-7-6,35.8-34.3,33.6,428(-10),,,ダノンザキッド,835.0,3,-1.389848484848006,0.025,0.9473684210526315,1.0219999999999985,0.025,0.9473684210526315,0.0,34.1,,,,
67,67,2020/11/23,5東京7,曇,11.0,東京スポーツ杯2歳S(G3),,10,6.0,6,26.9,6,4,田辺裕信,55,芝1800,良,**,1:47.9,0.4,**,7-9-8,35.8-34.3,33.6,472(+4),,,ダノンザキッド,500.0,4,1.7044660194170087,0.45,0.8421052631578947,1.2952000000000012,0.45,0.8421052631578947,0.45,34.8,2.5,,,
68,68,2020/11/23,5東京7,曇,11.0,東京スポーツ杯2歳S(G3),,10,7.0,7,30.8,7,5,横山典弘,55,芝1800,良,**,1:48.1,0.6,**,9-4-6,35.8-34.3,34.0,460(0),,,ダノンザキッド,330.0,5,0.24032824780350648,0.35,0.7837837837837838,0.38809999999999967,0.3,0.8333333333333334,0.325,35.4,3.0,,,
69,69,2020/11/23,5東京7,曇,11.0,東京スポーツ杯2歳S(G3),,10,1.0,1,3.7,2,6,ルメール,55,芝1800,良,**,1:48.3,0.8,**,4-4-3,35.8-34.3,34.3,514(+8),,,ダノンザキッド,,6,0.33480113636400394,-0.25,1.0,1.4423999999999992,-0.25,1.0,-0.5,33.1,1.0,,,
70,70,2020/11/23,5東京7,曇,11.0,東京スポーツ杯2歳S(G3),,10,8.0,9,45.7,8,7,横山和生,54,芝1800,良,**,1:48.6,1.1,**,7-7-8,35.8-34.3,34.2,438(-4),,,ダノンザキッド,,7,0.754466019417005,0.30000000000000004,0.7096774193548387,0.8703999999999988,0.3,0.6923076923076923,0.275,35.075,3.25,,,
71,71,2020/11/23,5東京7,曇,11.0,東京スポーツ杯2歳S(G3),,10,4.0,4,13.4,4,8,Ｍ．デム,55,芝1800,良,**,1:48.7,1.2,**,2-1-1,35.8-34.3,35.5,460(0),,,ダノンザキッド,,8,0.34731729055249816,0.05,0.9473684210526315,0.7323999999999984,0.05,0.9473684210526315,0.0,34.2,1.5,,,
72,72,2020/11/23,5東京7,曇,11.0,東京スポーツ杯2歳S(G3),,10,7.0,8,164.2,9,9,大野拓弥,55,芝1800,良,**,1:49.5,2.0,**,4-4-3,35.8-34.3,35.5,460(+8),,,ダノンザキッド,,9,2.1446707953063617,0.15000000000000002,0.92,0.18559999999999377,0.15000000000000002,0.92,0.1,35.150000000000006,,,,
73,73,2020/06/14,3東京4,曇,11,エプソムC(G3),,18,3,6,22.1,9,1,内田博幸,56.0,芝1800,不,**,1:47.7,-0.2,**,3-2-2,35.3-36.5,36.1,500(-16),,,(ソーグリッタリング),4165.1,1,-2.7843091147928956,0.419047619047619,0.6690909090909091,0.4099428571428573,0.4545454545454545,0.6438356164383562,0.4391304347826086,34.53043478260869,5.739130434782608,,,
74,74,2020/06/14,3東京4,曇,11,エプソムC(G3),,18,1,1,9.8,5,2,藤井勘一,57.0,芝1800,不,**,1:47.9,0.2,**,6-5-4,35.3-36.5,36.0,486(+8),,,ダイワキャグニー,1618.6,2,-1.6430940779228163,0.23600000000000004,0.8233333333333334,0.46538181818181845,0.24583333333333338,0.8213058419243986,0.20800000000000002,34.428000000000004,3.12,,,
75,75,2020/06/14,3東京4,曇,11,エプソムC(G3),,18,8,18,136.9,18,3,木幡育也,56.0,芝1800,不,**,1:47.9,0.2,**,1-1-1,35.3-36.5,36.7,478(-4),,,ダイワキャグニー,1009.3,3,-0.7020324695822364,0.8656250000000001,0.5217391304347826,-0.5084249999999986,0.7566666666666667,0.5325443786982249,0.8499999999999999,35.4,6.5,,,
76,76,2020/06/14,3東京4,曇,11,エプソムC(G3),,18,8,16,9.3,4,4,岩田望来,54.0,芝1800,不,**,1:47.9,0.2,**,6-8-7,35.3-36.5,35.6,466(0),,,ダイワキャグニー,620.0,4,-2.2452917395104977,-0.041666666666666664,0.9552238805970149,1.2799407407407344,-0.041666666666666664,0.9552238805970149,-0.15,34.55,1.5,,,
77,77,2020/06/14,3東京4,曇,11,エプソムC(G3),,18,6,11,17.2,8,5,武藤雅,56.0,芝1800,不,**,1:48.0,0.3,**,2-3-3,35.3-36.5,36.3,476(-2),,,ダイワキャグニー,410.0,5,-0.5920805953357025,0.2846153846153846,0.7724137931034483,0.3712523809523794,0.3083333333333333,0.762962962962963,0.30714285714285705,35.02142857142857,4.0,,,
78,78,2020/06/14,3東京4,曇,11,エプソムC(G3),,18,2,4,4.0,1,6,レーン,56.0,芝1800,不,**,1:48.0,0.3,**,9-8-7,35.3-36.5,35.8,482(-4),,,ダイワキャグニー,,6,-2.640820617321858,0.15000000000000002,0.8674033149171271,0.9522363636363593,0.20294117647058826,0.8341232227488151,0.2833333333333333,34.96666666666667,3.5,,100.0,
79,79,2020/06/14,3東京4,曇,11,エプソムC(G3),,18,3,5,5.0,2,7,津村明秀,56.0,芝1800,不,**,1:48.1,0.4,**,12-10-10,35.3-36.5,35.7,462(-4),,,ダイワキャグニー,,7,-0.241791170216003,-0.007142857142857141,0.9428571428571428,1.7247000000000003,0.031249999999999997,0.9294117647058824,-0.012499999999999997,34.00000000000001,1.75,,,
80,80,2020/06/14,3東京4,曇,11,エプソムC(G3),,18,7,15,114.7,16,8,北村宏司,56.0,芝1800,不,**,1:48.3,0.6,**,18-18-14,35.3-36.5,35.6,512(+6),,,ダイワキャグニー,,8,-1.7859847836717389,0.6625000000000001,0.5563380281690141,0.4926334310850464,0.51875,0.6256684491978609,0.5944444444444446,35.08888888888889,5.888888888888889,,,
81,81,2020/06/14,3東京4,曇,11,エプソムC(G3),,18,1,2,58.9,15,9,吉田豊,54.0,芝1800,不,**,1:49.0,1.3,**,14-16-17,35.3-36.5,36.0,432(+4),,,ダイワキャグニー,,9,-2.6204767800342395,0.5205882352941177,0.6696428571428571,1.0417176470588245,0.5149999999999999,0.6741573033707865,0.5,34.135000000000005,5.35,,100.0,
82,82,2020/06/14,3東京4,曇,11,エプソムC(G3),,18,8,17,6.4,3,10,ルメール,57.0,芝1800,不,**,1:49.4,1.7,**,14-16-12,35.3-36.5,36.8,486(-8),,,ダイワキャグニー,,10,-2.5414124894954147,0.42083333333333334,0.6580645161290323,0.8757090909090912,0.40384615384615385,0.6764705882352942,0.3692307692307692,34.015384615384626,5.153846153846154,,,
83,83,2020/06/14,3東京4,曇,11,エプソムC(G3),,18,2,3,29.4,11,11,戸崎圭太,57.0,芝1800,不,**,1:49.8,2.1,**,6-5-4,35.3-36.5,37.9,494(-22),,,ダイワキャグニー,,11,-2.5634196539489658,0.39230769230769236,0.6645161290322581,0.37144615384615504,0.4714285714285715,0.6176470588235294,0.46428571428571436,34.77142857142857,5.571428571428571,,100.0,
84,84,2020/06/14,3東京4,曇,11,エプソムC(G3),,18,4,8,31.9,12,12,三浦皇成,56.0,芝1800,不,**,1:49.8,2.1,**,9-10-10,35.3-36.5,37.3,478(-4),,,ダイワキャグニー,,12,-1.4290103565541858,0.5674999999999999,0.6313559322033898,0.21554242831541215,0.4323529411764706,0.7112299465240641,0.49523809523809526,35.51904761904761,5.142857142857143,,,
85,85,2020/06/14,3東京4,曇,11,エプソムC(G3),,18,4,7,23.5,10,13,石橋脩,54.0,芝1800,不,**,1:49.9,2.2,**,4-4-4,35.3-36.5,38.0,456(-4),,,ダイワキャグニー,,13,-3.0240166638291615,0.325,0.7567567567567568,0.8197714285714289,0.2607142857142858,0.7712765957446809,0.3,34.16,4.333333333333333,,100.0,
86,86,2020/06/14,3東京4,曇,11,エプソムC(G3),,18,7,13,12.9,6,14,武豊,56.0,芝1800,不,**,1:50.6,2.9,**,17-15-18,35.3-36.5,37.5,526(+6),,,ダイワキャグニー,,14,-2.575814713233804,0.41875000000000007,0.7352941176470589,0.763885714285715,0.4600000000000001,0.7208121827411168,0.39375,34.52499999999999,4.375,,,
87,87,2020/06/14,3東京4,曇,11,エプソムC(G3),,18,5,10,130.4,17,15,野中悠太,56.0,芝1800,不,**,1:50.7,3.0,**,4-5-7,35.3-36.5,38.5,482(+2),,,ダイワキャグニー,,15,-2.8708190808725313,0.5806451612903225,0.6050632911392405,-0.1310731808731802,0.48620689655172405,0.624,0.6272727272727272,35.600000000000016,6.393939393939394,,,
88,88,2020/06/14,3東京4,曇,11,エプソムC(G3),,18,6,12,15.9,7,16,Ｍ．デム,54.0,芝1800,不,**,1:51.0,3.3,**,12-13-15,35.3-36.5,38.1,474(+2),,,ダイワキャグニー,,16,-2.883005398558636,0.41666666666666674,0.7333333333333333,0.8754400000000011,0.4928571428571429,0.6756756756756757,0.4714285714285715,34.06428571428571,5.214285714285714,,,
89,89,2020/06/14,3東京4,曇,11,エプソムC(G3),,18,7,14,45.1,14,17,田辺裕信,56.0,芝1800,不,**,1:51.7,4.0,**,9-10-12,35.3-36.5,39.1,466(0),,,ダイワキャグニー,,17,-2.2535929023385477,0.6375,0.726890756302521,0.5128000000000006,0.32249999999999995,0.7591836734693878,0.5952380952380951,34.92857142857143,4.142857142857143,,,
90,90,2020/06/14,3東京4,曇,11,エプソムC(G3),,18,5,9,38.5,13,18,石川裕紀,56.0,芝1800,不,**,1:52.4,4.7,**,14-13-15,35.3-36.5,39.5,460(-4),,,ダイワキャグニー,,18,-1.4063724026828008,0.7583333333333333,0.6331360946745562,-0.1291636363636357,0.7818181818181817,0.6211180124223602,0.8307692307692307,35.12307692307692,6.615384615384615,,,
91,91,2020/02/16,1東京6,曇,11,共同通信杯(G3),,9,6,6,6.0,3,1,ルメール,56.0,芝1800,稍,**,1:49.6,0.0,**,4-4-3,37.6-34.3,34.1,526(+2),,,(ビターエンダー),3834.3,1,-0.34627118644099825,0.19999999999999998,0.8620689655172413,0.22180000000000177,0.05,0.8888888888888888,0.16666666666666666,36.23333333333333,2.3333333333333335,,,
92,92,2020/02/16,1東京6,曇,11,共同通信杯(G3),,9,2,2,14.1,4,2,ミナリク,56.0,芝1800,稍,**,1:49.6,0.0,**,2-1-1,37.6-34.3,34.3,460(-10),,,ダーリントンホール,1509.8,2,-1.752682709447504,0.18333333333333335,0.8387096774193549,-0.5675999999999988,0.18333333333333335,0.8387096774193549,0.09999999999999999,34.96666666666667,2.6666666666666665,,,
93,93,2020/02/16,1東京6,曇,11,共同通信杯(G3),,9,7,7,4.6,2,3,Ｍ．デム,56.0,芝1800,稍,**,1:50.3,0.7,**,2-4-5,37.6-34.3,34.6,490(+18),,,ダーリントンホール,954.9,3,-3.6396551724134016,-0.05,1.0,1.8361111111111015,-0.05,1.0,-0.1,34.4,1.0,,100.0,
94,94,2020/02/16,1東京6,曇,11.0,共同通信杯(G3),,9,8.0,8,1.5,1,4,武豊,57.0,芝1800,稍,**,1:50.3,0.7,**,6-7-7,37.6-34.3,34.3,508(-2),,,ダーリントンホール,570.0,4,-0.7944256756759884,-0.20000000000000004,1.0,0.421400000000002,-0.20000000000000004,1.0,-0.4000000000000001,34.43333333333333,1.0,,,
95,95,2020/02/16,1東京6,曇,11,共同通信杯(G3),,9,3,3,14.6,5,5,丸山元気,56.0,芝1800,稍,**,1:50.4,0.8,**,1-2-3,37.6-34.3,34.9,528(+12),,,ダーリントンホール,380.0,5,-1.0074211118386691,0.05000000000000001,0.967741935483871,1.0970666666666655,0.05000000000000001,0.967741935483871,0.03333333333333333,34.333333333333336,1.3333333333333333,,,
96,96,2020/02/16,1東京6,曇,11,共同通信杯(G3),,9,4,4,32.5,7,6,柴田善臣,56.0,芝1800,稍,**,1:50.4,0.8,**,6-4-5,37.6-34.3,34.6,474(+6),,,ダーリントンホール,,6,-0.5223012447640716,0.06,0.9041095890410958,0.30855999999999995,0.06,0.9041095890410958,0.06,34.56,2.4,,,70.8
97,97,2020/02/16,1東京6,曇,11,共同通信杯(G3),,9,8,9,217.5,8,8,木幡巧也,56.0,芝1800,稍,**,1:51.5,1.9,**,6-9-7,37.6-34.3,35.4,456(-4),,,ダーリントンホール,,8,-2.031614364859145,1.075,0.5111111111111111,-0.15344000000000052,0.8400000000000001,0.6451612903225806,0.82,35.14,5.4,,,
98,98,2020/02/16,1東京6,曇,11,共同通信杯(G3),,9,5,5,258.1,9.0,9,幸英明,56.0,芝1800,稍,**,1:52.0,2.4,**,9-7-7,37.6-34.3,36.0,452(-2),,,ダーリントンホール,,9,-2.060427408412295,1.55,0.3333333333333333,-2.4732000000000056,0.5,0.6,0.8111111111111113,39.055555555555564,,,,
99,99,2019/11/16,5東京5,晴,11,東京スポーツ杯2歳S(G3),,8,6,6,2.5,1,1,ムーア,55,芝1800,良,**,1:44.5,-0.8,**,5-5-5,35.3-33.9,33.1,456(0),,,(アルジャンナ),3330.1,1,0.30557432432401005,-0.2,1.0,1.1784000000000034,-0.2,1.0,-0.4,33.5,1.0,,100.0,
100,100,2019/11/16,5東京5,晴,11,東京スポーツ杯2歳S(G3),,8,5,5,3.0,2,2,川田将雅,55,芝1800,良,**,1:45.3,0.8,**,6-7-7,35.3-33.9,33.6,458(-2),,,コントレイル,1308.6,2,1.4589165186500563,-0.1,1.0,2.0884,-0.1,1.0,-0.2,33.6,,,100.0,
101,101,2019/11/16,5東京5,晴,11,東京スポーツ杯2歳S(G3),,8,1,1,4.6,3,3,ビュイッ,55,芝1800,良,**,1:46.0,1.5,**,2-3-2,35.3-33.9,34.9,460(+4),,,コントレイル,834.3,3,-1.031938844086037,-0.125,1.0,0.40222222222219983,-0.125,1.0,-0.25,34.55,1.0,,100.0,
102,102,2019/11/16,5東京5,晴,11,東京スポーツ杯2歳S(G3),,8,3,3,11.0,4,4,ルメール,54,芝1800,良,**,1:46.2,1.7,**,8-8-8,35.3-33.9,34.3,446(-2),,,コントレイル,500.0,4,-1.1268191281696773,-0.025,0.9615384615384616,0.26060000000000016,0.11666666666666668,0.868421052631579,0.10000000000000002,34.666666666666664,2.6666666666666665,,,
103,103,2019/11/16,5東京5,晴,11,東京スポーツ杯2歳S(G3),,8,2,2,12.5,5,5,マーフィ,55,芝1800,良,**,1:46.6,2.1,**,6-5-5,35.3-33.9,35.2,470(+2),,,コントレイル,330.0,5,0.8348011363640038,0.0,1.0,1.5424000000000007,0.0,1.0,0.0,33.0,1.0,,,
104,104,2019/11/16,5東京5,晴,11,東京スポーツ杯2歳S(G3),,8,8,8,26.1,7,6,津村明秀,55,芝1800,良,**,1:46.9,2.4,**,1-1-1,35.3-33.9,36.3,450(+6),,,コントレイル,,6,,0.19999999999999998,0.6875,,0.19999999999999998,0.6875,0.09999999999999998,34.9,3.5,,,
105,105,2019/11/16,5東京5,晴,11,東京スポーツ杯2歳S(G3),,8,7,7,71.6,8,8,石橋脩,55,芝1800,良,**,1:47.4,2.9,**,2-2-2,35.3-33.9,36.3,456(0),,,コントレイル,,8,2.2296515689415037,0.3666666666666667,0.6956521739130435,0.6476000000000042,0.3666666666666667,0.6956521739130435,0.3666666666666667,35.03333333333333,,,,
106,106,2019/06/09,3東京4,雨,11,エプソムC(G3),,13,6,9,8.6,5,1,ルメール,56,芝1800,稍,**,1:49.1,-0.1,**,2-2-2,38.4-32.9,32.7,486(0),,,(サラキア),4149.7,1,-2.3916663743054603,0.3333333333333333,0.6825396825396826,1.196628571428572,0.31428571428571433,0.7272727272727273,0.25714285714285723,33.94285714285714,4.0,,,
107,107,2019/06/09,3東京4,雨,11,エプソムC(G3),,13,4,6,14.3,7,2,丸山元気,54,芝1800,稍,**,1:49.2,0.1,**,1-1-1,38.4-32.9,33.0,448(+6),,,レイエンダ,1614.2,2,-3.125072975948092,0.2611111111111111,0.7739130434782608,0.8627111111111121,0.2611111111111111,0.7739130434782608,0.21111111111111108,34.03333333333333,3.888888888888889,,100.0,
108,108,2019/06/09,3東京4,雨,11,エプソムC(G3),,13,3,4,3.8,1,3,浜中俊,57,芝1800,稍,**,1:49.4,0.3,**,4-5-5,38.4-32.9,32.8,484(-4),,,レイエンダ,1007.1,3,-1.2013556532058356,0.2263157894736842,0.8104265402843602,0.48477777777777814,0.23888888888888887,0.806930693069307,0.18947368421052632,34.46315789473684,3.1052631578947367,,,
109,109,2019/06/09,3東京4,雨,11,エプソムC(G3),,13,1,1,79.4,12,4,吉田豊,56,芝1800,稍,**,1:49.6,0.5,**,9-10-11,38.4-32.9,32.7,458(0),,,レイエンダ,620.0,4,-2.136717437598759,0.630357142857143,0.5681233933161953,0.6638685185185214,0.6261363636363636,0.5634517766497462,0.6659999999999999,34.937999999999995,6.96,,,
110,110,2019/06/09,3東京4,雨,11,エプソムC(G3),,13,7,12,21.4,9,5,戸崎圭太,56.0,芝1800,稍,**,1:49.6,0.5,**,9-12-5,38.4-32.9,33.0,460(+6),,,レイエンダ,410.0,5,-2.7006200736645214,0.25555555555555554,0.76,1.7708162162162182,0.35833333333333334,0.7071428571428572,0.5285714285714285,34.93571428571429,4.928571428571429,,,
111,111,2019/06/09,3東京4,雨,11,エプソムC(G3),,13,5,7,5.5,3,6,レーン,56.0,芝1800,稍,**,1:49.7,0.6,**,7-6-5,38.4-32.9,33.1,514(0),,,レイエンダ,,6,-2.1697747498594433,0.1333333333333334,0.8205128205128205,1.0507499999999999,0.2894736842105264,0.746606334841629,0.25454545454545463,34.28636363636363,3.6818181818181817,,100.0,
112,112,2019/06/09,3東京4,雨,11,エプソムC(G3),,13,8,13,11.8,6,7,柴田大知,56,芝1800,稍,**,1:49.8,0.7,**,6-6-8,38.4-32.9,33.1,502(0),,,レイエンダ,,7,-1.127560914671825,0.49736842105263146,0.6666666666666666,0.09508888888888875,0.38055555555555554,0.7046413502109705,0.6299999999999999,35.31499999999998,5.85,,,
113,113,2019/06/09,3東京4,雨,11,エプソムC(G3),,13,3,3,117.6,13,8,中谷雄太,56,芝1800,稍,**,1:49.9,0.8,**,4-3-3,38.4-32.9,33.4,460(-4),,,レイエンダ,,8,-2.2437925850153597,0.37586206896551727,0.7227138643067846,0.9676146853146853,0.3821428571428572,0.7160493827160493,0.3655172413793104,34.04827586206896,4.241379310344827,,,
114,114,2019/06/09,3東京4,雨,11,エプソムC(G3),,13,7,11,21.1,8,9,武藤雅,56,芝1800,稍,**,1:50.0,0.9,**,7-8-8,38.4-32.9,33.2,514(0),,,レイエンダ,,9,-2.6867919989307936,0.14500000000000002,0.828125,,0.30588235294117655,0.7819905213270142,0.39545454545454545,35.47272727272727,4.181818181818182,,,
115,115,2019/06/09,3東京4,雨,11,エプソムC(G3),,13,5,8,4.0,2,10,横山典弘,56.0,芝1800,稍,**,1:50.1,1.0,**,11-10-11,38.4-32.9,33.2,480(-2),,,レイエンダ,,10,-2.1160157137076694,0.44999999999999996,0.7088607594936709,1.4836000000000027,0.2863636363636364,0.7916666666666666,0.3923076923076923,35.03846153846154,4.615384615384615,,,
116,116,2019/06/09,3東京4,雨,11,エプソムC(G3),,13,2,2,56.8,11.0,11.0,大野拓弥,56.0,芝1800,稍,**,1:50.3,1.2,**,11-8-8,38.4-32.9,33.6,466(-2),,,レイエンダ,,11.0,-2.710248042347455,0.3846153846153845,0.6985074626865672,1.0362855072463752,0.4799999999999999,0.6746268656716418,0.4428571428571429,34.146428571428565,5.178571428571429,,,
117,117,2019/06/09,3東京4,雨,11,エプソムC(G3),,13,8,14,8.0,4,12,三浦皇成,56,芝1800,稍,**,1:50.3,1.2,**,3-3-3,38.4-32.9,33.8,488(+8),,,レイエンダ,,12,-2.6348980430053475,0.1964285714285714,0.75177304964539,0.4808891986062725,0.2694444444444445,0.7292817679558011,0.25,34.516666666666666,3.7222222222222223,,,
118,118,2019/06/09,3東京4,雨,11,エプソムC(G3),,13,4,5,24.0,10,13,津村明秀,56,芝1800,稍,**,1:50.7,1.6,**,13-13-13,38.4-32.9,33.6,512(0),,,レイエンダ,,13,-1.9487877051167917,0.31875000000000003,0.766497461928934,0.901413986013986,0.2333333333333334,0.8186813186813187,0.30625,34.43125,,,,
119,119,2019/02/10,1東京6,晴,11.0,共同通信杯(G3),,7,1.0,1,4.2,3,1,戸崎圭太,56,芝1800,良,**,1:46.8,-0.2,**,3-4-4,37.1-33.3,32.9,454(+4),,,(アドマイヤマーズ),3825.2,1,-0.4361941281696735,-0.15,1.0,0.3106000000000009,-0.15,1.0,-0.3,34.45,1.0,,100.0,
120,120,2019/02/10,1東京6,晴,11.0,共同通信杯(G3),,7,4.0,4,1.7,1,2,Ｍ．デム,57.0,芝1800,良,**,1:47.0,0.2,**,1-1-1,37.1-33.3,33.5,478(+8),,,ダノンキングリー,1507.2,2,-0.08950244466266341,-0.1125,1.0,0.7519000000000009,-0.1125,1.0,-0.225,34.0,1.0,,,
121,121,2019/02/10,1東京6,晴,11.0,共同通信杯(G3),,7,6.0,6,6.9,4.0,3,武豊,57,芝1800,良,**,1:47.6,0.8,**,4-5-4,37.1-33.3,33.7,488(+12),,,ダノンキングリー,953.6,3,2.1044660194169893,-0.03333333333333333,0.9333333333333333,0.751600000000001,-0.1,1.0,-0.09999999999999999,34.86666666666667,,,,
122,122,2019/02/10,1東京6,晴,11.0,共同通信杯(G3),,7,7.0,7,30.8,5,5,大野拓弥,56,芝1800,良,**,1:47.8,1.0,**,7-7-7,37.1-33.3,33.5,478(-2),,,ダノンキングリー,380.0,5,0.1828896332862619,-0.1,1.0,-0.3055999999999983,-0.1,1.0,-0.2,35.5,1.0,,100.0,
123,123,2019/02/10,1東京6,晴,11.0,共同通信杯(G3),,7,2.0,2,155.8,7,6,三浦皇成,56,芝1800,良,**,1:48.0,1.2,**,5-6-6,37.1-33.3,33.9,460(0),,,ダノンキングリー,,6,-0.7409857187291216,0.6799999999999999,0.5660377358490566,-0.14645714285714462,0.7571428571428571,0.6301369863013698,0.7571428571428571,35.300000000000004,4.857142857142857,,,
124,124,2019/02/10,1東京6,晴,11.0,共同通信杯(G3),,7,3.0,3,63.0,6,7,柴田大知,56,芝1800,良,**,1:48.0,1.2,**,6-2-2,37.1-33.3,34.3,448(-2),,,ダノンキングリー,,7,-0.8302335578990039,0.44999999999999996,0.625,-0.8829333333333338,0.95,0.34615384615384615,-0.0666666666666667,37.38333333333333,4.166666666666667,,,
125,125,2018/11/17,5東京5,晴,11,東京スポーツ杯2歳S(G3),,16,1,2,38.4,8,1,勝浦正樹,55,芝1800,良,**,1:46.6,0.0,**,8-9-9,36.2-34.6,33.9,486(+12),,,(アガラス),3356.7,1,-0.4209025835119987,0.03333333333333333,0.9666666666666667,-0.5440000000000005,0.05,0.9411764705882353,0.0,36.233333333333334,1.3333333333333333,,,
126,126,2018/11/17,5東京5,晴,11,東京スポーツ杯2歳S(G3),,16,2,4,34.8,7,2,ビュイッ,55,芝1800,良,**,1:46.6,0.0,**,12-13-13,36.2-34.6,33.7,496(0),,,ニシノデイジー,1316.2,2,2.335066864785002,0.0,0.9583333333333334,0.22919999999999874,-0.2,1.0,-0.1,35.95,,,,
127,127,2018/11/17,5東京5,晴,11.0,東京スポーツ杯2歳S(G3),,16,3.0,5,7.9,4,3,Ｃ．デム,55,芝1800,良,**,1:46.6,0.0,**,8-10-9,36.2-34.6,33.9,460(0),,,ニシノデイジー,838.1,3,-1.8538035450516834,-0.1,1.0,4.767826086956504,-0.1,1.0,-0.2,33.9,1.0,,100.0,
128,128,2018/11/17,5東京5,晴,11,東京スポーツ杯2歳S(G3),,16,4,7,3.7,2,4,ルメール,55,芝1800,良,**,1:46.6,0.0,**,7-6-7,36.2-34.6,34.1,482(-6),,,ニシノデイジー,500.0,4,-0.4099051455304973,-0.275,0.95,0.8368000000000002,-0.275,0.95,-0.6,34.150000000000006,1.5,,,
129,129,2018/11/17,5東京5,晴,11,東京スポーツ杯2歳S(G3),,16,5,9,18.7,6,5,モレイラ,55,芝1800,良,**,1:46.9,0.3,**,14-14-14,36.2-34.6,33.9,472(-2),,,ニシノデイジー,330.0,5,1.2023172905525032,-0.1,1.0,0.8323999999999998,-0.1,1.0,-0.2,33.6,1.0,,100.0,
130,130,2018/11/17,5東京5,晴,11,東京スポーツ杯2歳S(G3),,16,6,12,12.6,5,6,Ｍ．デム,55,芝1800,良,**,1:47.1,0.5,**,15-14-14,36.2-34.6,34.1,476(+4),,,ニシノデイジー,,6,-0.76519886363599,-0.3,1.0,0.7424000000000035,-0.3,1.0,-0.6,33.8,1.0,,,
131,131,2018/11/17,5東京5,晴,11,東京スポーツ杯2歳S(G3),,16,5,10,98.8,12,7,戸崎圭太,55.0,芝1800,良,**,1:47.1,0.5,**,3-2-2,36.2-34.6,35.0,490(-2),,,ニシノデイジー,,7,0.8101515151519946,-0.1,1.0,0.9031999999999982,-0.1,1.0,-0.2,34.2,,,,
132,132,2018/11/17,5東京5,晴,11,東京スポーツ杯2歳S(G3),,16,7,14,84.1,11,8,田辺裕信,55,芝1800,良,**,1:47.2,0.6,**,12-10-11,36.2-34.6,34.4,468(-6),,,ニシノデイジー,,8,0.6350668647850037,0.0,1.0,0.48440000000000083,0.1,0.8947368421052632,0.1,34.4,2.0,,,
133,133,2018/11/17,5東京5,晴,11,東京スポーツ杯2歳S(G3),,16,8,15,2.5,1,9,ムーア,55,芝1800,良,**,1:47.3,0.7,**,15-16-16,36.2-34.6,34.1,514(+4),,,ニシノデイジー,,9,0.43506686478499984,-0.35,1.0,0.7291999999999987,-0.35,1.0,-0.7,33.6,1.0,,100.0,
134,134,2018/11/17,5東京5,晴,11,東京スポーツ杯2歳S(G3),,16,1,1,674.0,15,10,松岡正海,55,芝1800,良,**,1:47.5,0.9,**,2-5-5,36.2-34.6,35.2,474(-6),,,ニシノデイジー,,10,1.0350668647849952,1.5,0.1111111111111111,0.784399999999998,0.725,0.53125,0.725,34.575,4.75,,,
135,135,2018/11/17,5東京5,晴,11,東京スポーツ杯2歳S(G3),,16,2,3,6.8,3,11,福永祐一,55.0,芝1800,良,**,1:47.5,0.9,**,4-6-5,36.2-34.6,35.1,468(-6),,,ニシノデイジー,,11,-0.4944256756760037,-0.125,1.0,1.3976782608695508,-0.125,1.0,-0.25,34.2,1.0,,,
136,136,2018/11/17,5東京5,晴,11,東京スポーツ杯2歳S(G3),,16,3,6,220.4,13,12,木幡育也,55.0,芝1800,良,**,1:47.6,1.0,**,1-1-1,36.2-34.6,35.6,472(+2),,,ニシノデイジー,,12,0.1783079628742359,1.0499999999999998,0.5569620253164557,-0.5925499999999992,0.8428571428571429,0.59375,1.025,35.4625,5.375,,,
137,137,2018/11/17,5東京5,晴,11,東京スポーツ杯2歳S(G3),,16,6,11,48.0,10,13,柴田大知,55,芝1800,良,**,1:47.8,1.2,**,4-2-3,36.2-34.6,35.6,452(+10),,,ニシノデイジー,,13,-0.3955339805829992,-0.05,0.9545454545454546,-1.6047999999999973,,0.0,-0.5750000000000001,38.3,1.5,,,
138,138,2018/11/17,5東京5,晴,11,東京スポーツ杯2歳S(G3),,16,4,8,600.5,14,14,三浦皇成,55,芝1800,良,**,1:47.8,1.2,**,8-10-11,36.2-34.6,35.0,512(+2),,,ニシノデイジー,,14,0.9176575906289335,0.95,0.6097560975609756,-1.2505333333333322,0.35,0.7894736842105263,0.95,36.3,5.0,,,
139,139,2018/11/17,5東京5,晴,11,東京スポーツ杯2歳S(G3),,16,8,16,39.5,9,15,武豊,55,芝1800,良,**,1:48.2,1.6,**,8-2-3,36.2-34.6,36.0,444(0),,,ニシノデイジー,,15,0.1556862745100005,0.0,1.0,0.47294117647059863,0.0,1.0,0.0,35.4,1.0,,100.0,
140,140,2018/11/17,5東京5,晴,11,東京スポーツ杯2歳S(G3),,16,7,13,804.5,16,16,石川裕紀,54,芝1800,良,**,1:51.0,4.4,**,4-6-7,36.2-34.6,38.4,432(0),,,ニシノデイジー,,16,-2.890054475232419,0.0,1.0,0.5685333333333347,0.5,0.7954545454545454,0.5,34.56666666666667,3.6666666666666665,,,
141,141,2018/06/10,3東京4,雨,11,エプソムC(G3),,16,8,16,5.6,2,1,戸崎圭太,56.0,芝1800,重,**,1:47.4,-0.1,**,3-6-6,35.4-35.9,35.2,480(0),,,(ハクサンルドルフ),4156.0,1,-1.6519643192155047,0.07142857142857142,0.927536231884058,1.1193563636363606,0.18888888888888888,0.8383838383838383,0.33999999999999997,35.09,3.6,,100.0,
142,142,2018/06/10,3東京4,雨,11,エプソムC(G3),,16,3,6,7.0,4.0,2.0,川田将雅,56.0,芝1800,重,**,1:47.5,0.1,**,12-13-13,35.4-35.9,34.7,464(+2),,,サトノアーサー,1616.0,2.0,-2.6904105022584255,0.31,0.757085020242915,1.0465362318840563,0.3368421052631579,0.7551020408163265,0.30000000000000004,34.12380952380951,3.9047619047619047,,,
143,143,2018/06/10,3東京4,雨,11,エプソムC(G3),,16,3,5,7.9,5,3,福永祐一,56.0,芝1800,重,**,1:47.6,0.2,**,10-8-8,35.4-35.9,35.1,486(0),,,サトノアーサー,1008.0,3,-1.5802664707912029,0.3111111111111111,0.6813186813186813,,0.2730769230769231,0.7153284671532847,0.2461538461538461,34.42307692307692,4.0,,100.0,
144,144,2018/06/10,3東京4,雨,11,エプソムC(G3),,16,4,8,6.2,3,4,ルメール,56.0,芝1800,重,**,1:47.7,0.3,**,12-9-8,35.4-35.9,35.2,488(+2),,,サトノアーサー,620.0,4,-2.1041715636617195,0.1590909090909091,0.8604651162790697,0.8409600000000012,0.07222222222222223,0.8878504672897196,0.13636363636363635,34.445454545454545,2.6363636363636362,,,
145,145,2018/06/10,3東京4,雨,11,エプソムC(G3),,16,2,3,20.4,8,5,藤岡佑介,56.0,芝1800,重,**,1:48.1,0.7,**,7-13-14,35.4-35.9,35.2,506(0),,,サトノアーサー,410.0,5,-2.563997767340367,0.3217391304347826,0.7561837455830389,0.6232060147791686,0.3583333333333332,0.7337883959044369,0.37200000000000005,34.9,4.52,,,
146,146,2018/06/10,3東京4,雨,11,エプソムC(G3),,16,1,2,30.9,9,6,石橋脩,56.0,芝1800,重,**,1:48.1,0.7,**,3-3-4,35.4-35.9,36.3,500(+2),,,サトノアーサー,,6,-2.347386391208148,0.39999999999999997,0.7268292682926829,0.46661982758620546,0.44999999999999996,0.6949152542372882,0.4388888888888888,34.53333333333333,5.0,,100.0,
147,147,2018/06/10,3東京4,雨,11,エプソムC(G3),,16,8,15,252.6,15,7,大野拓弥,56.0,芝1800,重,**,1:48.2,0.8,**,15-13-14,35.4-35.9,35.3,448(-4),,,サトノアーサー,,7,-2.7276292933996973,0.5035714285714286,0.6666666666666666,0.0683529411764722,0.3,0.7782426778242678,0.6380952380952382,35.58571428571429,5.476190476190476,,,
148,148,2018/06/10,3東京4,雨,11,エプソムC(G3),,16,7,14,52.3,12.0,8,三浦皇成,56.0,芝1800,重,**,1:48.2,0.8,**,12-9-10,35.4-35.9,35.5,494(+4),,,サトノアーサー,,8,-2.850831643307202,0.5791666666666667,0.6046511627906976,0.39250925925925867,0.4772727272727272,0.7101910828025477,0.5105263157894736,36.69736842105264,,,,
149,149,2018/06/10,3東京4,雨,11.0,エプソムC(G3),,16.0,4.0,7,57.0,13,9,柴田大知,56.0,芝1800,重,**,1:48.3,0.9,**,2-2-2,35.4-35.9,36.7,496(+8),,,サトノアーサー,,9,-2.010698733439994,0.5543478260869565,0.7083333333333334,0.12244000000000135,0.41607142857142854,0.7231920199501247,0.615625,35.6625,,,,
150,150,2018/06/10,3東京4,雨,11,エプソムC(G3),,16,1,1,48.0,11,10,石川裕紀,56.0,芝1800,重,**,1:48.7,1.3,**,3-6-6,35.4-35.9,36.5,510(-2),,,サトノアーサー,,10,-2.4811960486165963,0.459375,0.6666666666666666,0.5925000000000002,0.44166666666666665,0.6829268292682927,0.4388888888888889,34.46666666666667,,,,
151,151,2018/06/10,3東京4,雨,11,エプソムC(G3),,16,6,12,58.1,14,11,丹内祐次,58.0,芝1800,重,**,1:49.2,1.8,**,7-3-2,35.4-35.9,37.5,492(-6),,,サトノアーサー,,11,-1.666764710146171,0.5597560975609756,0.657487091222031,-0.265038220244714,0.46081081081081093,0.6948176583493282,0.5521739130434782,35.72391304347826,6.043478260869565,,,
152,152,2018/06/10,3東京4,雨,11,エプソムC(G3),,16,5,9,16.8,6,12,武豊,56.0,芝1800,重,**,1:49.2,1.8,**,1-1-1,35.4-35.9,37.7,494(+14),,,サトノアーサー,,12,-0.41090824285375016,0.2,0.8461538461538461,1.5324000000000026,0.20714285714285713,0.8285714285714286,0.14285714285714285,33.75714285714286,2.5714285714285716,,,
153,153,2018/06/10,3東京4,雨,11,エプソムC(G3),,16,2,4,47.3,10,13,柴田善臣,56.0,芝1800,重,**,1:49.3,1.9,**,11-9-10,35.4-35.9,36.6,478(0),,,サトノアーサー,,13,-1.7160943007858682,0.1846153846153846,0.7659574468085106,0.8066933333333338,0.24705882352941172,0.7916666666666666,0.21764705882352942,34.34117647058823,3.3529411764705883,,100.0,
154,154,2018/06/10,3東京4,雨,11,エプソムC(G3),,16,5,10,2.8,1,14,横山典弘,56.0,芝1800,重,**,1:49.4,2.0,**,7-9-10,35.4-35.9,36.7,500(+2),,,サトノアーサー,,14,-2.4933662723121506,0.09444444444444444,0.8547008547008547,0.3493777777777775,0.20500000000000002,0.7761194029850746,0.15999999999999998,34.29,4.0,,,
155,155,2018/06/10,3東京4,雨,11,エプソムC(G3),,16,7,13,20.0,7,15,北村宏司,56.0,芝1800,重,**,1:50.3,2.9,**,16-16-16,35.4-35.9,37.2,550(0),,,サトノアーサー,,15,-2.5902844893741994,0.3,0.7878787878787878,0.6153333333333327,0.3,0.7839195979899497,0.26,34.64666666666666,3.8,,100.0,
156,156,2018/06/10,3東京4,雨,11,エプソムC(G3),,16,6,11,260.6,16,16,勝浦正樹,56.0,芝1800,重,**,1:52.8,5.4,**,3-3-5,35.4-35.9,40.7,490(-12),,,サトノアーサー,,16,-3.0273242113008894,0.5093749999999999,0.6617021276595745,0.4206302419354846,0.421875,0.6688172043010753,0.46842105263157896,35.05526315789474,5.815789473684211,,,
157,157,2018/02/11,1東京5,晴,11,共同通信杯(G3),,12,5,6,13.6,6,1,北村宏司,56,芝1800,良,**,1:47.4,-0.1,**,3-5-5,35.7-34.8,33.5,458(-10),,,(サトノソルタス),3845.5,1,-0.6131998153170952,0.033333333333333326,0.9142857142857143,0.3338000000000001,0.033333333333333326,0.9142857142857143,-0.16666666666666666,34.63333333333333,2.0,,,
158,158,2018/02/11,1東京5,晴,11,共同通信杯(G3),,12,1,1,6.3,3,2,ムーア,56,芝1800,良,**,1:47.5,0.1,**,6-7-7,35.7-34.8,33.3,488(+8),,,オウケンムーン,1513.0,2,,0.0,1.0,,0.0,1.0,0.0,36.4,1.0,,100.0,
159,159,2018/02/11,1東京5,晴,11,共同通信杯(G3),,12,4,4,132.9,10,3,ミナリク,56,芝1800,良,**,1:47.7,0.3,**,2-2-2,35.7-34.8,34.7,484(-8),,,オウケンムーン,956.5,3,0.08074490324226918,0.6,0.725,-0.26822962962963476,0.4,0.9230769230769231,0.6,35.733333333333334,4.666666666666667,,,
160,160,2018/02/11,1東京5,晴,11,共同通信杯(G3),,12,7,10,7.1,4,4,田辺裕信,56,芝1800,良,**,1:47.7,0.3,**,12-11-10,35.7-34.8,33.2,500(+8),,,オウケンムーン,570.0,4,1.1044660194170028,0.25,0.84,0.5137999999999998,0.25,0.84,0.16666666666666666,35.0,2.3333333333333335,,,
161,161,2018/02/11,1東京5,晴,11,共同通信杯(G3),,12,2,2,20.6,7,5,内田博幸,56,芝1800,良,**,1:47.7,0.3,**,8-7-9,35.7-34.8,33.4,470(0),,,オウケンムーン,380.0,5,-1.0595029627550019,0.3,0.7567567567567568,0.9050606060605991,0.52,0.717948717948718,0.26666666666666666,35.300000000000004,2.8333333333333335,,,
162,162,2018/02/11,1東京5,晴,11,共同通信杯(G3),,12,6,7,54.4,8,6,横山典弘,56,芝1800,良,**,1:48.0,0.6,**,3-3-3,35.7-34.8,34.3,470(-6),,,オウケンムーン,,6,0.4960080906010263,0.45,0.5909090909090909,0.19839999999999947,0.45,0.5909090909090909,0.4,34.75,,,100.0,
163,163,2018/02/11,1東京5,晴,11,共同通信杯(G3),,12,8,12,1.8,1,7,武豊,57,芝1800,良,**,1:48.1,0.7,**,8-9-7,35.7-34.8,33.9,494(+2),,,オウケンムーン,,7,-1.4253011093504533,0.0,1.0,1.4643999999999977,0.0,1.0,0.0,35.05,1.0,,,
164,164,2018/02/11,1東京5,晴,11,共同通信杯(G3),,12,5,5,105.4,9,8,柴田大知,56,芝1800,良,**,1:48.1,0.7,**,1-1-1,35.7-34.8,35.5,464(0),,,オウケンムーン,,8,-0.08613283545667089,0.6916666666666668,0.5862068965517241,-1.2027200000000007,0.4125,0.7631578947368421,0.6833333333333332,36.35,5.0,,,
165,165,2018/02/11,1東京5,晴,11,共同通信杯(G3),,12,3,3,12.6,5,9,浜中俊,56,芝1800,良,**,1:48.4,1.0,**,6-5-5,35.7-34.8,34.4,480(+2),,,オウケンムーン,,9,0.16015151515199405,0.06666666666666667,0.8717948717948718,0.25505850340136976,0.06666666666666667,0.8717948717948718,-1.850371707708594e-17,35.666666666666664,2.6666666666666665,,,
166,166,2018/02/11,1東京5,晴,11.0,共同通信杯(G3),,12,7.0,9,5.7,2,10,中谷雄太,56.0,芝1800,良,**,1:48.5,1.1,**,10-10-10,35.7-34.8,34.1,438(-12),,,オウケンムーン,,10,-0.6016318565563707,0.0,0.9166666666666666,0.5838000000000001,0.0,0.9166666666666666,-0.1,34.849999999999994,,,,
167,167,2018/02/11,1東京5,晴,11,共同通信杯(G3),,12,6,8,562.3,12,11,丸田恭介,56,芝1800,良,**,1:48.7,1.3,**,5-3-4,35.7-34.8,34.9,468(-2),,,オウケンムーン,,11,0.4539527937013352,0.76,0.5769230769230769,0.13464000000000026,0.76,0.5769230769230769,0.76,35.239999999999995,5.4,,,
168,168,2017/11/18,5東京5,曇,11,東京スポーツ杯2歳S(G3),,7,3,3,1.4,1,1,福永祐一,55,芝1800,良,**,1:46.6,-0.5,**,5-5-4,34.7-35.8,34.6,454(+4),,,(ルーカス),3325.9,1,-1.4443137254900122,-0.1,1.0,2.7068705882352972,-0.2,1.0,-0.2,32.8,1.0,,100.0,
169,169,2017/11/18,5東京5,曇,11,東京スポーツ杯2歳S(G3),,7,7,7,3.1,2,2,ムーア,55,芝1800,良,**,1:47.1,0.5,**,6-7-6,34.7-35.8,34.9,488(0),,,ワグネリアン,1307.4,2,0.10446601941700062,-0.1,1.0,1.2952000000000012,-0.1,1.0,-0.2,34.4,1.0,,,
170,170,2017/11/18,5東京5,曇,11,東京スポーツ杯2歳S(G3),,7,5,5,14.4,3,3,戸崎圭太,55,芝1800,良,**,1:47.1,0.5,**,3-3-3,34.7-35.8,35.6,480(0),,,ワグネリアン,833.7,3,-0.22538461538500076,0.2,0.8947368421052632,-0.9209999999999994,0.2,0.8947368421052632,0.175,35.525,2.0,,,
171,171,2017/11/18,5東京5,曇,11,東京スポーツ杯2歳S(G3),,7,4,4,27.5,6,4,吉田豊,55,芝1800,良,**,1:47.2,0.6,**,4-4-4,34.7-35.8,35.3,476(+2),,,ワグネリアン,500.0,4,-0.2540727902950009,0.04999999999999999,0.8666666666666667,2.6231818181817985,0.6,0.7647058823529411,0.06666666666666665,35.93333333333333,2.3333333333333335,,,
172,172,2017/11/18,5東京5,曇,11,東京スポーツ杯2歳S(G3),,7,2,2,15.3,4.0,5,北村宏司,55,芝1800,良,**,1:47.5,0.9,**,6-5-6,34.7-35.8,35.3,468(+2),,,ワグネリアン,330.0,5,0.3005914548022889,-0.05,1.0,0.42079999999999984,-0.05,1.0,-0.1,33.8,,,,
173,173,2017/11/18,5東京5,曇,11,東京スポーツ杯2歳S(G3),,7,1,1,21.0,5,6,柴田大知,55,芝1800,良,**,1:48.0,1.4,**,1-1-1,34.7-35.8,37.2,462(+4),,,ワグネリアン,,6,0.40326731442249764,0.4125,0.7631578947368421,-0.25653333333333234,0.4125,0.7435897435897436,0.4,35.7,3.25,,,
174,174,2017/06/11,3東京4,曇,11,エプソムC(G3),,18,6,12,11.4,5,1,浜中俊,56,芝1800,良,**,1:45.9,-0.1,**,5-2-3,36.1-34.5,34.2,500(0),,,(アストラエンブレム),4163.7,1,-1.2513737146070976,0.22500000000000003,0.7740112994350282,1.1935625998225374,0.24687500000000007,0.7598039215686274,0.19999999999999998,33.956250000000004,,,,
175,175,2017/06/11,3東京4,曇,11,エプソムC(G3),,18,5,10,2.3,1,2,Ｍ．デム,56.0,芝1800,良,**,1:46.0,0.1,**,2-2-3,36.1-34.5,34.2,470(+4),,,ダッシングブレイズ,1618.2,2,-2.7296794054455,0.009090909090909092,0.9051094890510949,1.0249656565656537,0.061111111111111116,0.8839285714285714,-0.03636363636363637,33.727272727272734,2.1818181818181817,,,
176,176,2017/06/11,3東京4,曇,11,エプソムC(G3),,18,4,7,12.5,6,3,柴田大知,56,芝1800,良,**,1:46.0,0.1,**,1-1-1,36.1-34.5,34.6,478(-2),,,ダッシングブレイズ,1009.1,3,-2.165628178520992,0.32272727272727275,0.7687074829931972,-0.5164499999999999,0.30454545454545445,0.7718120805369127,0.48461538461538456,35.79230769230769,5.3076923076923075,,,
177,177,2017/06/11,3東京4,曇,11,エプソムC(G3),,18,7,13,43.5,12,4,川田将雅,56,芝1800,良,**,1:46.1,0.2,**,2-5-5,36.1-34.5,34.2,498(0),,,ダッシングブレイズ,620.0,4,-2.427885145610159,0.3886363636363636,0.6464646464646465,0.7201904761904769,0.4229166666666666,0.6072507552870091,0.4124999999999999,34.316666666666656,6.416666666666667,,,
178,178,2017/06/11,3東京4,曇,11,エプソムC(G3),,18,2,3,219.7,17.0,5,吉田豊,56,芝1800,良,**,1:46.2,0.3,**,14-12-12,36.1-34.5,33.9,492(+2),,,ダッシングブレイズ,410.0,5,-2.641430648701998,0.6062500000000001,0.5966386554621849,0.4820000000000002,0.4666666666666667,0.7279693486590039,0.5088235294117647,36.89705882352942,,,,
179,179,2017/06/11,3東京4,曇,11,エプソムC(G3),,18,7,14,6.6,2,6,戸崎圭太,56,芝1800,良,**,1:46.3,0.4,**,7-8-8,36.1-34.5,34.2,490(+2),,,ダッシングブレイズ,,6,-1.5377130196869202,0.33461538461538465,0.8357142857142857,0.7422139860139848,0.3321428571428572,0.8431372549019608,0.31428571428571433,34.32142857142857,2.7142857142857144,,,
180,180,2017/06/11,3東京4,曇,11,エプソムC(G3),,18,1,1,24.8,8,7,丹内祐次,58.0,芝1800,良,**,1:46.3,0.4,**,5-2-2,36.1-34.5,34.8,490(+6),,,ダッシングブレイズ,,7,-1.5420391502240829,0.5099999999999999,0.7036290322580645,-0.3097572580645145,0.4467741935483871,0.7178899082568807,0.5184210526315789,35.64736842105263,5.605263157894737,,,
181,181,2017/06/11,3東京4,曇,11,エプソムC(G3),,18,3,6,8.5,3,8,蛯名正義,54,芝1800,良,**,1:46.4,0.5,**,10-8-8,36.1-34.5,34.3,442(-2),,,ダッシングブレイズ,,8,-3.284137044105627,0.5863636363636364,0.7232704402515723,0.9039167263427096,0.6038461538461539,0.6736842105263158,0.6000000000000001,34.47692307692308,5.769230769230769,,,
182,182,2017/06/11,3東京4,曇,11,エプソムC(G3),,18,1,2,25.3,9,9,北村宏司,58.0,芝1800,良,**,1:46.6,0.7,**,11-8-5,36.1-34.5,34.6,492(-6),,,ダッシングブレイズ,,9,-2.5582132542510907,0.20961538461538465,0.819672131147541,0.7574909090909088,0.20961538461538465,0.819672131147541,0.23333333333333328,34.214814814814815,3.6296296296296298,,,
183,183,2017/06/11,3東京4,曇,11,エプソムC(G3),,18,8,18,35.6,11,10,丸山元気,56,芝1800,良,**,1:46.8,0.9,**,18-18-18,36.1-34.5,33.9,470(+6),,,ダッシングブレイズ,,10,-2.2841922302129993,0.3555555555555556,0.7167381974248928,0.6383157894736846,0.4225,0.676923076923077,0.5304347826086958,34.943478260869554,5.217391304347826,,,
184,184,2017/06/11,3東京4,曇,11,エプソムC(G3),,18,6,11,29.7,10.0,11,大野拓弥,56,芝1800,良,**,1:46.8,0.9,**,16-15-17,36.1-34.5,34.1,486(-4),,,ダッシングブレイズ,,11,-2.574917450712785,0.47941176470588237,0.6962616822429907,0.7986000000000009,0.4675000000000001,0.6953125,0.46500000000000014,34.69,,,,
185,185,2017/06/11,3東京4,曇,11,エプソムC(G3),,18,2,4,14.9,7,12,横山典弘,57,芝1800,良,**,1:46.9,1.0,**,17-15-12,36.1-34.5,34.5,458(+2),,,ダッシングブレイズ,,12,-2.321429054369495,0.39193548387096766,0.6919642857142857,0.7663236826259852,0.4985294117647058,0.6673427991886409,0.488235294117647,34.53529411764706,5.823529411764706,,100.0,
186,186,2017/06/11,3東京4,曇,11,エプソムC(G3),,18,3,5,369.0,18,13,吉田隼人,56,芝1800,良,**,1:47.0,1.1,**,15-15-16,36.1-34.5,34.4,464(-2),,,ダッシングブレイズ,,13,-3.0602214979896405,0.40263157894736845,0.6824644549763034,,0.46029411764705885,0.7,0.6325,35.294999999999995,4.75,,,
187,187,2017/06/11,3東京4,曇,11,エプソムC(G3),,18,8,16,165.5,15,14,石橋脩,56,芝1800,良,**,1:47.1,1.2,**,7-8-8,36.1-34.5,34.9,500(-6),,,ダッシングブレイズ,,14,-1.6789140248723275,0.5470588235294118,0.6415929203539823,,0.41875,0.7125,0.553846153846154,35.31153846153846,,,,
188,188,2017/06/11,3東京4,曇,11,エプソムC(G3),,18,5,9,8.8,4,15,田辺裕信,56.0,芝1800,良,**,1:47.2,1.3,**,12-12-12,36.1-34.5,34.9,496(0),,,ダッシングブレイズ,,15,-2.9664469780533427,0.39375,0.7387387387387387,-0.05850000000000044,0.4235294117647058,0.7178423236514523,0.5549999999999999,35.285,5.7,,,
189,189,2017/06/11,3東京4,曇,11,エプソムC(G3),,18,8,17,52.0,13,16,内田博幸,56.0,芝1800,良,**,1:47.4,1.5,**,12-12-12,36.1-34.5,35.0,520(0),,,ダッシングブレイズ,,16,-2.508301464927347,0.2684210526315789,0.7863247863247863,0.722047058823531,0.35,0.7163120567375887,0.3304347826086957,34.847826086956516,4.782608695652174,,,
190,190,2017/06/11,3東京4,曇,11,エプソムC(G3),,18,4,8,211.8,16,17,石川裕紀,57.0,芝1800,良,**,1:47.5,1.6,**,2-5-5,36.1-34.5,35.5,478(-10),,,ダッシングブレイズ,,17,-1.976973488390385,0.4541666666666668,0.6637168141592921,0.2535614035087739,0.3692307692307692,0.6864864864864865,0.771875,35.193749999999994,6.59375,,100.0,
191,191,2017/06/11,3東京4,曇,11,エプソムC(G3),,18,7,15,58.1,14,18,池添謙一,56,芝1800,良,**,1:48.0,2.1,**,7-7-8,36.1-34.5,35.9,494(+2),,,ダッシングブレイズ,,18,-2.0411361168194584,0.41206896551724137,0.6802325581395349,0.37032084199584286,0.3277777777777778,0.7192429022082019,0.38965517241379305,34.96551724137931,4.793103448275862,,,
192,192,2017/02/12,1東京6,晴,11.0,共同通信杯(G3),,11,1.0,1,3.1,2,1,四位洋文,56,芝1800,良,**,1:47.5,-0.4,**,4-6-6,36.0-34.7,34.2,500(+2),,,(エトルディーニュ),3840.6,1,0.5089165186500539,-0.03333333333333333,0.9230769230769231,1.7884000000000029,-0.03333333333333333,0.9230769230769231,-0.06666666666666667,34.300000000000004,1.6666666666666667,,,
193,193,2017/02/12,1東京6,晴,11.0,共同通信杯(G3),,11,7.0,8,25.6,6,2,柴山雄一,56,芝1800,良,**,1:47.9,0.4,**,3-2-2,36.0-34.7,35.1,484(0),,,スワーヴリチャード,1511.6,2,0.5012180599143239,0.36875,0.8024691358024691,0.04899999999999949,0.36875,0.8024691358024691,0.35,35.074999999999996,3.0,,,
194,194,2017/02/12,1東京6,晴,11.0,共同通信杯(G3),,11,4.0,4,2.8,1,3,戸崎圭太,56,芝1800,良,**,1:47.9,0.4,**,4-5-4,36.0-34.7,34.7,508(0),,,スワーヴリチャード,955.8,3,-0.5944256756759982,0.0,0.8888888888888888,0.6784000000000034,0.0,0.8888888888888888,0.0,33.9,2.0,,100.0,
195,195,2017/02/12,1東京6,晴,11.0,共同通信杯(G3),,11,3.0,3,5.7,4,4,ルメール,56,芝1800,良,**,1:47.9,0.4,**,2-1-1,36.0-34.7,35.1,516(-8),,,スワーヴリチャード,570.0,4,0.26329231707849665,0.55,0.6521739130434783,0.5117251700680351,0.4,0.6956521739130435,0.30000000000000004,35.36666666666667,3.6666666666666665,,,
196,196,2017/02/12,1東京6,晴,11.0,共同通信杯(G3),,11,2.0,2,73.3,9,5,田辺裕信,56,芝1800,良,**,1:47.9,0.4,**,1-4-4,36.0-34.7,34.8,500(0),,,スワーヴリチャード,380.0,5,-0.8911413858166934,0.675,0.7288135593220338,-0.2408999999999999,0.5666666666666667,0.8043478260869565,0.4000000000000001,36.449999999999996,4.0,,,
197,197,2017/02/12,1東京6,晴,11.0,共同通信杯(G3),,11,5.0,5,4.0,3,6,武豊,56.0,芝1800,良,**,1:48.1,0.6,**,4-7-8,36.0-34.7,34.5,502(+2),,,スワーヴリチャード,,6,-0.5944256756759998,0.016666666666666666,0.9230769230769231,1.1024000000000005,0.016666666666666666,0.9230769230769231,0.0,34.1,1.6666666666666667,,,
198,198,2017/02/12,1東京6,晴,11.0,共同通信杯(G3),,11,6.0,7,45.3,8,7,田中勝春,54,芝1800,良,**,1:48.2,0.7,**,8-8-8,36.0-34.7,34.6,472(0),,,スワーヴリチャード,,7,-1.4671457638260281,0.6,0.5384615384615384,-0.04680000000000106,0.2333333333333333,0.8157894736842105,0.2333333333333333,34.733333333333334,3.3333333333333335,,,
199,199,2017/02/12,1東京6,晴,11.0,共同通信杯(G3),,11,7.0,9,23.7,5,8,内田博幸,56,芝1800,良,**,1:48.4,0.9,**,10-8-6,36.0-34.7,35.0,498(-4),,,スワーヴリチャード,,8,2.6189228529839994,0.32499999999999996,0.7241379310344828,0.6825999999999972,0.32499999999999996,0.7241379310344828,0.3,34.900000000000006,5.0,,,
200,200,2017/02/12,1東京6,晴,11.0,共同通信杯(G3),,11,8.0,10,28.0,7,9,石川裕紀,56,芝1800,良,**,1:48.4,0.9,**,10-10-8,36.0-34.7,34.8,486(0),,,スワーヴリチャード,,9,4.335066864784984,0.275,0.86,-0.14620000000000033,0.275,0.86,0.275,35.2,2.75,,,
201,201,2017/02/12,1東京6,晴,11.0,共同通信杯(G3),,11,6.0,6,140.6,10,10,石橋脩,56,芝1800,良,**,1:48.9,1.4,**,8-11-11,36.0-34.7,35.0,474(0),,,スワーヴリチャード,,10,-0.03118253124954906,0.775,0.7551020408163265,0.2300938775510275,0.525,0.7857142857142857,0.72,35.46,4.2,,,
202,202,2016/11/19,5東京5,小雨,11,東京スポーツ杯2歳S(G3),,10,6,6,3.2,2,1,柴田善臣,55.0,芝1800,稍,**,1:48.3,0.0,**,7-7-7,36.1-35.1,33.7,448(+2),,,(スワーヴリチャード),3337.8,1,0.24600227358845184,-0.15000000000000002,1.0,1.479600000000005,-1.850371707708594e-17,0.9473684210526315,-0.10000000000000003,33.76666666666667,1.6666666666666667,,,
203,203,2016/11/19,5東京5,小雨,11.0,東京スポーツ杯2歳S(G3),,10,8.0,9,8.1,4,2,四位洋文,55.0,芝1800,稍,**,1:48.3,0.0,**,10-9-9,36.1-35.1,33.6,498(-6),,,ブレスジャーニー,1310.8,2,0.318916518650054,-0.05,0.9411764705882353,1.7884000000000029,-0.05,0.9411764705882353,-0.1,34.65,1.5,,,
204,204,2016/11/19,5東京5,小雨,11,東京スポーツ杯2歳S(G3),,10,1,1,2.6,1,3,ルメール,55.0,芝1800,稍,**,1:48.3,0.0,**,8-7-7,36.1-35.1,33.8,508(-2),,,ブレスジャーニー,835.4,3,-0.7944256756759981,0.0,1.0,0.6784000000000034,0.0,1.0,0.0,34.0,1.0,,100.0,
205,205,2016/11/19,5東京5,小雨,11,東京スポーツ杯2歳S(G3),,10,3,3,12.2,5,4,田辺裕信,55.0,芝1800,稍,**,1:48.7,0.4,**,9-10-10,36.1-35.1,33.8,522(+2),,,ブレスジャーニー,500.0,4,0.6335466549097775,0.0,1.0,0.14320000000000022,0.0,1.0,0.0,35.7,1.0,,,
206,206,2016/11/19,5東京5,小雨,11,東京スポーツ杯2歳S(G3),,10,5,5,5.2,3,5,柴田大知,55.0,芝1800,稍,**,1:48.7,0.4,**,2-2-2,36.1-35.1,35.3,468(+12),,,ブレスジャーニー,330.0,5,-0.5955339805829878,-0.2,1.0,-0.3048000000000002,-0.2,1.0,-0.8500000000000001,37.675,1.25,,,
207,207,2016/11/19,5東京5,小雨,11,東京スポーツ杯2歳S(G3),,10,7,7,63.3,8,6,北村宏司,55.0,芝1800,稍,**,1:49.0,0.7,**,3-5-4,36.1-35.1,34.8,448(+10),,,ブレスジャーニー,,6,-0.06519886363600058,0.13333333333333333,0.8611111111111112,0.8025999999999982,0.13333333333333333,0.8611111111111112,0.06666666666666667,33.8,2.6666666666666665,,,
208,208,2016/11/19,5東京5,小雨,11,東京スポーツ杯2歳S(G3),,10,2,2,111.8,9,7,バルザロ,55.0,芝1800,稍,**,1:49.6,1.3,**,3-3-3,36.1-35.1,35.6,492(+4),,,ブレスジャーニー,,7,1.5320109093819294,0.44999999999999996,0.7878787878787878,0.04066666666666426,0.44999999999999996,0.7878787878787878,0.39999999999999997,35.233333333333334,,,,
209,209,2016/11/19,5東京5,小雨,11,東京スポーツ杯2歳S(G3),,10,4,4,155.0,10,9,松岡正海,55.0,芝1800,稍,**,1:50.6,2.3,**,1-1-1,36.1-35.1,37.4,438(0),,,ブレスジャーニー,,9,0.21133105906955005,0.45,0.88,-0.5157444444444472,0.45,0.8461538461538461,0.45,35.849999999999994,2.5,,,
210,210,2016/11/19,5東京5,小雨,11,東京スポーツ杯2歳S(G3),,10,8,10,16.3,7,10,岩部純二,55.0,芝1800,稍,**,1:51.5,3.2,**,3-4-4,36.1-35.1,37.3,472(+10),,,ブレスジャーニー,,10,-0.7285322359400066,0.16666666666666666,0.9230769230769231,0.5935999999999974,0.16666666666666666,0.9,0.16666666666666666,34.23333333333333,,,,
211,211,2016/06/12,3東京4,曇,11,エプソムC(G3),,18,8,18,2.8,1,1,戸崎圭太,54,芝1800,良,**,1:46.2,-0.4,**,8-9-9,36.3-33.9,32.8,452(-6),,,(フルーキー),4163.7,1,-0.9136691547301101,0.19166666666666668,0.821917808219178,0.8874666666666672,0.2055555555555556,0.7851239669421488,0.1555555555555556,34.06666666666667,3.888888888888889,,,
212,212,2016/06/12,3東京4,曇,11,エプソムC(G3),,18,8,16,5.0,3,2,Ｍ．デム,58.0,芝1800,良,**,1:46.6,0.4,**,14-12-11,36.3-33.9,33.0,480(-8),,,ルージュバック,1618.2,2,-2.866677960919095,0.11842105263157893,0.8897338403041825,1.0269411764705882,0.11842105263157893,0.8897338403041825,0.15499999999999997,34.059999999999995,2.7,,,
213,213,2016/06/12,3東京4,曇,11,エプソムC(G3),,18,7,13,16.5,6,3,柴田大知,56.0,芝1800,良,**,1:46.6,0.4,**,1-1-1,36.3-33.9,34.3,494(+6),,,ルージュバック,1009.1,3,-2.3812514489446115,0.5155172413793103,0.708029197080292,-0.40286543778801687,0.43800000000000006,0.7264957264957265,0.53125,35.734375,5.625,,,
214,214,2016/06/12,3東京4,曇,11,エプソムC(G3),,18,4,7,4.3,2,4,福永祐一,56,芝1800,良,**,1:46.7,0.5,**,5-6-6,36.3-33.9,33.5,550(+4),,,ルージュバック,620.0,4,-0.6577061010442056,0.07272727272727271,0.8962962962962963,0.38297777777777814,0.19090909090909092,0.8391608391608392,0.125,34.641666666666666,3.0,,,
215,215,2016/06/12,3東京4,曇,11,エプソムC(G3),,18,6,12,25.3,7,5,石川裕紀,56.0,芝1800,良,**,1:46.8,0.6,**,5-6-6,36.3-33.9,33.6,458(-2),,,ルージュバック,410.0,5,-1.040248276203919,0.325,0.7666666666666667,0.28552000000000155,0.4124999999999999,0.7384615384615385,0.4,34.656,4.52,,,
216,216,2016/06/12,3東京4,曇,11,エプソムC(G3),,18,3,5,31.2,8,6,田中勝春,57,芝1800,良,**,1:46.8,0.6,**,16-15-15,36.3-33.9,33.0,462(0),,,ルージュバック,,6,-2.3667909445642117,0.37291666666666656,0.7077363896848138,0.776076940394077,0.5092592592592592,0.6751269035532995,0.4962962962962963,34.666666666666664,5.7407407407407405,,100.0,
217,217,2016/06/12,3東京4,曇,11,エプソムC(G3),,18,3,6,10.7,5,7,三浦皇成,56,芝1800,良,**,1:47.0,0.8,**,11-12-11,36.3-33.9,33.4,480(0),,,ルージュバック,,7,-2.3852369180562896,0.30000000000000004,0.75177304964539,1.0027000000000008,0.3966666666666666,0.7216494845360825,0.3933333333333333,34.413333333333334,4.6,,100.0,
218,218,2016/06/12,3東京4,曇,11,エプソムC(G3),,18,2,4,55.3,12,8,デュプレ,56,芝1800,良,**,1:47.1,0.9,**,14-15-15,36.3-33.9,33.3,510(-2),,,ルージュバック,,8,-2.777981207888255,0.35,0.7377892030848329,1.1923487060041413,0.43461538461538457,0.6945244956772334,0.37666666666666665,34.19333333333334,4.8,,,
219,219,2016/06/12,3東京4,曇,11,エプソムC(G3),,18,1.0,1,7.5,4,9,石橋脩,56,芝1800,良,**,1:47.1,0.9,**,5-5-4,36.3-33.9,34.1,486(-2),,,ルージュバック,,9,-3.0545505100154537,0.2714285714285714,0.75,0.46862857142857245,0.1764705882352941,0.7922705314009661,0.2210526315789474,34.52105263157894,4.052631578947368,,100.0,
220,220,2016/06/12,3東京4,曇,11,エプソムC(G3),,18,4,8,47.4,9,10,内田博幸,58,芝1800,良,**,1:47.1,0.9,**,4-4-4,36.3-33.9,34.1,470(-4),,,ルージュバック,,10,-2.588477999557084,0.3557692307692307,0.7057220708446866,1.072750000000001,0.36612903225806454,0.7009345794392523,0.3939393939393939,34.242424242424235,5.454545454545454,,100.0,
221,221,2016/06/12,3東京4,曇,11,エプソムC(G3),,18,7,15,120.4,13,11,吉田豊,56,芝1800,良,**,1:47.2,1.0,**,18-18-17,36.3-33.9,33.1,442(+2),,,ルージュバック,,11,-0.13386189541680382,0.6250000000000001,0.6527777777777778,0.3051190476190513,0.49166666666666664,0.6653386454183267,0.5739130434782609,35.33478260869565,6.086956521739131,,,
222,222,2016/06/12,3東京4,曇,11,エプソムC(G3),,18,5,9,185.1,15.0,12,藤岡佑介,54,芝1800,良,**,1:47.3,1.1,**,2-3-3,36.3-33.9,34.4,496(+12),,,ルージュバック,,12,-3.3185463230461383,0.3166666666666667,0.7170418006430869,0.5074285714285713,0.2766666666666666,0.7527593818984547,0.3529411764705882,34.85882352941176,,,,
223,223,2016/06/12,3東京4,曇,11,エプソムC(G3),,18,6,11,197.0,17,13,大野拓弥,56,芝1800,良,**,1:47.4,1.2,**,8-9-9,36.3-33.9,34.0,496(+10),,,ルージュバック,,13,-1.9491618570329208,0.3642857142857142,0.7207392197125256,0.6046422643558541,0.33372093023255806,0.7054908485856906,0.39999999999999997,34.726086956521755,5.434782608695652,,,
224,224,2016/06/12,3東京4,曇,11,エプソムC(G3),,18,5,10,204.7,18,14,津村明秀,56,芝1800,良,**,1:47.4,1.2,**,17-17-17,36.3-33.9,33.4,490(0),,,ルージュバック,,14,-3.271646938543229,0.6086956521739131,0.6864686468646864,,0.3983870967741935,0.7389162561576355,0.5323529411764705,35.14411764705883,,,100.0,
225,225,2016/06/12,3東京4,曇,11,エプソムC(G3),,18,8,17,53.0,10,15,岩田康誠,56.0,芝1800,良,**,1:47.4,1.2,**,11-12-11,36.3-33.9,33.9,460(0),,,ルージュバック,,15,-2.02336657497276,0.28,0.7150259067357513,0.5611764705882369,0.3910714285714287,0.6464379947229552,0.44838709677419364,34.85483870967741,5.838709677419355,,,
226,226,2016/06/12,3東京4,曇,11.0,エプソムC(G3),,18.0,1.0,2,159.9,14,16,蛯名正義,56,芝1800,良,**,1:47.5,1.3,**,8-8-8,36.3-33.9,34.2,476(-2),,,ルージュバック,,16,-3.4408857794032737,0.6535714285714286,0.6210526315789474,0.23956280834914795,0.5288461538461537,0.68,0.7266666666666666,35.42333333333333,5.733333333333333,,,
227,227,2016/06/12,3東京4,曇,11.0,エプソムC(G3),,18.0,7.0,14,187.1,16.0,17,柴田善臣,59.0,芝1800,良,**,1:47.6,1.4,**,2-2-2,36.3-33.9,34.8,488(0),,,ルージュバック,,17,-1.5210357863316828,0.6021739130434783,0.7169811320754716,0.5163971014492753,0.5166666666666667,0.7559055118110236,0.7757575757575758,35.275757575757574,5.484848484848484,,,
228,228,2016/06/12,3東京4,曇,11,エプソムC(G3),,18,2,3,55.0,11,18,丹内祐次,56,芝1800,良,**,1:48.2,2.0,**,11-11-11,36.3-33.9,34.6,510(+2),,,ルージュバック,,18,-1.9217572690920037,0.5725,0.5490909090909091,0.3367111111111115,0.5880952380952381,0.5273972602739726,0.5857142857142859,34.7047619047619,7.571428571428571,,,
229,229,2016/02/14,1東京6,晴,11,共同通信杯(G3),,10,4,4,22.6,6.0,1,蛯名正義,56,芝1800,稍,**,1:47.4,-0.2,**,7-8-7,35.8-35.6,34.9,476(+6),,,(イモータル),3837.1,1,-0.32768270944750433,0.05,0.9615384615384616,0.9324000000000012,0.03333333333333333,0.9487179487179487,0.03333333333333333,34.46666666666667,,,100.0,
230,230,2016/02/14,1東京6,晴,11,共同通信杯(G3),,10,8,9,14.0,5.0,2,戸崎圭太,56,芝1800,稍,**,1:47.6,0.2,**,3-3-3,35.8-35.6,35.5,520(-2),,,ディーマジェスティ,1510.6,2,0.6348011363640034,0.19999999999999998,0.7567567567567568,0.7835999999999999,0.19999999999999998,0.7567567567567568,0.06666666666666665,33.63333333333333,4.0,,,
231,231,2016/02/14,1東京6,晴,11,共同通信杯(G3),,10,6,6,6.4,3.0,3,ルメール,56,芝1800,稍,**,1:47.7,0.3,**,10-8-8,35.8-35.6,35.0,470(0),,,ディーマジェスティ,955.3,3,0.23506686478499644,0.05000000000000001,0.95,0.960933333333332,0.1125,0.9245283018867925,0.1,34.65,2.0,,,
232,232,2016/02/14,1東京6,晴,11,共同通信杯(G3),,10,2,2,9.9,4.0,4,大野拓弥,56,芝1800,稍,**,1:48.0,0.6,**,1-1-1,35.8-35.6,36.2,540(-8),,,ディーマジェスティ,570.0,4,0.6860080906010224,-0.075,0.9583333333333334,0.9483999999999995,-0.075,0.9583333333333334,-0.15,34.0,,,,
233,233,2016/02/14,1東京6,晴,11,共同通信杯(G3),,10,7,7,186.6,9.0,5,石川裕紀,54,芝1800,稍,**,1:48.5,1.1,**,5-6-8,35.8-35.6,35.8,476(0),,,ディーマジェスティ,380.0,5,0.33809145480228264,-0.05,1.0,-0.07920000000000016,-0.05,1.0,-0.1,34.3,1.0,,,
234,234,2016/02/14,1東京6,晴,11,共同通信杯(G3),,10,1,1,3.1,2.0,6,武豊,57.0,芝1800,稍,**,1:48.7,1.3,**,3-3-4,35.8-35.6,36.5,494(+12),,,ディーマジェスティ,,6,0.7502642347536654,-0.06666666666666667,0.9523809523809523,1.4702666666666697,-0.06666666666666667,0.9523809523809523,-0.16666666666666666,33.233333333333334,1.3333333333333333,,,
235,235,2016/02/14,1東京6,晴,11,共同通信杯(G3),,10,7,8,48.7,7.0,7,柴山雄一,56,芝1800,稍,**,1:48.8,1.4,**,9-10-10,35.8-35.6,36.0,468(-2),,,ディーマジェスティ,,7,0.8350668647850077,0.05000000000000001,0.9411764705882353,0.5779999999999994,0.05000000000000001,0.9411764705882353,0.03333333333333333,34.36666666666667,1.6666666666666667,,100.0,
236,236,2016/02/14,1東京6,晴,11,共同通信杯(G3),,10,3,3,97.8,8.0,8,柴田善臣,56,芝1800,稍,**,1:48.9,1.5,**,5-5-5,35.8-35.6,36.5,516(-8),,,ディーマジェスティ,,8,0.07699485888449703,0.06666666666666667,0.9361702127659575,-0.6038666666666662,0.06666666666666667,0.9361702127659575,0.03333333333333333,35.266666666666666,2.0,,,
237,237,2016/02/14,1東京6,晴,11,共同通信杯(G3),,10,8,10,1.9,1.0,9,横山典弘,57,芝1800,稍,**,1:48.9,1.5,**,7-6-5,35.8-35.6,36.5,486(+2),,,ディーマジェスティ,,9,-1.385427408412298,-0.1,1.0,1.4268,-0.1,1.0,-0.2,34.05,1.0,,100.0,
238,238,2016/02/14,1東京6,晴,11,共同通信杯(G3),,10,5,5,247.3,10.0,10,三浦皇成,56,芝1800,稍,**,1:52.2,4.8,**,2-2-2,35.8-35.6,40.3,446(-10),,,ディーマジェスティ,,10,-0.981077147016006,0.225,0.7931034482758621,0.43840000000000146,0.225,0.7666666666666667,0.2,34.5,4.0,,,
